response_id,student_id,assessment_id,question_id,student_answer,is_correct,error_type,created_at
R000001,Student_001,ASM001,Q0032,varies,True,,2025-08-05T00:00:00
R000002,Student_001,ASM001,Q0067,varies,True,,2025-08-05T00:00:00
R000003,Student_001,ASM001,Q0113,varies,True,,2025-08-05T00:00:00
R000004,Student_001,ASM001,Q0121,varies,True,,2025-08-05T00:00:00
R000005,Student_001,ASM001,Q0082,incorrect_sign_error,False,sign_error,2025-08-05T00:00:00
R000006,Student_001,ASM001,Q0154,varies,True,,2025-08-05T00:00:00
R000007,Student_001,ASM001,Q0036,varies,True,,2025-08-05T00:00:00
R000008,Student_001,ASM001,Q0103,incorrect_sign_error,False,sign_error,2025-08-05T00:00:00
R000009,Student_001,ASM001,Q0100,varies,True,,2025-08-05T00:00:00
R000010,Student_001,ASM001,Q0099,varies,True,,2025-08-05T00:00:00
R000011,Student_001,ASM001,Q0125,varies,True,,2025-08-05T00:00:00
R000012,Student_001,ASM001,Q0017,varies,True,,2025-08-05T00:00:00
R000013,Student_001,ASM001,Q0074,varies,True,,2025-08-05T00:00:00
R000014,Student_001,ASM001,Q0160,varies,True,,2025-08-05T00:00:00
R000015,Student_001,ASM001,Q0133,varies,True,,2025-08-05T00:00:00
R000016,Student_001,ASM001,Q0068,varies,True,,2025-08-05T00:00:00
R000017,Student_001,ASM001,Q0120,varies,True,,2025-08-05T00:00:00
R000018,Student_001,ASM001,Q0041,varies,True,,2025-08-05T00:00:00
R000019,Student_001,ASM001,Q0005,varies,True,,2025-08-05T00:00:00
R000020,Student_001,ASM001,Q0048,varies,True,,2025-08-05T00:00:00
R000021,Student_002,ASM001,Q0032,varies,True,,2025-08-05T00:00:00
R000022,Student_002,ASM001,Q0067,varies,True,,2025-08-05T00:00:00
R000023,Student_002,ASM001,Q0113,varies,True,,2025-08-05T00:00:00
R000024,Student_002,ASM001,Q0121,incorrect_careless,False,careless,2025-08-05T00:00:00
R000025,Student_002,ASM001,Q0082,varies,True,,2025-08-05T00:00:00
R000026,Student_002,ASM001,Q0154,incorrect_arithmetic,False,arithmetic,2025-08-05T00:00:00
R000027,Student_002,ASM001,Q0036,incorrect_simplification,False,simplification,2025-08-05T00:00:00
R000028,Student_002,ASM001,Q0103,varies,True,,2025-08-05T00:00:00
R000029,Student_002,ASM001,Q0100,varies,True,,2025-08-05T00:00:00
R000030,Student_002,ASM001,Q0099,varies,True,,2025-08-05T00:00:00
R000031,Student_002,ASM001,Q0125,varies,True,,2025-08-05T00:00:00
R000032,Student_002,ASM001,Q0017,incorrect_denominator_handling,False,denominator_handling,2025-08-05T00:00:00
R000033,Student_002,ASM001,Q0074,varies,True,,2025-08-05T00:00:00
R000034,Student_002,ASM001,Q0160,incorrect_arithmetic,False,arithmetic,2025-08-05T00:00:00
R000035,Student_002,ASM001,Q0133,incorrect_careless,False,careless,2025-08-05T00:00:00
R000036,Student_002,ASM001,Q0068,incorrect_arithmetic,False,arithmetic,2025-08-05T00:00:00
R000037,Student_002,ASM001,Q0120,varies,True,,2025-08-05T00:00:00
R000038,Student_002,ASM001,Q0041,varies,True,,2025-08-05T00:00:00
R000039,Student_002,ASM001,Q0005,varies,True,,2025-08-05T00:00:00
R000040,Student_002,ASM001,Q0048,varies,True,,2025-08-05T00:00:00
R000041,Student_003,ASM001,Q0032,varies,True,,2025-08-05T00:00:00
R000042,Student_003,ASM001,Q0067,varies,True,,2025-08-05T00:00:00
R000043,Student_003,ASM001,Q0113,varies,True,,2025-08-05T00:00:00
R000044,Student_003,ASM001,Q0121,varies,True,,2025-08-05T00:00:00
R000045,Student_003,ASM001,Q0082,varies,True,,2025-08-05T00:00:00
R000046,Student_003,ASM001,Q0154,varies,True,,2025-08-05T00:00:00
R000047,Student_003,ASM001,Q0036,incorrect_simplification,False,simplification,2025-08-05T00:00:00
R000048,Student_003,ASM001,Q0103,incorrect_sign_error,False,sign_error,2025-08-05T00:00:00
R000049,Student_003,ASM001,Q0100,incorrect_sign_error,False,sign_error,2025-08-05T00:00:00
R000050,Student_003,ASM001,Q0099,varies,True,,2025-08-05T00:00:00
R000051,Student_003,ASM001,Q0125,varies,True,,2025-08-05T00:00:00
R000052,Student_003,ASM001,Q0017,incorrect_denominator_handling,False,denominator_handling,2025-08-05T00:00:00
R000053,Student_003,ASM001,Q0074,incorrect_conceptual,False,conceptual,2025-08-05T00:00:00
R000054,Student_003,ASM001,Q0160,incorrect_careless,False,careless,2025-08-05T00:00:00
R000055,Student_003,ASM001,Q0133,varies,True,,2025-08-05T00:00:00
R000056,Student_003,ASM001,Q0068,incorrect_decimal_placement,False,decimal_placement,2025-08-05T00:00:00
R000057,Student_003,ASM001,Q0120,varies,True,,2025-08-05T00:00:00
R000058,Student_003,ASM001,Q0041,varies,True,,2025-08-05T00:00:00
R000059,Student_003,ASM001,Q0005,varies,True,,2025-08-05T00:00:00
R000060,Student_003,ASM001,Q0048,varies,True,,2025-08-05T00:00:00
R000061,Student_004,ASM001,Q0032,incorrect_denominator_handling,False,denominator_handling,2025-08-05T00:00:00
R000062,Student_004,ASM001,Q0067,incorrect_conceptual,False,conceptual,2025-08-05T00:00:00
R000063,Student_004,ASM001,Q0113,varies,True,,2025-08-05T00:00:00
R000064,Student_004,ASM001,Q0121,incorrect_conceptual,False,conceptual,2025-08-05T00:00:00
R000065,Student_004,ASM001,Q0082,incorrect_conceptual,False,conceptual,2025-08-05T00:00:00
R000066,Student_004,ASM001,Q0154,varies,True,,2025-08-05T00:00:00
R000067,Student_004,ASM001,Q0036,varies,True,,2025-08-05T00:00:00
R000068,Student_004,ASM001,Q0103,varies,True,,2025-08-05T00:00:00
R000069,Student_004,ASM001,Q0100,incorrect_sign_error,False,sign_error,2025-08-05T00:00:00
R000070,Student_004,ASM001,Q0099,varies,True,,2025-08-05T00:00:00
R000071,Student_004,ASM001,Q0125,varies,True,,2025-08-05T00:00:00
R000072,Student_004,ASM001,Q0017,varies,True,,2025-08-05T00:00:00
R000073,Student_004,ASM001,Q0074,varies,True,,2025-08-05T00:00:00
R000074,Student_004,ASM001,Q0160,varies,True,,2025-08-05T00:00:00
R000075,Student_004,ASM001,Q0133,varies,True,,2025-08-05T00:00:00
R000076,Student_004,ASM001,Q0068,incorrect_decimal_placement,False,decimal_placement,2025-08-05T00:00:00
R000077,Student_004,ASM001,Q0120,incorrect_conceptual,False,conceptual,2025-08-05T00:00:00
R000078,Student_004,ASM001,Q0041,varies,True,,2025-08-05T00:00:00
R000079,Student_004,ASM001,Q0005,incorrect_denominator_handling,False,denominator_handling,2025-08-05T00:00:00
R000080,Student_004,ASM001,Q0048,varies,True,,2025-08-05T00:00:00
R000081,Student_005,ASM001,Q0032,varies,True,,2025-08-05T00:00:00
R000082,Student_005,ASM001,Q0067,varies,True,,2025-08-05T00:00:00
R000083,Student_005,ASM001,Q0113,varies,True,,2025-08-05T00:00:00
R000084,Student_005,ASM001,Q0121,varies,True,,2025-08-05T00:00:00
R000085,Student_005,ASM001,Q0082,varies,True,,2025-08-05T00:00:00
R000086,Student_005,ASM001,Q0154,varies,True,,2025-08-05T00:00:00
R000087,Student_005,ASM001,Q0036,varies,True,,2025-08-05T00:00:00
R000088,Student_005,ASM001,Q0103,varies,True,,2025-08-05T00:00:00
R000089,Student_005,ASM001,Q0100,varies,True,,2025-08-05T00:00:00
R000090,Student_005,ASM001,Q0099,varies,True,,2025-08-05T00:00:00
R000091,Student_005,ASM001,Q0125,varies,True,,2025-08-05T00:00:00
R000092,Student_005,ASM001,Q0017,varies,True,,2025-08-05T00:00:00
R000093,Student_005,ASM001,Q0074,varies,True,,2025-08-05T00:00:00
R000094,Student_005,ASM001,Q0160,varies,True,,2025-08-05T00:00:00
R000095,Student_005,ASM001,Q0133,varies,True,,2025-08-05T00:00:00
R000096,Student_005,ASM001,Q0068,varies,True,,2025-08-05T00:00:00
R000097,Student_005,ASM001,Q0120,varies,True,,2025-08-05T00:00:00
R000098,Student_005,ASM001,Q0041,varies,True,,2025-08-05T00:00:00
R000099,Student_005,ASM001,Q0005,varies,True,,2025-08-05T00:00:00
R000100,Student_005,ASM001,Q0048,varies,True,,2025-08-05T00:00:00
R000101,Student_006,ASM001,Q0032,incorrect_careless,False,careless,2025-08-05T00:00:00
R000102,Student_006,ASM001,Q0067,incorrect_arithmetic,False,arithmetic,2025-08-05T00:00:00
R000103,Student_006,ASM001,Q0113,varies,True,,2025-08-05T00:00:00
R000104,Student_006,ASM001,Q0121,varies,True,,2025-08-05T00:00:00
R000105,Student_006,ASM001,Q0082,incorrect_conceptual,False,conceptual,2025-08-05T00:00:00
R000106,Student_006,ASM001,Q0154,varies,True,,2025-08-05T00:00:00
R000107,Student_006,ASM001,Q0036,incorrect_denominator_handling,False,denominator_handling,2025-08-05T00:00:00
R000108,Student_006,ASM001,Q0103,varies,True,,2025-08-05T00:00:00
R000109,Student_006,ASM001,Q0100,incorrect_sign_error,False,sign_error,2025-08-05T00:00:00
R000110,Student_006,ASM001,Q0099,varies,True,,2025-08-05T00:00:00
R000111,Student_006,ASM001,Q0125,varies,True,,2025-08-05T00:00:00
R000112,Student_006,ASM001,Q0017,varies,True,,2025-08-05T00:00:00
R000113,Student_006,ASM001,Q0074,varies,True,,2025-08-05T00:00:00
R000114,Student_006,ASM001,Q0160,varies,True,,2025-08-05T00:00:00
R000115,Student_006,ASM001,Q0133,varies,True,,2025-08-05T00:00:00
R000116,Student_006,ASM001,Q0068,varies,True,,2025-08-05T00:00:00
R000117,Student_006,ASM001,Q0120,varies,True,,2025-08-05T00:00:00
R000118,Student_006,ASM001,Q0041,incorrect_denominator_handling,False,denominator_handling,2025-08-05T00:00:00
R000119,Student_006,ASM001,Q0005,incorrect_simplification,False,simplification,2025-08-05T00:00:00
R000120,Student_006,ASM001,Q0048,varies,True,,2025-08-05T00:00:00
R000121,Student_007,ASM001,Q0032,varies,True,,2025-08-05T00:00:00
R000122,Student_007,ASM001,Q0067,varies,True,,2025-08-05T00:00:00
R000123,Student_007,ASM001,Q0113,incorrect_conceptual,False,conceptual,2025-08-05T00:00:00
R000124,Student_007,ASM001,Q0121,varies,True,,2025-08-05T00:00:00
R000125,Student_007,ASM001,Q0082,varies,True,,2025-08-05T00:00:00
R000126,Student_007,ASM001,Q0154,varies,True,,2025-08-05T00:00:00
R000127,Student_007,ASM001,Q0036,varies,True,,2025-08-05T00:00:00
R000128,Student_007,ASM001,Q0103,varies,True,,2025-08-05T00:00:00
R000129,Student_007,ASM001,Q0100,varies,True,,2025-08-05T00:00:00
R000130,Student_007,ASM001,Q0099,varies,True,,2025-08-05T00:00:00
R000131,Student_007,ASM001,Q0125,varies,True,,2025-08-05T00:00:00
R000132,Student_007,ASM001,Q0017,varies,True,,2025-08-05T00:00:00
R000133,Student_007,ASM001,Q0074,varies,True,,2025-08-05T00:00:00
R000134,Student_007,ASM001,Q0160,varies,True,,2025-08-05T00:00:00
R000135,Student_007,ASM001,Q0133,varies,True,,2025-08-05T00:00:00
R000136,Student_007,ASM001,Q0068,varies,True,,2025-08-05T00:00:00
R000137,Student_007,ASM001,Q0120,varies,True,,2025-08-05T00:00:00
R000138,Student_007,ASM001,Q0041,varies,True,,2025-08-05T00:00:00
R000139,Student_007,ASM001,Q0005,varies,True,,2025-08-05T00:00:00
R000140,Student_007,ASM001,Q0048,varies,True,,2025-08-05T00:00:00
R000141,Student_008,ASM001,Q0032,varies,True,,2025-08-05T00:00:00
R000142,Student_008,ASM001,Q0067,varies,True,,2025-08-05T00:00:00
R000143,Student_008,ASM001,Q0113,varies,True,,2025-08-05T00:00:00
R000144,Student_008,ASM001,Q0121,varies,True,,2025-08-05T00:00:00
R000145,Student_008,ASM001,Q0082,varies,True,,2025-08-05T00:00:00
R000146,Student_008,ASM001,Q0154,varies,True,,2025-08-05T00:00:00
R000147,Student_008,ASM001,Q0036,incorrect_arithmetic,False,arithmetic,2025-08-05T00:00:00
R000148,Student_008,ASM001,Q0103,varies,True,,2025-08-05T00:00:00
R000149,Student_008,ASM001,Q0100,incorrect_sign_error,False,sign_error,2025-08-05T00:00:00
R000150,Student_008,ASM001,Q0099,varies,True,,2025-08-05T00:00:00
R000151,Student_008,ASM001,Q0125,varies,True,,2025-08-05T00:00:00
R000152,Student_008,ASM001,Q0017,incorrect_arithmetic,False,arithmetic,2025-08-05T00:00:00
R000153,Student_008,ASM001,Q0074,varies,True,,2025-08-05T00:00:00
R000154,Student_008,ASM001,Q0160,varies,True,,2025-08-05T00:00:00
R000155,Student_008,ASM001,Q0133,varies,True,,2025-08-05T00:00:00
R000156,Student_008,ASM001,Q0068,incorrect_decimal_placement,False,decimal_placement,2025-08-05T00:00:00
R000157,Student_008,ASM001,Q0120,varies,True,,2025-08-05T00:00:00
R000158,Student_008,ASM001,Q0041,varies,True,,2025-08-05T00:00:00
R000159,Student_008,ASM001,Q0005,varies,True,,2025-08-05T00:00:00
R000160,Student_008,ASM001,Q0048,varies,True,,2025-08-05T00:00:00
R000161,Student_009,ASM001,Q0032,varies,True,,2025-08-05T00:00:00
R000162,Student_009,ASM001,Q0067,varies,True,,2025-08-05T00:00:00
R000163,Student_009,ASM001,Q0113,varies,True,,2025-08-05T00:00:00
R000164,Student_009,ASM001,Q0121,varies,True,,2025-08-05T00:00:00
R000165,Student_009,ASM001,Q0082,varies,True,,2025-08-05T00:00:00
R000166,Student_009,ASM001,Q0154,varies,True,,2025-08-05T00:00:00
R000167,Student_009,ASM001,Q0036,varies,True,,2025-08-05T00:00:00
R000168,Student_009,ASM001,Q0103,varies,True,,2025-08-05T00:00:00
R000169,Student_009,ASM001,Q0100,varies,True,,2025-08-05T00:00:00
R000170,Student_009,ASM001,Q0099,incorrect_sign_error,False,sign_error,2025-08-05T00:00:00
R000171,Student_009,ASM001,Q0125,varies,True,,2025-08-05T00:00:00
R000172,Student_009,ASM001,Q0017,incorrect_arithmetic,False,arithmetic,2025-08-05T00:00:00
R000173,Student_009,ASM001,Q0074,incorrect_decimal_placement,False,decimal_placement,2025-08-05T00:00:00
R000174,Student_009,ASM001,Q0160,varies,True,,2025-08-05T00:00:00
R000175,Student_009,ASM001,Q0133,varies,True,,2025-08-05T00:00:00
R000176,Student_009,ASM001,Q0068,incorrect_arithmetic,False,arithmetic,2025-08-05T00:00:00
R000177,Student_009,ASM001,Q0120,varies,True,,2025-08-05T00:00:00
R000178,Student_009,ASM001,Q0041,varies,True,,2025-08-05T00:00:00
R000179,Student_009,ASM001,Q0005,varies,True,,2025-08-05T00:00:00
R000180,Student_009,ASM001,Q0048,varies,True,,2025-08-05T00:00:00
R000181,Student_010,ASM001,Q0032,varies,True,,2025-08-05T00:00:00
R000182,Student_010,ASM001,Q0067,incorrect_arithmetic,False,arithmetic,2025-08-05T00:00:00
R000183,Student_010,ASM001,Q0113,varies,True,,2025-08-05T00:00:00
R000184,Student_010,ASM001,Q0121,varies,True,,2025-08-05T00:00:00
R000185,Student_010,ASM001,Q0082,varies,True,,2025-08-05T00:00:00
R000186,Student_010,ASM001,Q0154,varies,True,,2025-08-05T00:00:00
R000187,Student_010,ASM001,Q0036,incorrect_arithmetic,False,arithmetic,2025-08-05T00:00:00
R000188,Student_010,ASM001,Q0103,varies,True,,2025-08-05T00:00:00
R000189,Student_010,ASM001,Q0100,varies,True,,2025-08-05T00:00:00
R000190,Student_010,ASM001,Q0099,incorrect_formula_selection,False,formula_selection,2025-08-05T00:00:00
R000191,Student_010,ASM001,Q0125,varies,True,,2025-08-05T00:00:00
R000192,Student_010,ASM001,Q0017,varies,True,,2025-08-05T00:00:00
R000193,Student_010,ASM001,Q0074,incorrect_conceptual,False,conceptual,2025-08-05T00:00:00
R000194,Student_010,ASM001,Q0160,varies,True,,2025-08-05T00:00:00
R000195,Student_010,ASM001,Q0133,varies,True,,2025-08-05T00:00:00
R000196,Student_010,ASM001,Q0068,varies,True,,2025-08-05T00:00:00
R000197,Student_010,ASM001,Q0120,varies,True,,2025-08-05T00:00:00
R000198,Student_010,ASM001,Q0041,varies,True,,2025-08-05T00:00:00
R000199,Student_010,ASM001,Q0005,incorrect_denominator_handling,False,denominator_handling,2025-08-05T00:00:00
R000200,Student_010,ASM001,Q0048,varies,True,,2025-08-05T00:00:00
R000201,Student_011,ASM001,Q0032,varies,True,,2025-08-05T00:00:00
R000202,Student_011,ASM001,Q0067,varies,True,,2025-08-05T00:00:00
R000203,Student_011,ASM001,Q0113,varies,True,,2025-08-05T00:00:00
R000204,Student_011,ASM001,Q0121,varies,True,,2025-08-05T00:00:00
R000205,Student_011,ASM001,Q0082,varies,True,,2025-08-05T00:00:00
R000206,Student_011,ASM001,Q0154,varies,True,,2025-08-05T00:00:00
R000207,Student_011,ASM001,Q0036,varies,True,,2025-08-05T00:00:00
R000208,Student_011,ASM001,Q0103,varies,True,,2025-08-05T00:00:00
R000209,Student_011,ASM001,Q0100,varies,True,,2025-08-05T00:00:00
R000210,Student_011,ASM001,Q0099,varies,True,,2025-08-05T00:00:00
R000211,Student_011,ASM001,Q0125,varies,True,,2025-08-05T00:00:00
R000212,Student_011,ASM001,Q0017,varies,True,,2025-08-05T00:00:00
R000213,Student_011,ASM001,Q0074,varies,True,,2025-08-05T00:00:00
R000214,Student_011,ASM001,Q0160,varies,True,,2025-08-05T00:00:00
R000215,Student_011,ASM001,Q0133,varies,True,,2025-08-05T00:00:00
R000216,Student_011,ASM001,Q0068,varies,True,,2025-08-05T00:00:00
R000217,Student_011,ASM001,Q0120,varies,True,,2025-08-05T00:00:00
R000218,Student_011,ASM001,Q0041,varies,True,,2025-08-05T00:00:00
R000219,Student_011,ASM001,Q0005,varies,True,,2025-08-05T00:00:00
R000220,Student_011,ASM001,Q0048,varies,True,,2025-08-05T00:00:00
R000221,Student_012,ASM001,Q0032,incorrect_simplification,False,simplification,2025-08-05T00:00:00
R000222,Student_012,ASM001,Q0067,varies,True,,2025-08-05T00:00:00
R000223,Student_012,ASM001,Q0113,varies,True,,2025-08-05T00:00:00
R000224,Student_012,ASM001,Q0121,varies,True,,2025-08-05T00:00:00
R000225,Student_012,ASM001,Q0082,varies,True,,2025-08-05T00:00:00
R000226,Student_012,ASM001,Q0154,varies,True,,2025-08-05T00:00:00
R000227,Student_012,ASM001,Q0036,varies,True,,2025-08-05T00:00:00
R000228,Student_012,ASM001,Q0103,varies,True,,2025-08-05T00:00:00
R000229,Student_012,ASM001,Q0100,varies,True,,2025-08-05T00:00:00
R000230,Student_012,ASM001,Q0099,varies,True,,2025-08-05T00:00:00
R000231,Student_012,ASM001,Q0125,varies,True,,2025-08-05T00:00:00
R000232,Student_012,ASM001,Q0017,incorrect_simplification,False,simplification,2025-08-05T00:00:00
R000233,Student_012,ASM001,Q0074,varies,True,,2025-08-05T00:00:00
R000234,Student_012,ASM001,Q0160,varies,True,,2025-08-05T00:00:00
R000235,Student_012,ASM001,Q0133,varies,True,,2025-08-05T00:00:00
R000236,Student_012,ASM001,Q0068,varies,True,,2025-08-05T00:00:00
R000237,Student_012,ASM001,Q0120,varies,True,,2025-08-05T00:00:00
R000238,Student_012,ASM001,Q0041,varies,True,,2025-08-05T00:00:00
R000239,Student_012,ASM001,Q0005,varies,True,,2025-08-05T00:00:00
R000240,Student_012,ASM001,Q0048,varies,True,,2025-08-05T00:00:00
R000241,Student_013,ASM001,Q0032,incorrect_denominator_handling,False,denominator_handling,2025-08-05T00:00:00
R000242,Student_013,ASM001,Q0067,varies,True,,2025-08-05T00:00:00
R000243,Student_013,ASM001,Q0113,varies,True,,2025-08-05T00:00:00
R000244,Student_013,ASM001,Q0121,varies,True,,2025-08-05T00:00:00
R000245,Student_013,ASM001,Q0082,incorrect_careless,False,careless,2025-08-05T00:00:00
R000246,Student_013,ASM001,Q0154,varies,True,,2025-08-05T00:00:00
R000247,Student_013,ASM001,Q0036,varies,True,,2025-08-05T00:00:00
R000248,Student_013,ASM001,Q0103,varies,True,,2025-08-05T00:00:00
R000249,Student_013,ASM001,Q0100,varies,True,,2025-08-05T00:00:00
R000250,Student_013,ASM001,Q0099,incorrect_formula_selection,False,formula_selection,2025-08-05T00:00:00
R000251,Student_013,ASM001,Q0125,varies,True,,2025-08-05T00:00:00
R000252,Student_013,ASM001,Q0017,varies,True,,2025-08-05T00:00:00
R000253,Student_013,ASM001,Q0074,varies,True,,2025-08-05T00:00:00
R000254,Student_013,ASM001,Q0160,varies,True,,2025-08-05T00:00:00
R000255,Student_013,ASM001,Q0133,varies,True,,2025-08-05T00:00:00
R000256,Student_013,ASM001,Q0068,incorrect_decimal_placement,False,decimal_placement,2025-08-05T00:00:00
R000257,Student_013,ASM001,Q0120,varies,True,,2025-08-05T00:00:00
R000258,Student_013,ASM001,Q0041,varies,True,,2025-08-05T00:00:00
R000259,Student_013,ASM001,Q0005,varies,True,,2025-08-05T00:00:00
R000260,Student_013,ASM001,Q0048,varies,True,,2025-08-05T00:00:00
R000261,Student_014,ASM001,Q0032,incorrect_denominator_handling,False,denominator_handling,2025-08-05T00:00:00
R000262,Student_014,ASM001,Q0067,varies,True,,2025-08-05T00:00:00
R000263,Student_014,ASM001,Q0113,varies,True,,2025-08-05T00:00:00
R000264,Student_014,ASM001,Q0121,varies,True,,2025-08-05T00:00:00
R000265,Student_014,ASM001,Q0082,varies,True,,2025-08-05T00:00:00
R000266,Student_014,ASM001,Q0154,varies,True,,2025-08-05T00:00:00
R000267,Student_014,ASM001,Q0036,varies,True,,2025-08-05T00:00:00
R000268,Student_014,ASM001,Q0103,varies,True,,2025-08-05T00:00:00
R000269,Student_014,ASM001,Q0100,varies,True,,2025-08-05T00:00:00
R000270,Student_014,ASM001,Q0099,varies,True,,2025-08-05T00:00:00
R000271,Student_014,ASM001,Q0125,varies,True,,2025-08-05T00:00:00
R000272,Student_014,ASM001,Q0017,incorrect_simplification,False,simplification,2025-08-05T00:00:00
R000273,Student_014,ASM001,Q0074,varies,True,,2025-08-05T00:00:00
R000274,Student_014,ASM001,Q0160,incorrect_unit_conversion,False,unit_conversion,2025-08-05T00:00:00
R000275,Student_014,ASM001,Q0133,incorrect_conceptual,False,conceptual,2025-08-05T00:00:00
R000276,Student_014,ASM001,Q0068,varies,True,,2025-08-05T00:00:00
R000277,Student_014,ASM001,Q0120,varies,True,,2025-08-05T00:00:00
R000278,Student_014,ASM001,Q0041,varies,True,,2025-08-05T00:00:00
R000279,Student_014,ASM001,Q0005,incorrect_denominator_handling,False,denominator_handling,2025-08-05T00:00:00
R000280,Student_014,ASM001,Q0048,varies,True,,2025-08-05T00:00:00
R000281,Student_015,ASM001,Q0032,incorrect_arithmetic,False,arithmetic,2025-08-05T00:00:00
R000282,Student_015,ASM001,Q0067,varies,True,,2025-08-05T00:00:00
R000283,Student_015,ASM001,Q0113,varies,True,,2025-08-05T00:00:00
R000284,Student_015,ASM001,Q0121,varies,True,,2025-08-05T00:00:00
R000285,Student_015,ASM001,Q0082,incorrect_conceptual,False,conceptual,2025-08-05T00:00:00
R000286,Student_015,ASM001,Q0154,varies,True,,2025-08-05T00:00:00
R000287,Student_015,ASM001,Q0036,varies,True,,2025-08-05T00:00:00
R000288,Student_015,ASM001,Q0103,varies,True,,2025-08-05T00:00:00
R000289,Student_015,ASM001,Q0100,varies,True,,2025-08-05T00:00:00
R000290,Student_015,ASM001,Q0099,incorrect_sign_error,False,sign_error,2025-08-05T00:00:00
R000291,Student_015,ASM001,Q0125,varies,True,,2025-08-05T00:00:00
R000292,Student_015,ASM001,Q0017,incorrect_denominator_handling,False,denominator_handling,2025-08-05T00:00:00
R000293,Student_015,ASM001,Q0074,varies,True,,2025-08-05T00:00:00
R000294,Student_015,ASM001,Q0160,varies,True,,2025-08-05T00:00:00
R000295,Student_015,ASM001,Q0133,varies,True,,2025-08-05T00:00:00
R000296,Student_015,ASM001,Q0068,varies,True,,2025-08-05T00:00:00
R000297,Student_015,ASM001,Q0120,varies,True,,2025-08-05T00:00:00
R000298,Student_015,ASM001,Q0041,varies,True,,2025-08-05T00:00:00
R000299,Student_015,ASM001,Q0005,varies,True,,2025-08-05T00:00:00
R000300,Student_015,ASM001,Q0048,varies,True,,2025-08-05T00:00:00
R000301,Student_016,ASM001,Q0032,varies,True,,2025-08-05T00:00:00
R000302,Student_016,ASM001,Q0067,varies,True,,2025-08-05T00:00:00
R000303,Student_016,ASM001,Q0113,incorrect_conceptual,False,conceptual,2025-08-05T00:00:00
R000304,Student_016,ASM001,Q0121,incorrect_conceptual,False,conceptual,2025-08-05T00:00:00
R000305,Student_016,ASM001,Q0082,incorrect_careless,False,careless,2025-08-05T00:00:00
R000306,Student_016,ASM001,Q0154,incorrect_unit_conversion,False,unit_conversion,2025-08-05T00:00:00
R000307,Student_016,ASM001,Q0036,varies,True,,2025-08-05T00:00:00
R000308,Student_016,ASM001,Q0103,incorrect_careless,False,careless,2025-08-05T00:00:00
R000309,Student_016,ASM001,Q0100,incorrect_sign_error,False,sign_error,2025-08-05T00:00:00
R000310,Student_016,ASM001,Q0099,varies,True,,2025-08-05T00:00:00
R000311,Student_016,ASM001,Q0125,varies,True,,2025-08-05T00:00:00
R000312,Student_016,ASM001,Q0017,varies,True,,2025-08-05T00:00:00
R000313,Student_016,ASM001,Q0074,varies,True,,2025-08-05T00:00:00
R000314,Student_016,ASM001,Q0160,varies,True,,2025-08-05T00:00:00
R000315,Student_016,ASM001,Q0133,varies,True,,2025-08-05T00:00:00
R000316,Student_016,ASM001,Q0068,incorrect_arithmetic,False,arithmetic,2025-08-05T00:00:00
R000317,Student_016,ASM001,Q0120,varies,True,,2025-08-05T00:00:00
R000318,Student_016,ASM001,Q0041,varies,True,,2025-08-05T00:00:00
R000319,Student_016,ASM001,Q0005,varies,True,,2025-08-05T00:00:00
R000320,Student_016,ASM001,Q0048,varies,True,,2025-08-05T00:00:00
R000321,Student_017,ASM001,Q0032,varies,True,,2025-08-05T00:00:00
R000322,Student_017,ASM001,Q0067,varies,True,,2025-08-05T00:00:00
R000323,Student_017,ASM001,Q0113,varies,True,,2025-08-05T00:00:00
R000324,Student_017,ASM001,Q0121,varies,True,,2025-08-05T00:00:00
R000325,Student_017,ASM001,Q0082,varies,True,,2025-08-05T00:00:00
R000326,Student_017,ASM001,Q0154,varies,True,,2025-08-05T00:00:00
R000327,Student_017,ASM001,Q0036,varies,True,,2025-08-05T00:00:00
R000328,Student_017,ASM001,Q0103,varies,True,,2025-08-05T00:00:00
R000329,Student_017,ASM001,Q0100,varies,True,,2025-08-05T00:00:00
R000330,Student_017,ASM001,Q0099,varies,True,,2025-08-05T00:00:00
R000331,Student_017,ASM001,Q0125,varies,True,,2025-08-05T00:00:00
R000332,Student_017,ASM001,Q0017,varies,True,,2025-08-05T00:00:00
R000333,Student_017,ASM001,Q0074,varies,True,,2025-08-05T00:00:00
R000334,Student_017,ASM001,Q0160,varies,True,,2025-08-05T00:00:00
R000335,Student_017,ASM001,Q0133,incorrect_careless,False,careless,2025-08-05T00:00:00
R000336,Student_017,ASM001,Q0068,varies,True,,2025-08-05T00:00:00
R000337,Student_017,ASM001,Q0120,varies,True,,2025-08-05T00:00:00
R000338,Student_017,ASM001,Q0041,varies,True,,2025-08-05T00:00:00
R000339,Student_017,ASM001,Q0005,varies,True,,2025-08-05T00:00:00
R000340,Student_017,ASM001,Q0048,varies,True,,2025-08-05T00:00:00
R000341,Student_018,ASM001,Q0032,varies,True,,2025-08-05T00:00:00
R000342,Student_018,ASM001,Q0067,varies,True,,2025-08-05T00:00:00
R000343,Student_018,ASM001,Q0113,varies,True,,2025-08-05T00:00:00
R000344,Student_018,ASM001,Q0121,varies,True,,2025-08-05T00:00:00
R000345,Student_018,ASM001,Q0082,varies,True,,2025-08-05T00:00:00
R000346,Student_018,ASM001,Q0154,varies,True,,2025-08-05T00:00:00
R000347,Student_018,ASM001,Q0036,varies,True,,2025-08-05T00:00:00
R000348,Student_018,ASM001,Q0103,varies,True,,2025-08-05T00:00:00
R000349,Student_018,ASM001,Q0100,incorrect_formula_selection,False,formula_selection,2025-08-05T00:00:00
R000350,Student_018,ASM001,Q0099,incorrect_formula_selection,False,formula_selection,2025-08-05T00:00:00
R000351,Student_018,ASM001,Q0125,varies,True,,2025-08-05T00:00:00
R000352,Student_018,ASM001,Q0017,varies,True,,2025-08-05T00:00:00
R000353,Student_018,ASM001,Q0074,varies,True,,2025-08-05T00:00:00
R000354,Student_018,ASM001,Q0160,varies,True,,2025-08-05T00:00:00
R000355,Student_018,ASM001,Q0133,varies,True,,2025-08-05T00:00:00
R000356,Student_018,ASM001,Q0068,varies,True,,2025-08-05T00:00:00
R000357,Student_018,ASM001,Q0120,varies,True,,2025-08-05T00:00:00
R000358,Student_018,ASM001,Q0041,incorrect_denominator_handling,False,denominator_handling,2025-08-05T00:00:00
R000359,Student_018,ASM001,Q0005,incorrect_denominator_handling,False,denominator_handling,2025-08-05T00:00:00
R000360,Student_018,ASM001,Q0048,varies,True,,2025-08-05T00:00:00
R000361,Student_019,ASM001,Q0032,incorrect_denominator_handling,False,denominator_handling,2025-08-05T00:00:00
R000362,Student_019,ASM001,Q0067,varies,True,,2025-08-05T00:00:00
R000363,Student_019,ASM001,Q0113,varies,True,,2025-08-05T00:00:00
R000364,Student_019,ASM001,Q0121,varies,True,,2025-08-05T00:00:00
R000365,Student_019,ASM001,Q0082,varies,True,,2025-08-05T00:00:00
R000366,Student_019,ASM001,Q0154,varies,True,,2025-08-05T00:00:00
R000367,Student_019,ASM001,Q0036,varies,True,,2025-08-05T00:00:00
R000368,Student_019,ASM001,Q0103,varies,True,,2025-08-05T00:00:00
R000369,Student_019,ASM001,Q0100,incorrect_sign_error,False,sign_error,2025-08-05T00:00:00
R000370,Student_019,ASM001,Q0099,incorrect_sign_error,False,sign_error,2025-08-05T00:00:00
R000371,Student_019,ASM001,Q0125,varies,True,,2025-08-05T00:00:00
R000372,Student_019,ASM001,Q0017,varies,True,,2025-08-05T00:00:00
R000373,Student_019,ASM001,Q0074,varies,True,,2025-08-05T00:00:00
R000374,Student_019,ASM001,Q0160,varies,True,,2025-08-05T00:00:00
R000375,Student_019,ASM001,Q0133,varies,True,,2025-08-05T00:00:00
R000376,Student_019,ASM001,Q0068,varies,True,,2025-08-05T00:00:00
R000377,Student_019,ASM001,Q0120,varies,True,,2025-08-05T00:00:00
R000378,Student_019,ASM001,Q0041,varies,True,,2025-08-05T00:00:00
R000379,Student_019,ASM001,Q0005,varies,True,,2025-08-05T00:00:00
R000380,Student_019,ASM001,Q0048,varies,True,,2025-08-05T00:00:00
R000381,Student_020,ASM001,Q0032,incorrect_arithmetic,False,arithmetic,2025-08-05T00:00:00
R000382,Student_020,ASM001,Q0067,varies,True,,2025-08-05T00:00:00
R000383,Student_020,ASM001,Q0113,incorrect_careless,False,careless,2025-08-05T00:00:00
R000384,Student_020,ASM001,Q0121,varies,True,,2025-08-05T00:00:00
R000385,Student_020,ASM001,Q0082,varies,True,,2025-08-05T00:00:00
R000386,Student_020,ASM001,Q0154,varies,True,,2025-08-05T00:00:00
R000387,Student_020,ASM001,Q0036,varies,True,,2025-08-05T00:00:00
R000388,Student_020,ASM001,Q0103,varies,True,,2025-08-05T00:00:00
R000389,Student_020,ASM001,Q0100,incorrect_arithmetic,False,arithmetic,2025-08-05T00:00:00
R000390,Student_020,ASM001,Q0099,varies,True,,2025-08-05T00:00:00
R000391,Student_020,ASM001,Q0125,varies,True,,2025-08-05T00:00:00
R000392,Student_020,ASM001,Q0017,varies,True,,2025-08-05T00:00:00
R000393,Student_020,ASM001,Q0074,incorrect_decimal_placement,False,decimal_placement,2025-08-05T00:00:00
R000394,Student_020,ASM001,Q0160,varies,True,,2025-08-05T00:00:00
R000395,Student_020,ASM001,Q0133,varies,True,,2025-08-05T00:00:00
R000396,Student_020,ASM001,Q0068,varies,True,,2025-08-05T00:00:00
R000397,Student_020,ASM001,Q0120,varies,True,,2025-08-05T00:00:00
R000398,Student_020,ASM001,Q0041,varies,True,,2025-08-05T00:00:00
R000399,Student_020,ASM001,Q0005,varies,True,,2025-08-05T00:00:00
R000400,Student_020,ASM001,Q0048,varies,True,,2025-08-05T00:00:00
R000401,Student_021,ASM001,Q0032,varies,True,,2025-08-05T00:00:00
R000402,Student_021,ASM001,Q0067,incorrect_decimal_placement,False,decimal_placement,2025-08-05T00:00:00
R000403,Student_021,ASM001,Q0113,incorrect_conceptual,False,conceptual,2025-08-05T00:00:00
R000404,Student_021,ASM001,Q0121,incorrect_careless,False,careless,2025-08-05T00:00:00
R000405,Student_021,ASM001,Q0082,incorrect_conceptual,False,conceptual,2025-08-05T00:00:00
R000406,Student_021,ASM001,Q0154,varies,True,,2025-08-05T00:00:00
R000407,Student_021,ASM001,Q0036,varies,True,,2025-08-05T00:00:00
R000408,Student_021,ASM001,Q0103,varies,True,,2025-08-05T00:00:00
R000409,Student_021,ASM001,Q0100,varies,True,,2025-08-05T00:00:00
R000410,Student_021,ASM001,Q0099,incorrect_sign_error,False,sign_error,2025-08-05T00:00:00
R000411,Student_021,ASM001,Q0125,varies,True,,2025-08-05T00:00:00
R000412,Student_021,ASM001,Q0017,varies,True,,2025-08-05T00:00:00
R000413,Student_021,ASM001,Q0074,incorrect_decimal_placement,False,decimal_placement,2025-08-05T00:00:00
R000414,Student_021,ASM001,Q0160,incorrect_careless,False,careless,2025-08-05T00:00:00
R000415,Student_021,ASM001,Q0133,varies,True,,2025-08-05T00:00:00
R000416,Student_021,ASM001,Q0068,varies,True,,2025-08-05T00:00:00
R000417,Student_021,ASM001,Q0120,varies,True,,2025-08-05T00:00:00
R000418,Student_021,ASM001,Q0041,incorrect_careless,False,careless,2025-08-05T00:00:00
R000419,Student_021,ASM001,Q0005,varies,True,,2025-08-05T00:00:00
R000420,Student_021,ASM001,Q0048,incorrect_conceptual,False,conceptual,2025-08-05T00:00:00
R000421,Student_022,ASM001,Q0032,varies,True,,2025-08-05T00:00:00
R000422,Student_022,ASM001,Q0067,varies,True,,2025-08-05T00:00:00
R000423,Student_022,ASM001,Q0113,varies,True,,2025-08-05T00:00:00
R000424,Student_022,ASM001,Q0121,varies,True,,2025-08-05T00:00:00
R000425,Student_022,ASM001,Q0082,varies,True,,2025-08-05T00:00:00
R000426,Student_022,ASM001,Q0154,varies,True,,2025-08-05T00:00:00
R000427,Student_022,ASM001,Q0036,varies,True,,2025-08-05T00:00:00
R000428,Student_022,ASM001,Q0103,varies,True,,2025-08-05T00:00:00
R000429,Student_022,ASM001,Q0100,incorrect_sign_error,False,sign_error,2025-08-05T00:00:00
R000430,Student_022,ASM001,Q0099,incorrect_sign_error,False,sign_error,2025-08-05T00:00:00
R000431,Student_022,ASM001,Q0125,incorrect_unit_conversion,False,unit_conversion,2025-08-05T00:00:00
R000432,Student_022,ASM001,Q0017,incorrect_denominator_handling,False,denominator_handling,2025-08-05T00:00:00
R000433,Student_022,ASM001,Q0074,varies,True,,2025-08-05T00:00:00
R000434,Student_022,ASM001,Q0160,varies,True,,2025-08-05T00:00:00
R000435,Student_022,ASM001,Q0133,varies,True,,2025-08-05T00:00:00
R000436,Student_022,ASM001,Q0068,varies,True,,2025-08-05T00:00:00
R000437,Student_022,ASM001,Q0120,varies,True,,2025-08-05T00:00:00
R000438,Student_022,ASM001,Q0041,incorrect_denominator_handling,False,denominator_handling,2025-08-05T00:00:00
R000439,Student_022,ASM001,Q0005,incorrect_denominator_handling,False,denominator_handling,2025-08-05T00:00:00
R000440,Student_022,ASM001,Q0048,incorrect_careless,False,careless,2025-08-05T00:00:00
R000441,Student_023,ASM001,Q0032,varies,True,,2025-08-05T00:00:00
R000442,Student_023,ASM001,Q0067,incorrect_decimal_placement,False,decimal_placement,2025-08-05T00:00:00
R000443,Student_023,ASM001,Q0113,incorrect_careless,False,careless,2025-08-05T00:00:00
R000444,Student_023,ASM001,Q0121,varies,True,,2025-08-05T00:00:00
R000445,Student_023,ASM001,Q0082,varies,True,,2025-08-05T00:00:00
R000446,Student_023,ASM001,Q0154,varies,True,,2025-08-05T00:00:00
R000447,Student_023,ASM001,Q0036,varies,True,,2025-08-05T00:00:00
R000448,Student_023,ASM001,Q0103,varies,True,,2025-08-05T00:00:00
R000449,Student_023,ASM001,Q0100,varies,True,,2025-08-05T00:00:00
R000450,Student_023,ASM001,Q0099,varies,True,,2025-08-05T00:00:00
R000451,Student_023,ASM001,Q0125,varies,True,,2025-08-05T00:00:00
R000452,Student_023,ASM001,Q0017,varies,True,,2025-08-05T00:00:00
R000453,Student_023,ASM001,Q0074,varies,True,,2025-08-05T00:00:00
R000454,Student_023,ASM001,Q0160,varies,True,,2025-08-05T00:00:00
R000455,Student_023,ASM001,Q0133,varies,True,,2025-08-05T00:00:00
R000456,Student_023,ASM001,Q0068,varies,True,,2025-08-05T00:00:00
R000457,Student_023,ASM001,Q0120,varies,True,,2025-08-05T00:00:00
R000458,Student_023,ASM001,Q0041,varies,True,,2025-08-05T00:00:00
R000459,Student_023,ASM001,Q0005,varies,True,,2025-08-05T00:00:00
R000460,Student_023,ASM001,Q0048,varies,True,,2025-08-05T00:00:00
R000461,Student_024,ASM001,Q0032,varies,True,,2025-08-05T00:00:00
R000462,Student_024,ASM001,Q0067,varies,True,,2025-08-05T00:00:00
R000463,Student_024,ASM001,Q0113,incorrect_arithmetic,False,arithmetic,2025-08-05T00:00:00
R000464,Student_024,ASM001,Q0121,varies,True,,2025-08-05T00:00:00
R000465,Student_024,ASM001,Q0082,varies,True,,2025-08-05T00:00:00
R000466,Student_024,ASM001,Q0154,varies,True,,2025-08-05T00:00:00
R000467,Student_024,ASM001,Q0036,incorrect_denominator_handling,False,denominator_handling,2025-08-05T00:00:00
R000468,Student_024,ASM001,Q0103,varies,True,,2025-08-05T00:00:00
R000469,Student_024,ASM001,Q0100,varies,True,,2025-08-05T00:00:00
R000470,Student_024,ASM001,Q0099,varies,True,,2025-08-05T00:00:00
R000471,Student_024,ASM001,Q0125,varies,True,,2025-08-05T00:00:00
R000472,Student_024,ASM001,Q0017,incorrect_simplification,False,simplification,2025-08-05T00:00:00
R000473,Student_024,ASM001,Q0074,varies,True,,2025-08-05T00:00:00
R000474,Student_024,ASM001,Q0160,varies,True,,2025-08-05T00:00:00
R000475,Student_024,ASM001,Q0133,varies,True,,2025-08-05T00:00:00
R000476,Student_024,ASM001,Q0068,varies,True,,2025-08-05T00:00:00
R000477,Student_024,ASM001,Q0120,varies,True,,2025-08-05T00:00:00
R000478,Student_024,ASM001,Q0041,varies,True,,2025-08-05T00:00:00
R000479,Student_024,ASM001,Q0005,varies,True,,2025-08-05T00:00:00
R000480,Student_024,ASM001,Q0048,varies,True,,2025-08-05T00:00:00
R000481,Student_025,ASM001,Q0032,varies,True,,2025-08-05T00:00:00
R000482,Student_025,ASM001,Q0067,varies,True,,2025-08-05T00:00:00
R000483,Student_025,ASM001,Q0113,varies,True,,2025-08-05T00:00:00
R000484,Student_025,ASM001,Q0121,varies,True,,2025-08-05T00:00:00
R000485,Student_025,ASM001,Q0082,incorrect_careless,False,careless,2025-08-05T00:00:00
R000486,Student_025,ASM001,Q0154,varies,True,,2025-08-05T00:00:00
R000487,Student_025,ASM001,Q0036,varies,True,,2025-08-05T00:00:00
R000488,Student_025,ASM001,Q0103,incorrect_sign_error,False,sign_error,2025-08-05T00:00:00
R000489,Student_025,ASM001,Q0100,incorrect_formula_selection,False,formula_selection,2025-08-05T00:00:00
R000490,Student_025,ASM001,Q0099,incorrect_formula_selection,False,formula_selection,2025-08-05T00:00:00
R000491,Student_025,ASM001,Q0125,varies,True,,2025-08-05T00:00:00
R000492,Student_025,ASM001,Q0017,incorrect_simplification,False,simplification,2025-08-05T00:00:00
R000493,Student_025,ASM001,Q0074,varies,True,,2025-08-05T00:00:00
R000494,Student_025,ASM001,Q0160,varies,True,,2025-08-05T00:00:00
R000495,Student_025,ASM001,Q0133,varies,True,,2025-08-05T00:00:00
R000496,Student_025,ASM001,Q0068,varies,True,,2025-08-05T00:00:00
R000497,Student_025,ASM001,Q0120,varies,True,,2025-08-05T00:00:00
R000498,Student_025,ASM001,Q0041,varies,True,,2025-08-05T00:00:00
R000499,Student_025,ASM001,Q0005,varies,True,,2025-08-05T00:00:00
R000500,Student_025,ASM001,Q0048,incorrect_careless,False,careless,2025-08-05T00:00:00
R000501,Student_026,ASM001,Q0032,incorrect_arithmetic,False,arithmetic,2025-08-05T00:00:00
R000502,Student_026,ASM001,Q0067,varies,True,,2025-08-05T00:00:00
R000503,Student_026,ASM001,Q0113,varies,True,,2025-08-05T00:00:00
R000504,Student_026,ASM001,Q0121,varies,True,,2025-08-05T00:00:00
R000505,Student_026,ASM001,Q0082,incorrect_arithmetic,False,arithmetic,2025-08-05T00:00:00
R000506,Student_026,ASM001,Q0154,varies,True,,2025-08-05T00:00:00
R000507,Student_026,ASM001,Q0036,varies,True,,2025-08-05T00:00:00
R000508,Student_026,ASM001,Q0103,incorrect_sign_error,False,sign_error,2025-08-05T00:00:00
R000509,Student_026,ASM001,Q0100,incorrect_formula_selection,False,formula_selection,2025-08-05T00:00:00
R000510,Student_026,ASM001,Q0099,varies,True,,2025-08-05T00:00:00
R000511,Student_026,ASM001,Q0125,varies,True,,2025-08-05T00:00:00
R000512,Student_026,ASM001,Q0017,incorrect_arithmetic,False,arithmetic,2025-08-05T00:00:00
R000513,Student_026,ASM001,Q0074,varies,True,,2025-08-05T00:00:00
R000514,Student_026,ASM001,Q0160,varies,True,,2025-08-05T00:00:00
R000515,Student_026,ASM001,Q0133,incorrect_arithmetic,False,arithmetic,2025-08-05T00:00:00
R000516,Student_026,ASM001,Q0068,incorrect_arithmetic,False,arithmetic,2025-08-05T00:00:00
R000517,Student_026,ASM001,Q0120,varies,True,,2025-08-05T00:00:00
R000518,Student_026,ASM001,Q0041,incorrect_conceptual,False,conceptual,2025-08-05T00:00:00
R000519,Student_026,ASM001,Q0005,incorrect_denominator_handling,False,denominator_handling,2025-08-05T00:00:00
R000520,Student_026,ASM001,Q0048,varies,True,,2025-08-05T00:00:00
R000521,Student_027,ASM001,Q0032,incorrect_arithmetic,False,arithmetic,2025-08-05T00:00:00
R000522,Student_027,ASM001,Q0067,varies,True,,2025-08-05T00:00:00
R000523,Student_027,ASM001,Q0113,varies,True,,2025-08-05T00:00:00
R000524,Student_027,ASM001,Q0121,varies,True,,2025-08-05T00:00:00
R000525,Student_027,ASM001,Q0082,varies,True,,2025-08-05T00:00:00
R000526,Student_027,ASM001,Q0154,varies,True,,2025-08-05T00:00:00
R000527,Student_027,ASM001,Q0036,varies,True,,2025-08-05T00:00:00
R000528,Student_027,ASM001,Q0103,varies,True,,2025-08-05T00:00:00
R000529,Student_027,ASM001,Q0100,incorrect_arithmetic,False,arithmetic,2025-08-05T00:00:00
R000530,Student_027,ASM001,Q0099,varies,True,,2025-08-05T00:00:00
R000531,Student_027,ASM001,Q0125,varies,True,,2025-08-05T00:00:00
R000532,Student_027,ASM001,Q0017,varies,True,,2025-08-05T00:00:00
R000533,Student_027,ASM001,Q0074,incorrect_conceptual,False,conceptual,2025-08-05T00:00:00
R000534,Student_027,ASM001,Q0160,incorrect_unit_conversion,False,unit_conversion,2025-08-05T00:00:00
R000535,Student_027,ASM001,Q0133,varies,True,,2025-08-05T00:00:00
R000536,Student_027,ASM001,Q0068,varies,True,,2025-08-05T00:00:00
R000537,Student_027,ASM001,Q0120,varies,True,,2025-08-05T00:00:00
R000538,Student_027,ASM001,Q0041,incorrect_careless,False,careless,2025-08-05T00:00:00
R000539,Student_027,ASM001,Q0005,incorrect_arithmetic,False,arithmetic,2025-08-05T00:00:00
R000540,Student_027,ASM001,Q0048,incorrect_conceptual,False,conceptual,2025-08-05T00:00:00
R000541,Student_028,ASM001,Q0032,varies,True,,2025-08-05T00:00:00
R000542,Student_028,ASM001,Q0067,varies,True,,2025-08-05T00:00:00
R000543,Student_028,ASM001,Q0113,varies,True,,2025-08-05T00:00:00
R000544,Student_028,ASM001,Q0121,varies,True,,2025-08-05T00:00:00
R000545,Student_028,ASM001,Q0082,varies,True,,2025-08-05T00:00:00
R000546,Student_028,ASM001,Q0154,incorrect_careless,False,careless,2025-08-05T00:00:00
R000547,Student_028,ASM001,Q0036,varies,True,,2025-08-05T00:00:00
R000548,Student_028,ASM001,Q0103,varies,True,,2025-08-05T00:00:00
R000549,Student_028,ASM001,Q0100,varies,True,,2025-08-05T00:00:00
R000550,Student_028,ASM001,Q0099,varies,True,,2025-08-05T00:00:00
R000551,Student_028,ASM001,Q0125,varies,True,,2025-08-05T00:00:00
R000552,Student_028,ASM001,Q0017,incorrect_arithmetic,False,arithmetic,2025-08-05T00:00:00
R000553,Student_028,ASM001,Q0074,incorrect_conceptual,False,conceptual,2025-08-05T00:00:00
R000554,Student_028,ASM001,Q0160,varies,True,,2025-08-05T00:00:00
R000555,Student_028,ASM001,Q0133,incorrect_arithmetic,False,arithmetic,2025-08-05T00:00:00
R000556,Student_028,ASM001,Q0068,incorrect_arithmetic,False,arithmetic,2025-08-05T00:00:00
R000557,Student_028,ASM001,Q0120,varies,True,,2025-08-05T00:00:00
R000558,Student_028,ASM001,Q0041,incorrect_conceptual,False,conceptual,2025-08-05T00:00:00
R000559,Student_028,ASM001,Q0005,varies,True,,2025-08-05T00:00:00
R000560,Student_028,ASM001,Q0048,varies,True,,2025-08-05T00:00:00
R000561,Student_029,ASM001,Q0032,varies,True,,2025-08-05T00:00:00
R000562,Student_029,ASM001,Q0067,varies,True,,2025-08-05T00:00:00
R000563,Student_029,ASM001,Q0113,varies,True,,2025-08-05T00:00:00
R000564,Student_029,ASM001,Q0121,varies,True,,2025-08-05T00:00:00
R000565,Student_029,ASM001,Q0082,varies,True,,2025-08-05T00:00:00
R000566,Student_029,ASM001,Q0154,varies,True,,2025-08-05T00:00:00
R000567,Student_029,ASM001,Q0036,varies,True,,2025-08-05T00:00:00
R000568,Student_029,ASM001,Q0103,varies,True,,2025-08-05T00:00:00
R000569,Student_029,ASM001,Q0100,varies,True,,2025-08-05T00:00:00
R000570,Student_029,ASM001,Q0099,incorrect_sign_error,False,sign_error,2025-08-05T00:00:00
R000571,Student_029,ASM001,Q0125,varies,True,,2025-08-05T00:00:00
R000572,Student_029,ASM001,Q0017,varies,True,,2025-08-05T00:00:00
R000573,Student_029,ASM001,Q0074,varies,True,,2025-08-05T00:00:00
R000574,Student_029,ASM001,Q0160,varies,True,,2025-08-05T00:00:00
R000575,Student_029,ASM001,Q0133,varies,True,,2025-08-05T00:00:00
R000576,Student_029,ASM001,Q0068,varies,True,,2025-08-05T00:00:00
R000577,Student_029,ASM001,Q0120,varies,True,,2025-08-05T00:00:00
R000578,Student_029,ASM001,Q0041,varies,True,,2025-08-05T00:00:00
R000579,Student_029,ASM001,Q0005,varies,True,,2025-08-05T00:00:00
R000580,Student_029,ASM001,Q0048,varies,True,,2025-08-05T00:00:00
R000581,Student_030,ASM001,Q0032,incorrect_arithmetic,False,arithmetic,2025-08-05T00:00:00
R000582,Student_030,ASM001,Q0067,incorrect_arithmetic,False,arithmetic,2025-08-05T00:00:00
R000583,Student_030,ASM001,Q0113,varies,True,,2025-08-05T00:00:00
R000584,Student_030,ASM001,Q0121,varies,True,,2025-08-05T00:00:00
R000585,Student_030,ASM001,Q0082,varies,True,,2025-08-05T00:00:00
R000586,Student_030,ASM001,Q0154,varies,True,,2025-08-05T00:00:00
R000587,Student_030,ASM001,Q0036,incorrect_simplification,False,simplification,2025-08-05T00:00:00
R000588,Student_030,ASM001,Q0103,varies,True,,2025-08-05T00:00:00
R000589,Student_030,ASM001,Q0100,varies,True,,2025-08-05T00:00:00
R000590,Student_030,ASM001,Q0099,varies,True,,2025-08-05T00:00:00
R000591,Student_030,ASM001,Q0125,varies,True,,2025-08-05T00:00:00
R000592,Student_030,ASM001,Q0017,varies,True,,2025-08-05T00:00:00
R000593,Student_030,ASM001,Q0074,varies,True,,2025-08-05T00:00:00
R000594,Student_030,ASM001,Q0160,varies,True,,2025-08-05T00:00:00
R000595,Student_030,ASM001,Q0133,varies,True,,2025-08-05T00:00:00
R000596,Student_030,ASM001,Q0068,varies,True,,2025-08-05T00:00:00
R000597,Student_030,ASM001,Q0120,varies,True,,2025-08-05T00:00:00
R000598,Student_030,ASM001,Q0041,varies,True,,2025-08-05T00:00:00
R000599,Student_030,ASM001,Q0005,incorrect_denominator_handling,False,denominator_handling,2025-08-05T00:00:00
R000600,Student_030,ASM001,Q0048,varies,True,,2025-08-05T00:00:00
R000601,Student_031,ASM001,Q0032,varies,True,,2025-08-05T00:00:00
R000602,Student_031,ASM001,Q0067,varies,True,,2025-08-05T00:00:00
R000603,Student_031,ASM001,Q0113,varies,True,,2025-08-05T00:00:00
R000604,Student_031,ASM001,Q0121,varies,True,,2025-08-05T00:00:00
R000605,Student_031,ASM001,Q0082,incorrect_formula_selection,False,formula_selection,2025-08-05T00:00:00
R000606,Student_031,ASM001,Q0154,varies,True,,2025-08-05T00:00:00
R000607,Student_031,ASM001,Q0036,varies,True,,2025-08-05T00:00:00
R000608,Student_031,ASM001,Q0103,varies,True,,2025-08-05T00:00:00
R000609,Student_031,ASM001,Q0100,varies,True,,2025-08-05T00:00:00
R000610,Student_031,ASM001,Q0099,varies,True,,2025-08-05T00:00:00
R000611,Student_031,ASM001,Q0125,varies,True,,2025-08-05T00:00:00
R000612,Student_031,ASM001,Q0017,varies,True,,2025-08-05T00:00:00
R000613,Student_031,ASM001,Q0074,varies,True,,2025-08-05T00:00:00
R000614,Student_031,ASM001,Q0160,varies,True,,2025-08-05T00:00:00
R000615,Student_031,ASM001,Q0133,varies,True,,2025-08-05T00:00:00
R000616,Student_031,ASM001,Q0068,varies,True,,2025-08-05T00:00:00
R000617,Student_031,ASM001,Q0120,varies,True,,2025-08-05T00:00:00
R000618,Student_031,ASM001,Q0041,varies,True,,2025-08-05T00:00:00
R000619,Student_031,ASM001,Q0005,varies,True,,2025-08-05T00:00:00
R000620,Student_031,ASM001,Q0048,varies,True,,2025-08-05T00:00:00
R000621,Student_032,ASM001,Q0032,varies,True,,2025-08-05T00:00:00
R000622,Student_032,ASM001,Q0067,varies,True,,2025-08-05T00:00:00
R000623,Student_032,ASM001,Q0113,varies,True,,2025-08-05T00:00:00
R000624,Student_032,ASM001,Q0121,varies,True,,2025-08-05T00:00:00
R000625,Student_032,ASM001,Q0082,varies,True,,2025-08-05T00:00:00
R000626,Student_032,ASM001,Q0154,varies,True,,2025-08-05T00:00:00
R000627,Student_032,ASM001,Q0036,varies,True,,2025-08-05T00:00:00
R000628,Student_032,ASM001,Q0103,varies,True,,2025-08-05T00:00:00
R000629,Student_032,ASM001,Q0100,varies,True,,2025-08-05T00:00:00
R000630,Student_032,ASM001,Q0099,incorrect_formula_selection,False,formula_selection,2025-08-05T00:00:00
R000631,Student_032,ASM001,Q0125,varies,True,,2025-08-05T00:00:00
R000632,Student_032,ASM001,Q0017,varies,True,,2025-08-05T00:00:00
R000633,Student_032,ASM001,Q0074,varies,True,,2025-08-05T00:00:00
R000634,Student_032,ASM001,Q0160,varies,True,,2025-08-05T00:00:00
R000635,Student_032,ASM001,Q0133,varies,True,,2025-08-05T00:00:00
R000636,Student_032,ASM001,Q0068,incorrect_decimal_placement,False,decimal_placement,2025-08-05T00:00:00
R000637,Student_032,ASM001,Q0120,varies,True,,2025-08-05T00:00:00
R000638,Student_032,ASM001,Q0041,varies,True,,2025-08-05T00:00:00
R000639,Student_032,ASM001,Q0005,varies,True,,2025-08-05T00:00:00
R000640,Student_032,ASM001,Q0048,varies,True,,2025-08-05T00:00:00
R000641,Student_033,ASM001,Q0032,incorrect_denominator_handling,False,denominator_handling,2025-08-05T00:00:00
R000642,Student_033,ASM001,Q0067,incorrect_arithmetic,False,arithmetic,2025-08-05T00:00:00
R000643,Student_033,ASM001,Q0113,varies,True,,2025-08-05T00:00:00
R000644,Student_033,ASM001,Q0121,incorrect_arithmetic,False,arithmetic,2025-08-05T00:00:00
R000645,Student_033,ASM001,Q0082,varies,True,,2025-08-05T00:00:00
R000646,Student_033,ASM001,Q0154,incorrect_arithmetic,False,arithmetic,2025-08-05T00:00:00
R000647,Student_033,ASM001,Q0036,varies,True,,2025-08-05T00:00:00
R000648,Student_033,ASM001,Q0103,varies,True,,2025-08-05T00:00:00
R000649,Student_033,ASM001,Q0100,incorrect_sign_error,False,sign_error,2025-08-05T00:00:00
R000650,Student_033,ASM001,Q0099,incorrect_arithmetic,False,arithmetic,2025-08-05T00:00:00
R000651,Student_033,ASM001,Q0125,varies,True,,2025-08-05T00:00:00
R000652,Student_033,ASM001,Q0017,incorrect_simplification,False,simplification,2025-08-05T00:00:00
R000653,Student_033,ASM001,Q0074,incorrect_decimal_placement,False,decimal_placement,2025-08-05T00:00:00
R000654,Student_033,ASM001,Q0160,varies,True,,2025-08-05T00:00:00
R000655,Student_033,ASM001,Q0133,varies,True,,2025-08-05T00:00:00
R000656,Student_033,ASM001,Q0068,incorrect_decimal_placement,False,decimal_placement,2025-08-05T00:00:00
R000657,Student_033,ASM001,Q0120,varies,True,,2025-08-05T00:00:00
R000658,Student_033,ASM001,Q0041,varies,True,,2025-08-05T00:00:00
R000659,Student_033,ASM001,Q0005,varies,True,,2025-08-05T00:00:00
R000660,Student_033,ASM001,Q0048,incorrect_arithmetic,False,arithmetic,2025-08-05T00:00:00
R000661,Student_034,ASM001,Q0032,varies,True,,2025-08-05T00:00:00
R000662,Student_034,ASM001,Q0067,incorrect_decimal_placement,False,decimal_placement,2025-08-05T00:00:00
R000663,Student_034,ASM001,Q0113,varies,True,,2025-08-05T00:00:00
R000664,Student_034,ASM001,Q0121,varies,True,,2025-08-05T00:00:00
R000665,Student_034,ASM001,Q0082,incorrect_careless,False,careless,2025-08-05T00:00:00
R000666,Student_034,ASM001,Q0154,varies,True,,2025-08-05T00:00:00
R000667,Student_034,ASM001,Q0036,varies,True,,2025-08-05T00:00:00
R000668,Student_034,ASM001,Q0103,incorrect_careless,False,careless,2025-08-05T00:00:00
R000669,Student_034,ASM001,Q0100,incorrect_formula_selection,False,formula_selection,2025-08-05T00:00:00
R000670,Student_034,ASM001,Q0099,incorrect_sign_error,False,sign_error,2025-08-05T00:00:00
R000671,Student_034,ASM001,Q0125,varies,True,,2025-08-05T00:00:00
R000672,Student_034,ASM001,Q0017,varies,True,,2025-08-05T00:00:00
R000673,Student_034,ASM001,Q0074,incorrect_decimal_placement,False,decimal_placement,2025-08-05T00:00:00
R000674,Student_034,ASM001,Q0160,incorrect_arithmetic,False,arithmetic,2025-08-05T00:00:00
R000675,Student_034,ASM001,Q0133,varies,True,,2025-08-05T00:00:00
R000676,Student_034,ASM001,Q0068,incorrect_arithmetic,False,arithmetic,2025-08-05T00:00:00
R000677,Student_034,ASM001,Q0120,varies,True,,2025-08-05T00:00:00
R000678,Student_034,ASM001,Q0041,varies,True,,2025-08-05T00:00:00
R000679,Student_034,ASM001,Q0005,incorrect_denominator_handling,False,denominator_handling,2025-08-05T00:00:00
R000680,Student_034,ASM001,Q0048,varies,True,,2025-08-05T00:00:00
R000681,Student_035,ASM001,Q0032,varies,True,,2025-08-05T00:00:00
R000682,Student_035,ASM001,Q0067,varies,True,,2025-08-05T00:00:00
R000683,Student_035,ASM001,Q0113,varies,True,,2025-08-05T00:00:00
R000684,Student_035,ASM001,Q0121,varies,True,,2025-08-05T00:00:00
R000685,Student_035,ASM001,Q0082,varies,True,,2025-08-05T00:00:00
R000686,Student_035,ASM001,Q0154,varies,True,,2025-08-05T00:00:00
R000687,Student_035,ASM001,Q0036,varies,True,,2025-08-05T00:00:00
R000688,Student_035,ASM001,Q0103,varies,True,,2025-08-05T00:00:00
R000689,Student_035,ASM001,Q0100,varies,True,,2025-08-05T00:00:00
R000690,Student_035,ASM001,Q0099,varies,True,,2025-08-05T00:00:00
R000691,Student_035,ASM001,Q0125,varies,True,,2025-08-05T00:00:00
R000692,Student_035,ASM001,Q0017,varies,True,,2025-08-05T00:00:00
R000693,Student_035,ASM001,Q0074,varies,True,,2025-08-05T00:00:00
R000694,Student_035,ASM001,Q0160,varies,True,,2025-08-05T00:00:00
R000695,Student_035,ASM001,Q0133,varies,True,,2025-08-05T00:00:00
R000696,Student_035,ASM001,Q0068,varies,True,,2025-08-05T00:00:00
R000697,Student_035,ASM001,Q0120,varies,True,,2025-08-05T00:00:00
R000698,Student_035,ASM001,Q0041,varies,True,,2025-08-05T00:00:00
R000699,Student_035,ASM001,Q0005,varies,True,,2025-08-05T00:00:00
R000700,Student_035,ASM001,Q0048,varies,True,,2025-08-05T00:00:00
R000701,Student_036,ASM001,Q0032,incorrect_arithmetic,False,arithmetic,2025-08-05T00:00:00
R000702,Student_036,ASM001,Q0067,varies,True,,2025-08-05T00:00:00
R000703,Student_036,ASM001,Q0113,varies,True,,2025-08-05T00:00:00
R000704,Student_036,ASM001,Q0121,varies,True,,2025-08-05T00:00:00
R000705,Student_036,ASM001,Q0082,varies,True,,2025-08-05T00:00:00
R000706,Student_036,ASM001,Q0154,varies,True,,2025-08-05T00:00:00
R000707,Student_036,ASM001,Q0036,varies,True,,2025-08-05T00:00:00
R000708,Student_036,ASM001,Q0103,varies,True,,2025-08-05T00:00:00
R000709,Student_036,ASM001,Q0100,varies,True,,2025-08-05T00:00:00
R000710,Student_036,ASM001,Q0099,varies,True,,2025-08-05T00:00:00
R000711,Student_036,ASM001,Q0125,varies,True,,2025-08-05T00:00:00
R000712,Student_036,ASM001,Q0017,incorrect_denominator_handling,False,denominator_handling,2025-08-05T00:00:00
R000713,Student_036,ASM001,Q0074,varies,True,,2025-08-05T00:00:00
R000714,Student_036,ASM001,Q0160,varies,True,,2025-08-05T00:00:00
R000715,Student_036,ASM001,Q0133,varies,True,,2025-08-05T00:00:00
R000716,Student_036,ASM001,Q0068,varies,True,,2025-08-05T00:00:00
R000717,Student_036,ASM001,Q0120,varies,True,,2025-08-05T00:00:00
R000718,Student_036,ASM001,Q0041,varies,True,,2025-08-05T00:00:00
R000719,Student_036,ASM001,Q0005,varies,True,,2025-08-05T00:00:00
R000720,Student_036,ASM001,Q0048,varies,True,,2025-08-05T00:00:00
R000721,Student_037,ASM001,Q0032,varies,True,,2025-08-05T00:00:00
R000722,Student_037,ASM001,Q0067,varies,True,,2025-08-05T00:00:00
R000723,Student_037,ASM001,Q0113,varies,True,,2025-08-05T00:00:00
R000724,Student_037,ASM001,Q0121,varies,True,,2025-08-05T00:00:00
R000725,Student_037,ASM001,Q0082,incorrect_sign_error,False,sign_error,2025-08-05T00:00:00
R000726,Student_037,ASM001,Q0154,varies,True,,2025-08-05T00:00:00
R000727,Student_037,ASM001,Q0036,varies,True,,2025-08-05T00:00:00
R000728,Student_037,ASM001,Q0103,varies,True,,2025-08-05T00:00:00
R000729,Student_037,ASM001,Q0100,varies,True,,2025-08-05T00:00:00
R000730,Student_037,ASM001,Q0099,varies,True,,2025-08-05T00:00:00
R000731,Student_037,ASM001,Q0125,varies,True,,2025-08-05T00:00:00
R000732,Student_037,ASM001,Q0017,varies,True,,2025-08-05T00:00:00
R000733,Student_037,ASM001,Q0074,varies,True,,2025-08-05T00:00:00
R000734,Student_037,ASM001,Q0160,varies,True,,2025-08-05T00:00:00
R000735,Student_037,ASM001,Q0133,varies,True,,2025-08-05T00:00:00
R000736,Student_037,ASM001,Q0068,incorrect_conceptual,False,conceptual,2025-08-05T00:00:00
R000737,Student_037,ASM001,Q0120,varies,True,,2025-08-05T00:00:00
R000738,Student_037,ASM001,Q0041,varies,True,,2025-08-05T00:00:00
R000739,Student_037,ASM001,Q0005,varies,True,,2025-08-05T00:00:00
R000740,Student_037,ASM001,Q0048,varies,True,,2025-08-05T00:00:00
R000741,Student_038,ASM001,Q0032,incorrect_careless,False,careless,2025-08-05T00:00:00
R000742,Student_038,ASM001,Q0067,varies,True,,2025-08-05T00:00:00
R000743,Student_038,ASM001,Q0113,incorrect_careless,False,careless,2025-08-05T00:00:00
R000744,Student_038,ASM001,Q0121,varies,True,,2025-08-05T00:00:00
R000745,Student_038,ASM001,Q0082,varies,True,,2025-08-05T00:00:00
R000746,Student_038,ASM001,Q0154,varies,True,,2025-08-05T00:00:00
R000747,Student_038,ASM001,Q0036,varies,True,,2025-08-05T00:00:00
R000748,Student_038,ASM001,Q0103,varies,True,,2025-08-05T00:00:00
R000749,Student_038,ASM001,Q0100,varies,True,,2025-08-05T00:00:00
R000750,Student_038,ASM001,Q0099,varies,True,,2025-08-05T00:00:00
R000751,Student_038,ASM001,Q0125,varies,True,,2025-08-05T00:00:00
R000752,Student_038,ASM001,Q0017,incorrect_denominator_handling,False,denominator_handling,2025-08-05T00:00:00
R000753,Student_038,ASM001,Q0074,varies,True,,2025-08-05T00:00:00
R000754,Student_038,ASM001,Q0160,incorrect_careless,False,careless,2025-08-05T00:00:00
R000755,Student_038,ASM001,Q0133,varies,True,,2025-08-05T00:00:00
R000756,Student_038,ASM001,Q0068,varies,True,,2025-08-05T00:00:00
R000757,Student_038,ASM001,Q0120,varies,True,,2025-08-05T00:00:00
R000758,Student_038,ASM001,Q0041,varies,True,,2025-08-05T00:00:00
R000759,Student_038,ASM001,Q0005,varies,True,,2025-08-05T00:00:00
R000760,Student_038,ASM001,Q0048,varies,True,,2025-08-05T00:00:00
R000761,Student_039,ASM001,Q0032,incorrect_arithmetic,False,arithmetic,2025-08-05T00:00:00
R000762,Student_039,ASM001,Q0067,varies,True,,2025-08-05T00:00:00
R000763,Student_039,ASM001,Q0113,varies,True,,2025-08-05T00:00:00
R000764,Student_039,ASM001,Q0121,incorrect_conceptual,False,conceptual,2025-08-05T00:00:00
R000765,Student_039,ASM001,Q0082,incorrect_conceptual,False,conceptual,2025-08-05T00:00:00
R000766,Student_039,ASM001,Q0154,varies,True,,2025-08-05T00:00:00
R000767,Student_039,ASM001,Q0036,incorrect_arithmetic,False,arithmetic,2025-08-05T00:00:00
R000768,Student_039,ASM001,Q0103,varies,True,,2025-08-05T00:00:00
R000769,Student_039,ASM001,Q0100,varies,True,,2025-08-05T00:00:00
R000770,Student_039,ASM001,Q0099,varies,True,,2025-08-05T00:00:00
R000771,Student_039,ASM001,Q0125,varies,True,,2025-08-05T00:00:00
R000772,Student_039,ASM001,Q0017,varies,True,,2025-08-05T00:00:00
R000773,Student_039,ASM001,Q0074,varies,True,,2025-08-05T00:00:00
R000774,Student_039,ASM001,Q0160,varies,True,,2025-08-05T00:00:00
R000775,Student_039,ASM001,Q0133,varies,True,,2025-08-05T00:00:00
R000776,Student_039,ASM001,Q0068,incorrect_decimal_placement,False,decimal_placement,2025-08-05T00:00:00
R000777,Student_039,ASM001,Q0120,varies,True,,2025-08-05T00:00:00
R000778,Student_039,ASM001,Q0041,incorrect_careless,False,careless,2025-08-05T00:00:00
R000779,Student_039,ASM001,Q0005,varies,True,,2025-08-05T00:00:00
R000780,Student_039,ASM001,Q0048,varies,True,,2025-08-05T00:00:00
R000781,Student_040,ASM001,Q0032,varies,True,,2025-08-05T00:00:00
R000782,Student_040,ASM001,Q0067,varies,True,,2025-08-05T00:00:00
R000783,Student_040,ASM001,Q0113,varies,True,,2025-08-05T00:00:00
R000784,Student_040,ASM001,Q0121,varies,True,,2025-08-05T00:00:00
R000785,Student_040,ASM001,Q0082,varies,True,,2025-08-05T00:00:00
R000786,Student_040,ASM001,Q0154,incorrect_arithmetic,False,arithmetic,2025-08-05T00:00:00
R000787,Student_040,ASM001,Q0036,incorrect_arithmetic,False,arithmetic,2025-08-05T00:00:00
R000788,Student_040,ASM001,Q0103,incorrect_careless,False,careless,2025-08-05T00:00:00
R000789,Student_040,ASM001,Q0100,varies,True,,2025-08-05T00:00:00
R000790,Student_040,ASM001,Q0099,varies,True,,2025-08-05T00:00:00
R000791,Student_040,ASM001,Q0125,incorrect_unit_conversion,False,unit_conversion,2025-08-05T00:00:00
R000792,Student_040,ASM001,Q0017,incorrect_simplification,False,simplification,2025-08-05T00:00:00
R000793,Student_040,ASM001,Q0074,incorrect_decimal_placement,False,decimal_placement,2025-08-05T00:00:00
R000794,Student_040,ASM001,Q0160,varies,True,,2025-08-05T00:00:00
R000795,Student_040,ASM001,Q0133,varies,True,,2025-08-05T00:00:00
R000796,Student_040,ASM001,Q0068,incorrect_decimal_placement,False,decimal_placement,2025-08-05T00:00:00
R000797,Student_040,ASM001,Q0120,incorrect_conceptual,False,conceptual,2025-08-05T00:00:00
R000798,Student_040,ASM001,Q0041,varies,True,,2025-08-05T00:00:00
R000799,Student_040,ASM001,Q0005,incorrect_denominator_handling,False,denominator_handling,2025-08-05T00:00:00
R000800,Student_040,ASM001,Q0048,varies,True,,2025-08-05T00:00:00
R000801,Student_041,ASM001,Q0032,varies,True,,2025-08-05T00:00:00
R000802,Student_041,ASM001,Q0067,varies,True,,2025-08-05T00:00:00
R000803,Student_041,ASM001,Q0113,varies,True,,2025-08-05T00:00:00
R000804,Student_041,ASM001,Q0121,varies,True,,2025-08-05T00:00:00
R000805,Student_041,ASM001,Q0082,varies,True,,2025-08-05T00:00:00
R000806,Student_041,ASM001,Q0154,varies,True,,2025-08-05T00:00:00
R000807,Student_041,ASM001,Q0036,varies,True,,2025-08-05T00:00:00
R000808,Student_041,ASM001,Q0103,varies,True,,2025-08-05T00:00:00
R000809,Student_041,ASM001,Q0100,varies,True,,2025-08-05T00:00:00
R000810,Student_041,ASM001,Q0099,varies,True,,2025-08-05T00:00:00
R000811,Student_041,ASM001,Q0125,varies,True,,2025-08-05T00:00:00
R000812,Student_041,ASM001,Q0017,varies,True,,2025-08-05T00:00:00
R000813,Student_041,ASM001,Q0074,varies,True,,2025-08-05T00:00:00
R000814,Student_041,ASM001,Q0160,varies,True,,2025-08-05T00:00:00
R000815,Student_041,ASM001,Q0133,varies,True,,2025-08-05T00:00:00
R000816,Student_041,ASM001,Q0068,varies,True,,2025-08-05T00:00:00
R000817,Student_041,ASM001,Q0120,varies,True,,2025-08-05T00:00:00
R000818,Student_041,ASM001,Q0041,varies,True,,2025-08-05T00:00:00
R000819,Student_041,ASM001,Q0005,incorrect_denominator_handling,False,denominator_handling,2025-08-05T00:00:00
R000820,Student_041,ASM001,Q0048,varies,True,,2025-08-05T00:00:00
R000821,Student_042,ASM001,Q0032,incorrect_denominator_handling,False,denominator_handling,2025-08-05T00:00:00
R000822,Student_042,ASM001,Q0067,incorrect_arithmetic,False,arithmetic,2025-08-05T00:00:00
R000823,Student_042,ASM001,Q0113,varies,True,,2025-08-05T00:00:00
R000824,Student_042,ASM001,Q0121,varies,True,,2025-08-05T00:00:00
R000825,Student_042,ASM001,Q0082,varies,True,,2025-08-05T00:00:00
R000826,Student_042,ASM001,Q0154,varies,True,,2025-08-05T00:00:00
R000827,Student_042,ASM001,Q0036,varies,True,,2025-08-05T00:00:00
R000828,Student_042,ASM001,Q0103,varies,True,,2025-08-05T00:00:00
R000829,Student_042,ASM001,Q0100,varies,True,,2025-08-05T00:00:00
R000830,Student_042,ASM001,Q0099,varies,True,,2025-08-05T00:00:00
R000831,Student_042,ASM001,Q0125,varies,True,,2025-08-05T00:00:00
R000832,Student_042,ASM001,Q0017,incorrect_denominator_handling,False,denominator_handling,2025-08-05T00:00:00
R000833,Student_042,ASM001,Q0074,varies,True,,2025-08-05T00:00:00
R000834,Student_042,ASM001,Q0160,varies,True,,2025-08-05T00:00:00
R000835,Student_042,ASM001,Q0133,varies,True,,2025-08-05T00:00:00
R000836,Student_042,ASM001,Q0068,varies,True,,2025-08-05T00:00:00
R000837,Student_042,ASM001,Q0120,varies,True,,2025-08-05T00:00:00
R000838,Student_042,ASM001,Q0041,varies,True,,2025-08-05T00:00:00
R000839,Student_042,ASM001,Q0005,varies,True,,2025-08-05T00:00:00
R000840,Student_042,ASM001,Q0048,varies,True,,2025-08-05T00:00:00
R000841,Student_043,ASM001,Q0032,varies,True,,2025-08-05T00:00:00
R000842,Student_043,ASM001,Q0067,varies,True,,2025-08-05T00:00:00
R000843,Student_043,ASM001,Q0113,varies,True,,2025-08-05T00:00:00
R000844,Student_043,ASM001,Q0121,varies,True,,2025-08-05T00:00:00
R000845,Student_043,ASM001,Q0082,incorrect_careless,False,careless,2025-08-05T00:00:00
R000846,Student_043,ASM001,Q0154,varies,True,,2025-08-05T00:00:00
R000847,Student_043,ASM001,Q0036,varies,True,,2025-08-05T00:00:00
R000848,Student_043,ASM001,Q0103,incorrect_formula_selection,False,formula_selection,2025-08-05T00:00:00
R000849,Student_043,ASM001,Q0100,varies,True,,2025-08-05T00:00:00
R000850,Student_043,ASM001,Q0099,varies,True,,2025-08-05T00:00:00
R000851,Student_043,ASM001,Q0125,varies,True,,2025-08-05T00:00:00
R000852,Student_043,ASM001,Q0017,varies,True,,2025-08-05T00:00:00
R000853,Student_043,ASM001,Q0074,varies,True,,2025-08-05T00:00:00
R000854,Student_043,ASM001,Q0160,varies,True,,2025-08-05T00:00:00
R000855,Student_043,ASM001,Q0133,varies,True,,2025-08-05T00:00:00
R000856,Student_043,ASM001,Q0068,varies,True,,2025-08-05T00:00:00
R000857,Student_043,ASM001,Q0120,varies,True,,2025-08-05T00:00:00
R000858,Student_043,ASM001,Q0041,varies,True,,2025-08-05T00:00:00
R000859,Student_043,ASM001,Q0005,varies,True,,2025-08-05T00:00:00
R000860,Student_043,ASM001,Q0048,varies,True,,2025-08-05T00:00:00
R000861,Student_044,ASM001,Q0032,varies,True,,2025-08-05T00:00:00
R000862,Student_044,ASM001,Q0067,varies,True,,2025-08-05T00:00:00
R000863,Student_044,ASM001,Q0113,incorrect_conceptual,False,conceptual,2025-08-05T00:00:00
R000864,Student_044,ASM001,Q0121,varies,True,,2025-08-05T00:00:00
R000865,Student_044,ASM001,Q0082,incorrect_conceptual,False,conceptual,2025-08-05T00:00:00
R000866,Student_044,ASM001,Q0154,varies,True,,2025-08-05T00:00:00
R000867,Student_044,ASM001,Q0036,incorrect_simplification,False,simplification,2025-08-05T00:00:00
R000868,Student_044,ASM001,Q0103,varies,True,,2025-08-05T00:00:00
R000869,Student_044,ASM001,Q0100,varies,True,,2025-08-05T00:00:00
R000870,Student_044,ASM001,Q0099,varies,True,,2025-08-05T00:00:00
R000871,Student_044,ASM001,Q0125,varies,True,,2025-08-05T00:00:00
R000872,Student_044,ASM001,Q0017,incorrect_arithmetic,False,arithmetic,2025-08-05T00:00:00
R000873,Student_044,ASM001,Q0074,varies,True,,2025-08-05T00:00:00
R000874,Student_044,ASM001,Q0160,incorrect_arithmetic,False,arithmetic,2025-08-05T00:00:00
R000875,Student_044,ASM001,Q0133,varies,True,,2025-08-05T00:00:00
R000876,Student_044,ASM001,Q0068,varies,True,,2025-08-05T00:00:00
R000877,Student_044,ASM001,Q0120,varies,True,,2025-08-05T00:00:00
R000878,Student_044,ASM001,Q0041,varies,True,,2025-08-05T00:00:00
R000879,Student_044,ASM001,Q0005,incorrect_arithmetic,False,arithmetic,2025-08-05T00:00:00
R000880,Student_044,ASM001,Q0048,varies,True,,2025-08-05T00:00:00
R000881,Student_045,ASM001,Q0032,varies,True,,2025-08-05T00:00:00
R000882,Student_045,ASM001,Q0067,varies,True,,2025-08-05T00:00:00
R000883,Student_045,ASM001,Q0113,varies,True,,2025-08-05T00:00:00
R000884,Student_045,ASM001,Q0121,varies,True,,2025-08-05T00:00:00
R000885,Student_045,ASM001,Q0082,incorrect_conceptual,False,conceptual,2025-08-05T00:00:00
R000886,Student_045,ASM001,Q0154,varies,True,,2025-08-05T00:00:00
R000887,Student_045,ASM001,Q0036,incorrect_conceptual,False,conceptual,2025-08-05T00:00:00
R000888,Student_045,ASM001,Q0103,varies,True,,2025-08-05T00:00:00
R000889,Student_045,ASM001,Q0100,incorrect_arithmetic,False,arithmetic,2025-08-05T00:00:00
R000890,Student_045,ASM001,Q0099,varies,True,,2025-08-05T00:00:00
R000891,Student_045,ASM001,Q0125,varies,True,,2025-08-05T00:00:00
R000892,Student_045,ASM001,Q0017,varies,True,,2025-08-05T00:00:00
R000893,Student_045,ASM001,Q0074,incorrect_decimal_placement,False,decimal_placement,2025-08-05T00:00:00
R000894,Student_045,ASM001,Q0160,varies,True,,2025-08-05T00:00:00
R000895,Student_045,ASM001,Q0133,varies,True,,2025-08-05T00:00:00
R000896,Student_045,ASM001,Q0068,incorrect_conceptual,False,conceptual,2025-08-05T00:00:00
R000897,Student_045,ASM001,Q0120,incorrect_conceptual,False,conceptual,2025-08-05T00:00:00
R000898,Student_045,ASM001,Q0041,varies,True,,2025-08-05T00:00:00
R000899,Student_045,ASM001,Q0005,varies,True,,2025-08-05T00:00:00
R000900,Student_045,ASM001,Q0048,varies,True,,2025-08-05T00:00:00
R000901,Student_046,ASM001,Q0032,incorrect_careless,False,careless,2025-08-05T00:00:00
R000902,Student_046,ASM001,Q0067,incorrect_decimal_placement,False,decimal_placement,2025-08-05T00:00:00
R000903,Student_046,ASM001,Q0113,varies,True,,2025-08-05T00:00:00
R000904,Student_046,ASM001,Q0121,varies,True,,2025-08-05T00:00:00
R000905,Student_046,ASM001,Q0082,varies,True,,2025-08-05T00:00:00
R000906,Student_046,ASM001,Q0154,varies,True,,2025-08-05T00:00:00
R000907,Student_046,ASM001,Q0036,varies,True,,2025-08-05T00:00:00
R000908,Student_046,ASM001,Q0103,varies,True,,2025-08-05T00:00:00
R000909,Student_046,ASM001,Q0100,incorrect_formula_selection,False,formula_selection,2025-08-05T00:00:00
R000910,Student_046,ASM001,Q0099,incorrect_sign_error,False,sign_error,2025-08-05T00:00:00
R000911,Student_046,ASM001,Q0125,varies,True,,2025-08-05T00:00:00
R000912,Student_046,ASM001,Q0017,incorrect_simplification,False,simplification,2025-08-05T00:00:00
R000913,Student_046,ASM001,Q0074,incorrect_arithmetic,False,arithmetic,2025-08-05T00:00:00
R000914,Student_046,ASM001,Q0160,incorrect_careless,False,careless,2025-08-05T00:00:00
R000915,Student_046,ASM001,Q0133,varies,True,,2025-08-05T00:00:00
R000916,Student_046,ASM001,Q0068,incorrect_arithmetic,False,arithmetic,2025-08-05T00:00:00
R000917,Student_046,ASM001,Q0120,varies,True,,2025-08-05T00:00:00
R000918,Student_046,ASM001,Q0041,varies,True,,2025-08-05T00:00:00
R000919,Student_046,ASM001,Q0005,varies,True,,2025-08-05T00:00:00
R000920,Student_046,ASM001,Q0048,varies,True,,2025-08-05T00:00:00
R000921,Student_047,ASM001,Q0032,varies,True,,2025-08-05T00:00:00
R000922,Student_047,ASM001,Q0067,varies,True,,2025-08-05T00:00:00
R000923,Student_047,ASM001,Q0113,varies,True,,2025-08-05T00:00:00
R000924,Student_047,ASM001,Q0121,varies,True,,2025-08-05T00:00:00
R000925,Student_047,ASM001,Q0082,varies,True,,2025-08-05T00:00:00
R000926,Student_047,ASM001,Q0154,varies,True,,2025-08-05T00:00:00
R000927,Student_047,ASM001,Q0036,varies,True,,2025-08-05T00:00:00
R000928,Student_047,ASM001,Q0103,varies,True,,2025-08-05T00:00:00
R000929,Student_047,ASM001,Q0100,varies,True,,2025-08-05T00:00:00
R000930,Student_047,ASM001,Q0099,varies,True,,2025-08-05T00:00:00
R000931,Student_047,ASM001,Q0125,varies,True,,2025-08-05T00:00:00
R000932,Student_047,ASM001,Q0017,varies,True,,2025-08-05T00:00:00
R000933,Student_047,ASM001,Q0074,varies,True,,2025-08-05T00:00:00
R000934,Student_047,ASM001,Q0160,varies,True,,2025-08-05T00:00:00
R000935,Student_047,ASM001,Q0133,varies,True,,2025-08-05T00:00:00
R000936,Student_047,ASM001,Q0068,incorrect_conceptual,False,conceptual,2025-08-05T00:00:00
R000937,Student_047,ASM001,Q0120,varies,True,,2025-08-05T00:00:00
R000938,Student_047,ASM001,Q0041,varies,True,,2025-08-05T00:00:00
R000939,Student_047,ASM001,Q0005,varies,True,,2025-08-05T00:00:00
R000940,Student_047,ASM001,Q0048,varies,True,,2025-08-05T00:00:00
R000941,Student_048,ASM001,Q0032,varies,True,,2025-08-05T00:00:00
R000942,Student_048,ASM001,Q0067,varies,True,,2025-08-05T00:00:00
R000943,Student_048,ASM001,Q0113,varies,True,,2025-08-05T00:00:00
R000944,Student_048,ASM001,Q0121,incorrect_conceptual,False,conceptual,2025-08-05T00:00:00
R000945,Student_048,ASM001,Q0082,varies,True,,2025-08-05T00:00:00
R000946,Student_048,ASM001,Q0154,varies,True,,2025-08-05T00:00:00
R000947,Student_048,ASM001,Q0036,varies,True,,2025-08-05T00:00:00
R000948,Student_048,ASM001,Q0103,varies,True,,2025-08-05T00:00:00
R000949,Student_048,ASM001,Q0100,varies,True,,2025-08-05T00:00:00
R000950,Student_048,ASM001,Q0099,varies,True,,2025-08-05T00:00:00
R000951,Student_048,ASM001,Q0125,varies,True,,2025-08-05T00:00:00
R000952,Student_048,ASM001,Q0017,incorrect_denominator_handling,False,denominator_handling,2025-08-05T00:00:00
R000953,Student_048,ASM001,Q0074,varies,True,,2025-08-05T00:00:00
R000954,Student_048,ASM001,Q0160,varies,True,,2025-08-05T00:00:00
R000955,Student_048,ASM001,Q0133,varies,True,,2025-08-05T00:00:00
R000956,Student_048,ASM001,Q0068,varies,True,,2025-08-05T00:00:00
R000957,Student_048,ASM001,Q0120,varies,True,,2025-08-05T00:00:00
R000958,Student_048,ASM001,Q0041,varies,True,,2025-08-05T00:00:00
R000959,Student_048,ASM001,Q0005,varies,True,,2025-08-05T00:00:00
R000960,Student_048,ASM001,Q0048,incorrect_conceptual,False,conceptual,2025-08-05T00:00:00
R000961,Student_049,ASM001,Q0032,varies,True,,2025-08-05T00:00:00
R000962,Student_049,ASM001,Q0067,incorrect_arithmetic,False,arithmetic,2025-08-05T00:00:00
R000963,Student_049,ASM001,Q0113,varies,True,,2025-08-05T00:00:00
R000964,Student_049,ASM001,Q0121,varies,True,,2025-08-05T00:00:00
R000965,Student_049,ASM001,Q0082,incorrect_arithmetic,False,arithmetic,2025-08-05T00:00:00
R000966,Student_049,ASM001,Q0154,varies,True,,2025-08-05T00:00:00
R000967,Student_049,ASM001,Q0036,varies,True,,2025-08-05T00:00:00
R000968,Student_049,ASM001,Q0103,incorrect_sign_error,False,sign_error,2025-08-05T00:00:00
R000969,Student_049,ASM001,Q0100,incorrect_sign_error,False,sign_error,2025-08-05T00:00:00
R000970,Student_049,ASM001,Q0099,varies,True,,2025-08-05T00:00:00
R000971,Student_049,ASM001,Q0125,varies,True,,2025-08-05T00:00:00
R000972,Student_049,ASM001,Q0017,incorrect_simplification,False,simplification,2025-08-05T00:00:00
R000973,Student_049,ASM001,Q0074,varies,True,,2025-08-05T00:00:00
R000974,Student_049,ASM001,Q0160,varies,True,,2025-08-05T00:00:00
R000975,Student_049,ASM001,Q0133,varies,True,,2025-08-05T00:00:00
R000976,Student_049,ASM001,Q0068,varies,True,,2025-08-05T00:00:00
R000977,Student_049,ASM001,Q0120,varies,True,,2025-08-05T00:00:00
R000978,Student_049,ASM001,Q0041,varies,True,,2025-08-05T00:00:00
R000979,Student_049,ASM001,Q0005,varies,True,,2025-08-05T00:00:00
R000980,Student_049,ASM001,Q0048,varies,True,,2025-08-05T00:00:00
R000981,Student_050,ASM001,Q0032,varies,True,,2025-08-05T00:00:00
R000982,Student_050,ASM001,Q0067,incorrect_decimal_placement,False,decimal_placement,2025-08-05T00:00:00
R000983,Student_050,ASM001,Q0113,varies,True,,2025-08-05T00:00:00
R000984,Student_050,ASM001,Q0121,varies,True,,2025-08-05T00:00:00
R000985,Student_050,ASM001,Q0082,incorrect_arithmetic,False,arithmetic,2025-08-05T00:00:00
R000986,Student_050,ASM001,Q0154,varies,True,,2025-08-05T00:00:00
R000987,Student_050,ASM001,Q0036,varies,True,,2025-08-05T00:00:00
R000988,Student_050,ASM001,Q0103,varies,True,,2025-08-05T00:00:00
R000989,Student_050,ASM001,Q0100,varies,True,,2025-08-05T00:00:00
R000990,Student_050,ASM001,Q0099,varies,True,,2025-08-05T00:00:00
R000991,Student_050,ASM001,Q0125,varies,True,,2025-08-05T00:00:00
R000992,Student_050,ASM001,Q0017,incorrect_denominator_handling,False,denominator_handling,2025-08-05T00:00:00
R000993,Student_050,ASM001,Q0074,varies,True,,2025-08-05T00:00:00
R000994,Student_050,ASM001,Q0160,varies,True,,2025-08-05T00:00:00
R000995,Student_050,ASM001,Q0133,varies,True,,2025-08-05T00:00:00
R000996,Student_050,ASM001,Q0068,varies,True,,2025-08-05T00:00:00
R000997,Student_050,ASM001,Q0120,varies,True,,2025-08-05T00:00:00
R000998,Student_050,ASM001,Q0041,varies,True,,2025-08-05T00:00:00
R000999,Student_050,ASM001,Q0005,varies,True,,2025-08-05T00:00:00
R001000,Student_050,ASM001,Q0048,incorrect_conceptual,False,conceptual,2025-08-05T00:00:00
R001001,Student_001,ASM002,Q0024,incorrect_denominator_handling,False,denominator_handling,2025-08-26T00:00:00
R001002,Student_001,ASM002,Q0079,varies,True,,2025-08-26T00:00:00
R001003,Student_001,ASM002,Q0036,varies,True,,2025-08-26T00:00:00
R001004,Student_001,ASM002,Q0011,incorrect_denominator_handling,False,denominator_handling,2025-08-26T00:00:00
R001005,Student_001,ASM002,Q0067,varies,True,,2025-08-26T00:00:00
R001006,Student_001,ASM002,Q0003,varies,True,,2025-08-26T00:00:00
R001007,Student_001,ASM002,Q0139,varies,True,,2025-08-26T00:00:00
R001008,Student_001,ASM002,Q0030,varies,True,,2025-08-26T00:00:00
R001009,Student_001,ASM002,Q0129,varies,True,,2025-08-26T00:00:00
R001010,Student_001,ASM002,Q0086,incorrect_formula_selection,False,formula_selection,2025-08-26T00:00:00
R001011,Student_001,ASM002,Q0046,varies,True,,2025-08-26T00:00:00
R001012,Student_001,ASM002,Q0080,incorrect_sign_error,False,sign_error,2025-08-26T00:00:00
R001013,Student_001,ASM002,Q0013,varies,True,,2025-08-26T00:00:00
R001014,Student_001,ASM002,Q0015,varies,True,,2025-08-26T00:00:00
R001015,Student_001,ASM002,Q0158,varies,True,,2025-08-26T00:00:00
R001016,Student_001,ASM002,Q0004,varies,True,,2025-08-26T00:00:00
R001017,Student_001,ASM002,Q0007,varies,True,,2025-08-26T00:00:00
R001018,Student_001,ASM002,Q0026,varies,True,,2025-08-26T00:00:00
R001019,Student_001,ASM002,Q0177,varies,True,,2025-08-26T00:00:00
R001020,Student_001,ASM002,Q0065,varies,True,,2025-08-26T00:00:00
R001021,Student_002,ASM002,Q0024,varies,True,,2025-08-26T00:00:00
R001022,Student_002,ASM002,Q0079,varies,True,,2025-08-26T00:00:00
R001023,Student_002,ASM002,Q0036,varies,True,,2025-08-26T00:00:00
R001024,Student_002,ASM002,Q0011,varies,True,,2025-08-26T00:00:00
R001025,Student_002,ASM002,Q0067,varies,True,,2025-08-26T00:00:00
R001026,Student_002,ASM002,Q0003,varies,True,,2025-08-26T00:00:00
R001027,Student_002,ASM002,Q0139,varies,True,,2025-08-26T00:00:00
R001028,Student_002,ASM002,Q0030,varies,True,,2025-08-26T00:00:00
R001029,Student_002,ASM002,Q0129,varies,True,,2025-08-26T00:00:00
R001030,Student_002,ASM002,Q0086,varies,True,,2025-08-26T00:00:00
R001031,Student_002,ASM002,Q0046,incorrect_conceptual,False,conceptual,2025-08-26T00:00:00
R001032,Student_002,ASM002,Q0080,varies,True,,2025-08-26T00:00:00
R001033,Student_002,ASM002,Q0013,incorrect_simplification,False,simplification,2025-08-26T00:00:00
R001034,Student_002,ASM002,Q0015,incorrect_simplification,False,simplification,2025-08-26T00:00:00
R001035,Student_002,ASM002,Q0158,varies,True,,2025-08-26T00:00:00
R001036,Student_002,ASM002,Q0004,varies,True,,2025-08-26T00:00:00
R001037,Student_002,ASM002,Q0007,incorrect_denominator_handling,False,denominator_handling,2025-08-26T00:00:00
R001038,Student_002,ASM002,Q0026,varies,True,,2025-08-26T00:00:00
R001039,Student_002,ASM002,Q0177,incorrect_conceptual,False,conceptual,2025-08-26T00:00:00
R001040,Student_002,ASM002,Q0065,varies,True,,2025-08-26T00:00:00
R001041,Student_003,ASM002,Q0024,varies,True,,2025-08-26T00:00:00
R001042,Student_003,ASM002,Q0079,varies,True,,2025-08-26T00:00:00
R001043,Student_003,ASM002,Q0036,incorrect_arithmetic,False,arithmetic,2025-08-26T00:00:00
R001044,Student_003,ASM002,Q0011,varies,True,,2025-08-26T00:00:00
R001045,Student_003,ASM002,Q0067,incorrect_arithmetic,False,arithmetic,2025-08-26T00:00:00
R001046,Student_003,ASM002,Q0003,varies,True,,2025-08-26T00:00:00
R001047,Student_003,ASM002,Q0139,incorrect_arithmetic,False,arithmetic,2025-08-26T00:00:00
R001048,Student_003,ASM002,Q0030,varies,True,,2025-08-26T00:00:00
R001049,Student_003,ASM002,Q0129,varies,True,,2025-08-26T00:00:00
R001050,Student_003,ASM002,Q0086,varies,True,,2025-08-26T00:00:00
R001051,Student_003,ASM002,Q0046,varies,True,,2025-08-26T00:00:00
R001052,Student_003,ASM002,Q0080,varies,True,,2025-08-26T00:00:00
R001053,Student_003,ASM002,Q0013,varies,True,,2025-08-26T00:00:00
R001054,Student_003,ASM002,Q0015,varies,True,,2025-08-26T00:00:00
R001055,Student_003,ASM002,Q0158,varies,True,,2025-08-26T00:00:00
R001056,Student_003,ASM002,Q0004,varies,True,,2025-08-26T00:00:00
R001057,Student_003,ASM002,Q0007,varies,True,,2025-08-26T00:00:00
R001058,Student_003,ASM002,Q0026,varies,True,,2025-08-26T00:00:00
R001059,Student_003,ASM002,Q0177,varies,True,,2025-08-26T00:00:00
R001060,Student_003,ASM002,Q0065,varies,True,,2025-08-26T00:00:00
R001061,Student_004,ASM002,Q0024,varies,True,,2025-08-26T00:00:00
R001062,Student_004,ASM002,Q0079,varies,True,,2025-08-26T00:00:00
R001063,Student_004,ASM002,Q0036,incorrect_simplification,False,simplification,2025-08-26T00:00:00
R001064,Student_004,ASM002,Q0011,varies,True,,2025-08-26T00:00:00
R001065,Student_004,ASM002,Q0067,varies,True,,2025-08-26T00:00:00
R001066,Student_004,ASM002,Q0003,varies,True,,2025-08-26T00:00:00
R001067,Student_004,ASM002,Q0139,varies,True,,2025-08-26T00:00:00
R001068,Student_004,ASM002,Q0030,varies,True,,2025-08-26T00:00:00
R001069,Student_004,ASM002,Q0129,varies,True,,2025-08-26T00:00:00
R001070,Student_004,ASM002,Q0086,varies,True,,2025-08-26T00:00:00
R001071,Student_004,ASM002,Q0046,varies,True,,2025-08-26T00:00:00
R001072,Student_004,ASM002,Q0080,varies,True,,2025-08-26T00:00:00
R001073,Student_004,ASM002,Q0013,varies,True,,2025-08-26T00:00:00
R001074,Student_004,ASM002,Q0015,varies,True,,2025-08-26T00:00:00
R001075,Student_004,ASM002,Q0158,incorrect_unit_conversion,False,unit_conversion,2025-08-26T00:00:00
R001076,Student_004,ASM002,Q0004,incorrect_simplification,False,simplification,2025-08-26T00:00:00
R001077,Student_004,ASM002,Q0007,incorrect_denominator_handling,False,denominator_handling,2025-08-26T00:00:00
R001078,Student_004,ASM002,Q0026,incorrect_denominator_handling,False,denominator_handling,2025-08-26T00:00:00
R001079,Student_004,ASM002,Q0177,incorrect_careless,False,careless,2025-08-26T00:00:00
R001080,Student_004,ASM002,Q0065,varies,True,,2025-08-26T00:00:00
R001081,Student_005,ASM002,Q0024,varies,True,,2025-08-26T00:00:00
R001082,Student_005,ASM002,Q0079,varies,True,,2025-08-26T00:00:00
R001083,Student_005,ASM002,Q0036,varies,True,,2025-08-26T00:00:00
R001084,Student_005,ASM002,Q0011,varies,True,,2025-08-26T00:00:00
R001085,Student_005,ASM002,Q0067,varies,True,,2025-08-26T00:00:00
R001086,Student_005,ASM002,Q0003,varies,True,,2025-08-26T00:00:00
R001087,Student_005,ASM002,Q0139,varies,True,,2025-08-26T00:00:00
R001088,Student_005,ASM002,Q0030,varies,True,,2025-08-26T00:00:00
R001089,Student_005,ASM002,Q0129,varies,True,,2025-08-26T00:00:00
R001090,Student_005,ASM002,Q0086,varies,True,,2025-08-26T00:00:00
R001091,Student_005,ASM002,Q0046,varies,True,,2025-08-26T00:00:00
R001092,Student_005,ASM002,Q0080,varies,True,,2025-08-26T00:00:00
R001093,Student_005,ASM002,Q0013,varies,True,,2025-08-26T00:00:00
R001094,Student_005,ASM002,Q0015,incorrect_simplification,False,simplification,2025-08-26T00:00:00
R001095,Student_005,ASM002,Q0158,varies,True,,2025-08-26T00:00:00
R001096,Student_005,ASM002,Q0004,varies,True,,2025-08-26T00:00:00
R001097,Student_005,ASM002,Q0007,varies,True,,2025-08-26T00:00:00
R001098,Student_005,ASM002,Q0026,varies,True,,2025-08-26T00:00:00
R001099,Student_005,ASM002,Q0177,varies,True,,2025-08-26T00:00:00
R001100,Student_005,ASM002,Q0065,varies,True,,2025-08-26T00:00:00
R001101,Student_006,ASM002,Q0024,incorrect_simplification,False,simplification,2025-08-26T00:00:00
R001102,Student_006,ASM002,Q0079,varies,True,,2025-08-26T00:00:00
R001103,Student_006,ASM002,Q0036,varies,True,,2025-08-26T00:00:00
R001104,Student_006,ASM002,Q0011,incorrect_arithmetic,False,arithmetic,2025-08-26T00:00:00
R001105,Student_006,ASM002,Q0067,varies,True,,2025-08-26T00:00:00
R001106,Student_006,ASM002,Q0003,incorrect_denominator_handling,False,denominator_handling,2025-08-26T00:00:00
R001107,Student_006,ASM002,Q0139,varies,True,,2025-08-26T00:00:00
R001108,Student_006,ASM002,Q0030,varies,True,,2025-08-26T00:00:00
R001109,Student_006,ASM002,Q0129,varies,True,,2025-08-26T00:00:00
R001110,Student_006,ASM002,Q0086,varies,True,,2025-08-26T00:00:00
R001111,Student_006,ASM002,Q0046,varies,True,,2025-08-26T00:00:00
R001112,Student_006,ASM002,Q0080,varies,True,,2025-08-26T00:00:00
R001113,Student_006,ASM002,Q0013,incorrect_simplification,False,simplification,2025-08-26T00:00:00
R001114,Student_006,ASM002,Q0015,varies,True,,2025-08-26T00:00:00
R001115,Student_006,ASM002,Q0158,varies,True,,2025-08-26T00:00:00
R001116,Student_006,ASM002,Q0004,incorrect_denominator_handling,False,denominator_handling,2025-08-26T00:00:00
R001117,Student_006,ASM002,Q0007,incorrect_simplification,False,simplification,2025-08-26T00:00:00
R001118,Student_006,ASM002,Q0026,varies,True,,2025-08-26T00:00:00
R001119,Student_006,ASM002,Q0177,varies,True,,2025-08-26T00:00:00
R001120,Student_006,ASM002,Q0065,varies,True,,2025-08-26T00:00:00
R001121,Student_007,ASM002,Q0024,incorrect_denominator_handling,False,denominator_handling,2025-08-26T00:00:00
R001122,Student_007,ASM002,Q0079,varies,True,,2025-08-26T00:00:00
R001123,Student_007,ASM002,Q0036,varies,True,,2025-08-26T00:00:00
R001124,Student_007,ASM002,Q0011,varies,True,,2025-08-26T00:00:00
R001125,Student_007,ASM002,Q0067,varies,True,,2025-08-26T00:00:00
R001126,Student_007,ASM002,Q0003,varies,True,,2025-08-26T00:00:00
R001127,Student_007,ASM002,Q0139,varies,True,,2025-08-26T00:00:00
R001128,Student_007,ASM002,Q0030,varies,True,,2025-08-26T00:00:00
R001129,Student_007,ASM002,Q0129,varies,True,,2025-08-26T00:00:00
R001130,Student_007,ASM002,Q0086,incorrect_sign_error,False,sign_error,2025-08-26T00:00:00
R001131,Student_007,ASM002,Q0046,varies,True,,2025-08-26T00:00:00
R001132,Student_007,ASM002,Q0080,varies,True,,2025-08-26T00:00:00
R001133,Student_007,ASM002,Q0013,varies,True,,2025-08-26T00:00:00
R001134,Student_007,ASM002,Q0015,varies,True,,2025-08-26T00:00:00
R001135,Student_007,ASM002,Q0158,varies,True,,2025-08-26T00:00:00
R001136,Student_007,ASM002,Q0004,varies,True,,2025-08-26T00:00:00
R001137,Student_007,ASM002,Q0007,varies,True,,2025-08-26T00:00:00
R001138,Student_007,ASM002,Q0026,varies,True,,2025-08-26T00:00:00
R001139,Student_007,ASM002,Q0177,incorrect_conceptual,False,conceptual,2025-08-26T00:00:00
R001140,Student_007,ASM002,Q0065,varies,True,,2025-08-26T00:00:00
R001141,Student_008,ASM002,Q0024,incorrect_denominator_handling,False,denominator_handling,2025-08-26T00:00:00
R001142,Student_008,ASM002,Q0079,varies,True,,2025-08-26T00:00:00
R001143,Student_008,ASM002,Q0036,incorrect_simplification,False,simplification,2025-08-26T00:00:00
R001144,Student_008,ASM002,Q0011,incorrect_simplification,False,simplification,2025-08-26T00:00:00
R001145,Student_008,ASM002,Q0067,varies,True,,2025-08-26T00:00:00
R001146,Student_008,ASM002,Q0003,varies,True,,2025-08-26T00:00:00
R001147,Student_008,ASM002,Q0139,varies,True,,2025-08-26T00:00:00
R001148,Student_008,ASM002,Q0030,varies,True,,2025-08-26T00:00:00
R001149,Student_008,ASM002,Q0129,varies,True,,2025-08-26T00:00:00
R001150,Student_008,ASM002,Q0086,incorrect_conceptual,False,conceptual,2025-08-26T00:00:00
R001151,Student_008,ASM002,Q0046,varies,True,,2025-08-26T00:00:00
R001152,Student_008,ASM002,Q0080,varies,True,,2025-08-26T00:00:00
R001153,Student_008,ASM002,Q0013,varies,True,,2025-08-26T00:00:00
R001154,Student_008,ASM002,Q0015,varies,True,,2025-08-26T00:00:00
R001155,Student_008,ASM002,Q0158,incorrect_arithmetic,False,arithmetic,2025-08-26T00:00:00
R001156,Student_008,ASM002,Q0004,incorrect_denominator_handling,False,denominator_handling,2025-08-26T00:00:00
R001157,Student_008,ASM002,Q0007,incorrect_arithmetic,False,arithmetic,2025-08-26T00:00:00
R001158,Student_008,ASM002,Q0026,varies,True,,2025-08-26T00:00:00
R001159,Student_008,ASM002,Q0177,incorrect_careless,False,careless,2025-08-26T00:00:00
R001160,Student_008,ASM002,Q0065,varies,True,,2025-08-26T00:00:00
R001161,Student_009,ASM002,Q0024,incorrect_denominator_handling,False,denominator_handling,2025-08-26T00:00:00
R001162,Student_009,ASM002,Q0079,varies,True,,2025-08-26T00:00:00
R001163,Student_009,ASM002,Q0036,incorrect_arithmetic,False,arithmetic,2025-08-26T00:00:00
R001164,Student_009,ASM002,Q0011,varies,True,,2025-08-26T00:00:00
R001165,Student_009,ASM002,Q0067,varies,True,,2025-08-26T00:00:00
R001166,Student_009,ASM002,Q0003,incorrect_denominator_handling,False,denominator_handling,2025-08-26T00:00:00
R001167,Student_009,ASM002,Q0139,varies,True,,2025-08-26T00:00:00
R001168,Student_009,ASM002,Q0030,varies,True,,2025-08-26T00:00:00
R001169,Student_009,ASM002,Q0129,varies,True,,2025-08-26T00:00:00
R001170,Student_009,ASM002,Q0086,incorrect_formula_selection,False,formula_selection,2025-08-26T00:00:00
R001171,Student_009,ASM002,Q0046,varies,True,,2025-08-26T00:00:00
R001172,Student_009,ASM002,Q0080,varies,True,,2025-08-26T00:00:00
R001173,Student_009,ASM002,Q0013,varies,True,,2025-08-26T00:00:00
R001174,Student_009,ASM002,Q0015,varies,True,,2025-08-26T00:00:00
R001175,Student_009,ASM002,Q0158,varies,True,,2025-08-26T00:00:00
R001176,Student_009,ASM002,Q0004,varies,True,,2025-08-26T00:00:00
R001177,Student_009,ASM002,Q0007,incorrect_denominator_handling,False,denominator_handling,2025-08-26T00:00:00
R001178,Student_009,ASM002,Q0026,varies,True,,2025-08-26T00:00:00
R001179,Student_009,ASM002,Q0177,varies,True,,2025-08-26T00:00:00
R001180,Student_009,ASM002,Q0065,varies,True,,2025-08-26T00:00:00
R001181,Student_010,ASM002,Q0024,varies,True,,2025-08-26T00:00:00
R001182,Student_010,ASM002,Q0079,varies,True,,2025-08-26T00:00:00
R001183,Student_010,ASM002,Q0036,incorrect_simplification,False,simplification,2025-08-26T00:00:00
R001184,Student_010,ASM002,Q0011,incorrect_denominator_handling,False,denominator_handling,2025-08-26T00:00:00
R001185,Student_010,ASM002,Q0067,varies,True,,2025-08-26T00:00:00
R001186,Student_010,ASM002,Q0003,varies,True,,2025-08-26T00:00:00
R001187,Student_010,ASM002,Q0139,varies,True,,2025-08-26T00:00:00
R001188,Student_010,ASM002,Q0030,varies,True,,2025-08-26T00:00:00
R001189,Student_010,ASM002,Q0129,varies,True,,2025-08-26T00:00:00
R001190,Student_010,ASM002,Q0086,varies,True,,2025-08-26T00:00:00
R001191,Student_010,ASM002,Q0046,varies,True,,2025-08-26T00:00:00
R001192,Student_010,ASM002,Q0080,incorrect_conceptual,False,conceptual,2025-08-26T00:00:00
R001193,Student_010,ASM002,Q0013,varies,True,,2025-08-26T00:00:00
R001194,Student_010,ASM002,Q0015,incorrect_denominator_handling,False,denominator_handling,2025-08-26T00:00:00
R001195,Student_010,ASM002,Q0158,varies,True,,2025-08-26T00:00:00
R001196,Student_010,ASM002,Q0004,varies,True,,2025-08-26T00:00:00
R001197,Student_010,ASM002,Q0007,incorrect_denominator_handling,False,denominator_handling,2025-08-26T00:00:00
R001198,Student_010,ASM002,Q0026,varies,True,,2025-08-26T00:00:00
R001199,Student_010,ASM002,Q0177,varies,True,,2025-08-26T00:00:00
R001200,Student_010,ASM002,Q0065,varies,True,,2025-08-26T00:00:00
R001201,Student_011,ASM002,Q0024,incorrect_arithmetic,False,arithmetic,2025-08-26T00:00:00
R001202,Student_011,ASM002,Q0079,varies,True,,2025-08-26T00:00:00
R001203,Student_011,ASM002,Q0036,varies,True,,2025-08-26T00:00:00
R001204,Student_011,ASM002,Q0011,varies,True,,2025-08-26T00:00:00
R001205,Student_011,ASM002,Q0067,varies,True,,2025-08-26T00:00:00
R001206,Student_011,ASM002,Q0003,varies,True,,2025-08-26T00:00:00
R001207,Student_011,ASM002,Q0139,varies,True,,2025-08-26T00:00:00
R001208,Student_011,ASM002,Q0030,varies,True,,2025-08-26T00:00:00
R001209,Student_011,ASM002,Q0129,varies,True,,2025-08-26T00:00:00
R001210,Student_011,ASM002,Q0086,varies,True,,2025-08-26T00:00:00
R001211,Student_011,ASM002,Q0046,varies,True,,2025-08-26T00:00:00
R001212,Student_011,ASM002,Q0080,varies,True,,2025-08-26T00:00:00
R001213,Student_011,ASM002,Q0013,varies,True,,2025-08-26T00:00:00
R001214,Student_011,ASM002,Q0015,varies,True,,2025-08-26T00:00:00
R001215,Student_011,ASM002,Q0158,varies,True,,2025-08-26T00:00:00
R001216,Student_011,ASM002,Q0004,varies,True,,2025-08-26T00:00:00
R001217,Student_011,ASM002,Q0007,varies,True,,2025-08-26T00:00:00
R001218,Student_011,ASM002,Q0026,varies,True,,2025-08-26T00:00:00
R001219,Student_011,ASM002,Q0177,varies,True,,2025-08-26T00:00:00
R001220,Student_011,ASM002,Q0065,varies,True,,2025-08-26T00:00:00
R001221,Student_012,ASM002,Q0024,varies,True,,2025-08-26T00:00:00
R001222,Student_012,ASM002,Q0079,varies,True,,2025-08-26T00:00:00
R001223,Student_012,ASM002,Q0036,varies,True,,2025-08-26T00:00:00
R001224,Student_012,ASM002,Q0011,incorrect_denominator_handling,False,denominator_handling,2025-08-26T00:00:00
R001225,Student_012,ASM002,Q0067,varies,True,,2025-08-26T00:00:00
R001226,Student_012,ASM002,Q0003,incorrect_denominator_handling,False,denominator_handling,2025-08-26T00:00:00
R001227,Student_012,ASM002,Q0139,varies,True,,2025-08-26T00:00:00
R001228,Student_012,ASM002,Q0030,varies,True,,2025-08-26T00:00:00
R001229,Student_012,ASM002,Q0129,varies,True,,2025-08-26T00:00:00
R001230,Student_012,ASM002,Q0086,varies,True,,2025-08-26T00:00:00
R001231,Student_012,ASM002,Q0046,varies,True,,2025-08-26T00:00:00
R001232,Student_012,ASM002,Q0080,varies,True,,2025-08-26T00:00:00
R001233,Student_012,ASM002,Q0013,varies,True,,2025-08-26T00:00:00
R001234,Student_012,ASM002,Q0015,incorrect_simplification,False,simplification,2025-08-26T00:00:00
R001235,Student_012,ASM002,Q0158,varies,True,,2025-08-26T00:00:00
R001236,Student_012,ASM002,Q0004,varies,True,,2025-08-26T00:00:00
R001237,Student_012,ASM002,Q0007,varies,True,,2025-08-26T00:00:00
R001238,Student_012,ASM002,Q0026,incorrect_simplification,False,simplification,2025-08-26T00:00:00
R001239,Student_012,ASM002,Q0177,varies,True,,2025-08-26T00:00:00
R001240,Student_012,ASM002,Q0065,varies,True,,2025-08-26T00:00:00
R001241,Student_013,ASM002,Q0024,varies,True,,2025-08-26T00:00:00
R001242,Student_013,ASM002,Q0079,incorrect_formula_selection,False,formula_selection,2025-08-26T00:00:00
R001243,Student_013,ASM002,Q0036,varies,True,,2025-08-26T00:00:00
R001244,Student_013,ASM002,Q0011,varies,True,,2025-08-26T00:00:00
R001245,Student_013,ASM002,Q0067,incorrect_conceptual,False,conceptual,2025-08-26T00:00:00
R001246,Student_013,ASM002,Q0003,varies,True,,2025-08-26T00:00:00
R001247,Student_013,ASM002,Q0139,varies,True,,2025-08-26T00:00:00
R001248,Student_013,ASM002,Q0030,varies,True,,2025-08-26T00:00:00
R001249,Student_013,ASM002,Q0129,incorrect_unit_conversion,False,unit_conversion,2025-08-26T00:00:00
R001250,Student_013,ASM002,Q0086,varies,True,,2025-08-26T00:00:00
R001251,Student_013,ASM002,Q0046,varies,True,,2025-08-26T00:00:00
R001252,Student_013,ASM002,Q0080,varies,True,,2025-08-26T00:00:00
R001253,Student_013,ASM002,Q0013,varies,True,,2025-08-26T00:00:00
R001254,Student_013,ASM002,Q0015,varies,True,,2025-08-26T00:00:00
R001255,Student_013,ASM002,Q0158,varies,True,,2025-08-26T00:00:00
R001256,Student_013,ASM002,Q0004,varies,True,,2025-08-26T00:00:00
R001257,Student_013,ASM002,Q0007,varies,True,,2025-08-26T00:00:00
R001258,Student_013,ASM002,Q0026,varies,True,,2025-08-26T00:00:00
R001259,Student_013,ASM002,Q0177,varies,True,,2025-08-26T00:00:00
R001260,Student_013,ASM002,Q0065,varies,True,,2025-08-26T00:00:00
R001261,Student_014,ASM002,Q0024,varies,True,,2025-08-26T00:00:00
R001262,Student_014,ASM002,Q0079,varies,True,,2025-08-26T00:00:00
R001263,Student_014,ASM002,Q0036,varies,True,,2025-08-26T00:00:00
R001264,Student_014,ASM002,Q0011,varies,True,,2025-08-26T00:00:00
R001265,Student_014,ASM002,Q0067,varies,True,,2025-08-26T00:00:00
R001266,Student_014,ASM002,Q0003,incorrect_denominator_handling,False,denominator_handling,2025-08-26T00:00:00
R001267,Student_014,ASM002,Q0139,incorrect_conceptual,False,conceptual,2025-08-26T00:00:00
R001268,Student_014,ASM002,Q0030,varies,True,,2025-08-26T00:00:00
R001269,Student_014,ASM002,Q0129,varies,True,,2025-08-26T00:00:00
R001270,Student_014,ASM002,Q0086,varies,True,,2025-08-26T00:00:00
R001271,Student_014,ASM002,Q0046,varies,True,,2025-08-26T00:00:00
R001272,Student_014,ASM002,Q0080,varies,True,,2025-08-26T00:00:00
R001273,Student_014,ASM002,Q0013,incorrect_simplification,False,simplification,2025-08-26T00:00:00
R001274,Student_014,ASM002,Q0015,varies,True,,2025-08-26T00:00:00
R001275,Student_014,ASM002,Q0158,incorrect_arithmetic,False,arithmetic,2025-08-26T00:00:00
R001276,Student_014,ASM002,Q0004,incorrect_denominator_handling,False,denominator_handling,2025-08-26T00:00:00
R001277,Student_014,ASM002,Q0007,incorrect_denominator_handling,False,denominator_handling,2025-08-26T00:00:00
R001278,Student_014,ASM002,Q0026,varies,True,,2025-08-26T00:00:00
R001279,Student_014,ASM002,Q0177,varies,True,,2025-08-26T00:00:00
R001280,Student_014,ASM002,Q0065,varies,True,,2025-08-26T00:00:00
R001281,Student_015,ASM002,Q0024,varies,True,,2025-08-26T00:00:00
R001282,Student_015,ASM002,Q0079,incorrect_conceptual,False,conceptual,2025-08-26T00:00:00
R001283,Student_015,ASM002,Q0036,varies,True,,2025-08-26T00:00:00
R001284,Student_015,ASM002,Q0011,varies,True,,2025-08-26T00:00:00
R001285,Student_015,ASM002,Q0067,varies,True,,2025-08-26T00:00:00
R001286,Student_015,ASM002,Q0003,varies,True,,2025-08-26T00:00:00
R001287,Student_015,ASM002,Q0139,varies,True,,2025-08-26T00:00:00
R001288,Student_015,ASM002,Q0030,incorrect_arithmetic,False,arithmetic,2025-08-26T00:00:00
R001289,Student_015,ASM002,Q0129,varies,True,,2025-08-26T00:00:00
R001290,Student_015,ASM002,Q0086,varies,True,,2025-08-26T00:00:00
R001291,Student_015,ASM002,Q0046,varies,True,,2025-08-26T00:00:00
R001292,Student_015,ASM002,Q0080,varies,True,,2025-08-26T00:00:00
R001293,Student_015,ASM002,Q0013,varies,True,,2025-08-26T00:00:00
R001294,Student_015,ASM002,Q0015,varies,True,,2025-08-26T00:00:00
R001295,Student_015,ASM002,Q0158,varies,True,,2025-08-26T00:00:00
R001296,Student_015,ASM002,Q0004,varies,True,,2025-08-26T00:00:00
R001297,Student_015,ASM002,Q0007,incorrect_simplification,False,simplification,2025-08-26T00:00:00
R001298,Student_015,ASM002,Q0026,incorrect_arithmetic,False,arithmetic,2025-08-26T00:00:00
R001299,Student_015,ASM002,Q0177,varies,True,,2025-08-26T00:00:00
R001300,Student_015,ASM002,Q0065,varies,True,,2025-08-26T00:00:00
R001301,Student_016,ASM002,Q0024,varies,True,,2025-08-26T00:00:00
R001302,Student_016,ASM002,Q0079,incorrect_conceptual,False,conceptual,2025-08-26T00:00:00
R001303,Student_016,ASM002,Q0036,incorrect_simplification,False,simplification,2025-08-26T00:00:00
R001304,Student_016,ASM002,Q0011,varies,True,,2025-08-26T00:00:00
R001305,Student_016,ASM002,Q0067,varies,True,,2025-08-26T00:00:00
R001306,Student_016,ASM002,Q0003,varies,True,,2025-08-26T00:00:00
R001307,Student_016,ASM002,Q0139,varies,True,,2025-08-26T00:00:00
R001308,Student_016,ASM002,Q0030,incorrect_careless,False,careless,2025-08-26T00:00:00
R001309,Student_016,ASM002,Q0129,varies,True,,2025-08-26T00:00:00
R001310,Student_016,ASM002,Q0086,varies,True,,2025-08-26T00:00:00
R001311,Student_016,ASM002,Q0046,incorrect_conceptual,False,conceptual,2025-08-26T00:00:00
R001312,Student_016,ASM002,Q0080,varies,True,,2025-08-26T00:00:00
R001313,Student_016,ASM002,Q0013,varies,True,,2025-08-26T00:00:00
R001314,Student_016,ASM002,Q0015,incorrect_simplification,False,simplification,2025-08-26T00:00:00
R001315,Student_016,ASM002,Q0158,varies,True,,2025-08-26T00:00:00
R001316,Student_016,ASM002,Q0004,varies,True,,2025-08-26T00:00:00
R001317,Student_016,ASM002,Q0007,incorrect_denominator_handling,False,denominator_handling,2025-08-26T00:00:00
R001318,Student_016,ASM002,Q0026,varies,True,,2025-08-26T00:00:00
R001319,Student_016,ASM002,Q0177,incorrect_arithmetic,False,arithmetic,2025-08-26T00:00:00
R001320,Student_016,ASM002,Q0065,varies,True,,2025-08-26T00:00:00
R001321,Student_017,ASM002,Q0024,varies,True,,2025-08-26T00:00:00
R001322,Student_017,ASM002,Q0079,varies,True,,2025-08-26T00:00:00
R001323,Student_017,ASM002,Q0036,varies,True,,2025-08-26T00:00:00
R001324,Student_017,ASM002,Q0011,varies,True,,2025-08-26T00:00:00
R001325,Student_017,ASM002,Q0067,varies,True,,2025-08-26T00:00:00
R001326,Student_017,ASM002,Q0003,varies,True,,2025-08-26T00:00:00
R001327,Student_017,ASM002,Q0139,varies,True,,2025-08-26T00:00:00
R001328,Student_017,ASM002,Q0030,varies,True,,2025-08-26T00:00:00
R001329,Student_017,ASM002,Q0129,varies,True,,2025-08-26T00:00:00
R001330,Student_017,ASM002,Q0086,varies,True,,2025-08-26T00:00:00
R001331,Student_017,ASM002,Q0046,varies,True,,2025-08-26T00:00:00
R001332,Student_017,ASM002,Q0080,varies,True,,2025-08-26T00:00:00
R001333,Student_017,ASM002,Q0013,varies,True,,2025-08-26T00:00:00
R001334,Student_017,ASM002,Q0015,varies,True,,2025-08-26T00:00:00
R001335,Student_017,ASM002,Q0158,varies,True,,2025-08-26T00:00:00
R001336,Student_017,ASM002,Q0004,varies,True,,2025-08-26T00:00:00
R001337,Student_017,ASM002,Q0007,varies,True,,2025-08-26T00:00:00
R001338,Student_017,ASM002,Q0026,varies,True,,2025-08-26T00:00:00
R001339,Student_017,ASM002,Q0177,varies,True,,2025-08-26T00:00:00
R001340,Student_017,ASM002,Q0065,varies,True,,2025-08-26T00:00:00
R001341,Student_018,ASM002,Q0024,varies,True,,2025-08-26T00:00:00
R001342,Student_018,ASM002,Q0079,varies,True,,2025-08-26T00:00:00
R001343,Student_018,ASM002,Q0036,varies,True,,2025-08-26T00:00:00
R001344,Student_018,ASM002,Q0011,varies,True,,2025-08-26T00:00:00
R001345,Student_018,ASM002,Q0067,varies,True,,2025-08-26T00:00:00
R001346,Student_018,ASM002,Q0003,varies,True,,2025-08-26T00:00:00
R001347,Student_018,ASM002,Q0139,varies,True,,2025-08-26T00:00:00
R001348,Student_018,ASM002,Q0030,incorrect_denominator_handling,False,denominator_handling,2025-08-26T00:00:00
R001349,Student_018,ASM002,Q0129,varies,True,,2025-08-26T00:00:00
R001350,Student_018,ASM002,Q0086,varies,True,,2025-08-26T00:00:00
R001351,Student_018,ASM002,Q0046,varies,True,,2025-08-26T00:00:00
R001352,Student_018,ASM002,Q0080,varies,True,,2025-08-26T00:00:00
R001353,Student_018,ASM002,Q0013,varies,True,,2025-08-26T00:00:00
R001354,Student_018,ASM002,Q0015,incorrect_denominator_handling,False,denominator_handling,2025-08-26T00:00:00
R001355,Student_018,ASM002,Q0158,incorrect_unit_conversion,False,unit_conversion,2025-08-26T00:00:00
R001356,Student_018,ASM002,Q0004,incorrect_denominator_handling,False,denominator_handling,2025-08-26T00:00:00
R001357,Student_018,ASM002,Q0007,varies,True,,2025-08-26T00:00:00
R001358,Student_018,ASM002,Q0026,incorrect_denominator_handling,False,denominator_handling,2025-08-26T00:00:00
R001359,Student_018,ASM002,Q0177,varies,True,,2025-08-26T00:00:00
R001360,Student_018,ASM002,Q0065,varies,True,,2025-08-26T00:00:00
R001361,Student_019,ASM002,Q0024,varies,True,,2025-08-26T00:00:00
R001362,Student_019,ASM002,Q0079,varies,True,,2025-08-26T00:00:00
R001363,Student_019,ASM002,Q0036,varies,True,,2025-08-26T00:00:00
R001364,Student_019,ASM002,Q0011,varies,True,,2025-08-26T00:00:00
R001365,Student_019,ASM002,Q0067,varies,True,,2025-08-26T00:00:00
R001366,Student_019,ASM002,Q0003,varies,True,,2025-08-26T00:00:00
R001367,Student_019,ASM002,Q0139,varies,True,,2025-08-26T00:00:00
R001368,Student_019,ASM002,Q0030,incorrect_denominator_handling,False,denominator_handling,2025-08-26T00:00:00
R001369,Student_019,ASM002,Q0129,varies,True,,2025-08-26T00:00:00
R001370,Student_019,ASM002,Q0086,varies,True,,2025-08-26T00:00:00
R001371,Student_019,ASM002,Q0046,varies,True,,2025-08-26T00:00:00
R001372,Student_019,ASM002,Q0080,varies,True,,2025-08-26T00:00:00
R001373,Student_019,ASM002,Q0013,varies,True,,2025-08-26T00:00:00
R001374,Student_019,ASM002,Q0015,varies,True,,2025-08-26T00:00:00
R001375,Student_019,ASM002,Q0158,varies,True,,2025-08-26T00:00:00
R001376,Student_019,ASM002,Q0004,varies,True,,2025-08-26T00:00:00
R001377,Student_019,ASM002,Q0007,incorrect_simplification,False,simplification,2025-08-26T00:00:00
R001378,Student_019,ASM002,Q0026,varies,True,,2025-08-26T00:00:00
R001379,Student_019,ASM002,Q0177,varies,True,,2025-08-26T00:00:00
R001380,Student_019,ASM002,Q0065,varies,True,,2025-08-26T00:00:00
R001381,Student_020,ASM002,Q0024,incorrect_denominator_handling,False,denominator_handling,2025-08-26T00:00:00
R001382,Student_020,ASM002,Q0079,varies,True,,2025-08-26T00:00:00
R001383,Student_020,ASM002,Q0036,varies,True,,2025-08-26T00:00:00
R001384,Student_020,ASM002,Q0011,incorrect_arithmetic,False,arithmetic,2025-08-26T00:00:00
R001385,Student_020,ASM002,Q0067,incorrect_arithmetic,False,arithmetic,2025-08-26T00:00:00
R001386,Student_020,ASM002,Q0003,varies,True,,2025-08-26T00:00:00
R001387,Student_020,ASM002,Q0139,varies,True,,2025-08-26T00:00:00
R001388,Student_020,ASM002,Q0030,incorrect_denominator_handling,False,denominator_handling,2025-08-26T00:00:00
R001389,Student_020,ASM002,Q0129,varies,True,,2025-08-26T00:00:00
R001390,Student_020,ASM002,Q0086,incorrect_formula_selection,False,formula_selection,2025-08-26T00:00:00
R001391,Student_020,ASM002,Q0046,incorrect_arithmetic,False,arithmetic,2025-08-26T00:00:00
R001392,Student_020,ASM002,Q0080,varies,True,,2025-08-26T00:00:00
R001393,Student_020,ASM002,Q0013,varies,True,,2025-08-26T00:00:00
R001394,Student_020,ASM002,Q0015,varies,True,,2025-08-26T00:00:00
R001395,Student_020,ASM002,Q0158,incorrect_arithmetic,False,arithmetic,2025-08-26T00:00:00
R001396,Student_020,ASM002,Q0004,varies,True,,2025-08-26T00:00:00
R001397,Student_020,ASM002,Q0007,varies,True,,2025-08-26T00:00:00
R001398,Student_020,ASM002,Q0026,incorrect_careless,False,careless,2025-08-26T00:00:00
R001399,Student_020,ASM002,Q0177,varies,True,,2025-08-26T00:00:00
R001400,Student_020,ASM002,Q0065,varies,True,,2025-08-26T00:00:00
R001401,Student_021,ASM002,Q0024,varies,True,,2025-08-26T00:00:00
R001402,Student_021,ASM002,Q0079,varies,True,,2025-08-26T00:00:00
R001403,Student_021,ASM002,Q0036,varies,True,,2025-08-26T00:00:00
R001404,Student_021,ASM002,Q0011,varies,True,,2025-08-26T00:00:00
R001405,Student_021,ASM002,Q0067,varies,True,,2025-08-26T00:00:00
R001406,Student_021,ASM002,Q0003,incorrect_denominator_handling,False,denominator_handling,2025-08-26T00:00:00
R001407,Student_021,ASM002,Q0139,varies,True,,2025-08-26T00:00:00
R001408,Student_021,ASM002,Q0030,incorrect_denominator_handling,False,denominator_handling,2025-08-26T00:00:00
R001409,Student_021,ASM002,Q0129,varies,True,,2025-08-26T00:00:00
R001410,Student_021,ASM002,Q0086,incorrect_formula_selection,False,formula_selection,2025-08-26T00:00:00
R001411,Student_021,ASM002,Q0046,varies,True,,2025-08-26T00:00:00
R001412,Student_021,ASM002,Q0080,incorrect_conceptual,False,conceptual,2025-08-26T00:00:00
R001413,Student_021,ASM002,Q0013,varies,True,,2025-08-26T00:00:00
R001414,Student_021,ASM002,Q0015,varies,True,,2025-08-26T00:00:00
R001415,Student_021,ASM002,Q0158,varies,True,,2025-08-26T00:00:00
R001416,Student_021,ASM002,Q0004,varies,True,,2025-08-26T00:00:00
R001417,Student_021,ASM002,Q0007,incorrect_denominator_handling,False,denominator_handling,2025-08-26T00:00:00
R001418,Student_021,ASM002,Q0026,varies,True,,2025-08-26T00:00:00
R001419,Student_021,ASM002,Q0177,varies,True,,2025-08-26T00:00:00
R001420,Student_021,ASM002,Q0065,incorrect_decimal_placement,False,decimal_placement,2025-08-26T00:00:00
R001421,Student_022,ASM002,Q0024,incorrect_denominator_handling,False,denominator_handling,2025-08-26T00:00:00
R001422,Student_022,ASM002,Q0079,varies,True,,2025-08-26T00:00:00
R001423,Student_022,ASM002,Q0036,varies,True,,2025-08-26T00:00:00
R001424,Student_022,ASM002,Q0011,varies,True,,2025-08-26T00:00:00
R001425,Student_022,ASM002,Q0067,varies,True,,2025-08-26T00:00:00
R001426,Student_022,ASM002,Q0003,varies,True,,2025-08-26T00:00:00
R001427,Student_022,ASM002,Q0139,varies,True,,2025-08-26T00:00:00
R001428,Student_022,ASM002,Q0030,varies,True,,2025-08-26T00:00:00
R001429,Student_022,ASM002,Q0129,varies,True,,2025-08-26T00:00:00
R001430,Student_022,ASM002,Q0086,varies,True,,2025-08-26T00:00:00
R001431,Student_022,ASM002,Q0046,varies,True,,2025-08-26T00:00:00
R001432,Student_022,ASM002,Q0080,varies,True,,2025-08-26T00:00:00
R001433,Student_022,ASM002,Q0013,varies,True,,2025-08-26T00:00:00
R001434,Student_022,ASM002,Q0015,incorrect_arithmetic,False,arithmetic,2025-08-26T00:00:00
R001435,Student_022,ASM002,Q0158,incorrect_careless,False,careless,2025-08-26T00:00:00
R001436,Student_022,ASM002,Q0004,varies,True,,2025-08-26T00:00:00
R001437,Student_022,ASM002,Q0007,varies,True,,2025-08-26T00:00:00
R001438,Student_022,ASM002,Q0026,varies,True,,2025-08-26T00:00:00
R001439,Student_022,ASM002,Q0177,varies,True,,2025-08-26T00:00:00
R001440,Student_022,ASM002,Q0065,varies,True,,2025-08-26T00:00:00
R001441,Student_023,ASM002,Q0024,varies,True,,2025-08-26T00:00:00
R001442,Student_023,ASM002,Q0079,varies,True,,2025-08-26T00:00:00
R001443,Student_023,ASM002,Q0036,varies,True,,2025-08-26T00:00:00
R001444,Student_023,ASM002,Q0011,varies,True,,2025-08-26T00:00:00
R001445,Student_023,ASM002,Q0067,varies,True,,2025-08-26T00:00:00
R001446,Student_023,ASM002,Q0003,varies,True,,2025-08-26T00:00:00
R001447,Student_023,ASM002,Q0139,varies,True,,2025-08-26T00:00:00
R001448,Student_023,ASM002,Q0030,incorrect_denominator_handling,False,denominator_handling,2025-08-26T00:00:00
R001449,Student_023,ASM002,Q0129,varies,True,,2025-08-26T00:00:00
R001450,Student_023,ASM002,Q0086,varies,True,,2025-08-26T00:00:00
R001451,Student_023,ASM002,Q0046,varies,True,,2025-08-26T00:00:00
R001452,Student_023,ASM002,Q0080,incorrect_arithmetic,False,arithmetic,2025-08-26T00:00:00
R001453,Student_023,ASM002,Q0013,varies,True,,2025-08-26T00:00:00
R001454,Student_023,ASM002,Q0015,varies,True,,2025-08-26T00:00:00
R001455,Student_023,ASM002,Q0158,varies,True,,2025-08-26T00:00:00
R001456,Student_023,ASM002,Q0004,varies,True,,2025-08-26T00:00:00
R001457,Student_023,ASM002,Q0007,varies,True,,2025-08-26T00:00:00
R001458,Student_023,ASM002,Q0026,varies,True,,2025-08-26T00:00:00
R001459,Student_023,ASM002,Q0177,varies,True,,2025-08-26T00:00:00
R001460,Student_023,ASM002,Q0065,varies,True,,2025-08-26T00:00:00
R001461,Student_024,ASM002,Q0024,incorrect_simplification,False,simplification,2025-08-26T00:00:00
R001462,Student_024,ASM002,Q0079,incorrect_careless,False,careless,2025-08-26T00:00:00
R001463,Student_024,ASM002,Q0036,incorrect_denominator_handling,False,denominator_handling,2025-08-26T00:00:00
R001464,Student_024,ASM002,Q0011,incorrect_denominator_handling,False,denominator_handling,2025-08-26T00:00:00
R001465,Student_024,ASM002,Q0067,varies,True,,2025-08-26T00:00:00
R001466,Student_024,ASM002,Q0003,incorrect_simplification,False,simplification,2025-08-26T00:00:00
R001467,Student_024,ASM002,Q0139,varies,True,,2025-08-26T00:00:00
R001468,Student_024,ASM002,Q0030,incorrect_arithmetic,False,arithmetic,2025-08-26T00:00:00
R001469,Student_024,ASM002,Q0129,varies,True,,2025-08-26T00:00:00
R001470,Student_024,ASM002,Q0086,varies,True,,2025-08-26T00:00:00
R001471,Student_024,ASM002,Q0046,varies,True,,2025-08-26T00:00:00
R001472,Student_024,ASM002,Q0080,varies,True,,2025-08-26T00:00:00
R001473,Student_024,ASM002,Q0013,incorrect_simplification,False,simplification,2025-08-26T00:00:00
R001474,Student_024,ASM002,Q0015,varies,True,,2025-08-26T00:00:00
R001475,Student_024,ASM002,Q0158,varies,True,,2025-08-26T00:00:00
R001476,Student_024,ASM002,Q0004,varies,True,,2025-08-26T00:00:00
R001477,Student_024,ASM002,Q0007,incorrect_simplification,False,simplification,2025-08-26T00:00:00
R001478,Student_024,ASM002,Q0026,incorrect_simplification,False,simplification,2025-08-26T00:00:00
R001479,Student_024,ASM002,Q0177,varies,True,,2025-08-26T00:00:00
R001480,Student_024,ASM002,Q0065,varies,True,,2025-08-26T00:00:00
R001481,Student_025,ASM002,Q0024,varies,True,,2025-08-26T00:00:00
R001482,Student_025,ASM002,Q0079,varies,True,,2025-08-26T00:00:00
R001483,Student_025,ASM002,Q0036,varies,True,,2025-08-26T00:00:00
R001484,Student_025,ASM002,Q0011,varies,True,,2025-08-26T00:00:00
R001485,Student_025,ASM002,Q0067,varies,True,,2025-08-26T00:00:00
R001486,Student_025,ASM002,Q0003,varies,True,,2025-08-26T00:00:00
R001487,Student_025,ASM002,Q0139,varies,True,,2025-08-26T00:00:00
R001488,Student_025,ASM002,Q0030,varies,True,,2025-08-26T00:00:00
R001489,Student_025,ASM002,Q0129,varies,True,,2025-08-26T00:00:00
R001490,Student_025,ASM002,Q0086,varies,True,,2025-08-26T00:00:00
R001491,Student_025,ASM002,Q0046,varies,True,,2025-08-26T00:00:00
R001492,Student_025,ASM002,Q0080,varies,True,,2025-08-26T00:00:00
R001493,Student_025,ASM002,Q0013,varies,True,,2025-08-26T00:00:00
R001494,Student_025,ASM002,Q0015,varies,True,,2025-08-26T00:00:00
R001495,Student_025,ASM002,Q0158,varies,True,,2025-08-26T00:00:00
R001496,Student_025,ASM002,Q0004,varies,True,,2025-08-26T00:00:00
R001497,Student_025,ASM002,Q0007,varies,True,,2025-08-26T00:00:00
R001498,Student_025,ASM002,Q0026,varies,True,,2025-08-26T00:00:00
R001499,Student_025,ASM002,Q0177,varies,True,,2025-08-26T00:00:00
R001500,Student_025,ASM002,Q0065,varies,True,,2025-08-26T00:00:00
R001501,Student_026,ASM002,Q0024,varies,True,,2025-08-26T00:00:00
R001502,Student_026,ASM002,Q0079,varies,True,,2025-08-26T00:00:00
R001503,Student_026,ASM002,Q0036,varies,True,,2025-08-26T00:00:00
R001504,Student_026,ASM002,Q0011,incorrect_simplification,False,simplification,2025-08-26T00:00:00
R001505,Student_026,ASM002,Q0067,incorrect_arithmetic,False,arithmetic,2025-08-26T00:00:00
R001506,Student_026,ASM002,Q0003,varies,True,,2025-08-26T00:00:00
R001507,Student_026,ASM002,Q0139,varies,True,,2025-08-26T00:00:00
R001508,Student_026,ASM002,Q0030,varies,True,,2025-08-26T00:00:00
R001509,Student_026,ASM002,Q0129,varies,True,,2025-08-26T00:00:00
R001510,Student_026,ASM002,Q0086,varies,True,,2025-08-26T00:00:00
R001511,Student_026,ASM002,Q0046,varies,True,,2025-08-26T00:00:00
R001512,Student_026,ASM002,Q0080,varies,True,,2025-08-26T00:00:00
R001513,Student_026,ASM002,Q0013,varies,True,,2025-08-26T00:00:00
R001514,Student_026,ASM002,Q0015,varies,True,,2025-08-26T00:00:00
R001515,Student_026,ASM002,Q0158,varies,True,,2025-08-26T00:00:00
R001516,Student_026,ASM002,Q0004,varies,True,,2025-08-26T00:00:00
R001517,Student_026,ASM002,Q0007,varies,True,,2025-08-26T00:00:00
R001518,Student_026,ASM002,Q0026,varies,True,,2025-08-26T00:00:00
R001519,Student_026,ASM002,Q0177,varies,True,,2025-08-26T00:00:00
R001520,Student_026,ASM002,Q0065,incorrect_decimal_placement,False,decimal_placement,2025-08-26T00:00:00
R001521,Student_027,ASM002,Q0024,incorrect_denominator_handling,False,denominator_handling,2025-08-26T00:00:00
R001522,Student_027,ASM002,Q0079,varies,True,,2025-08-26T00:00:00
R001523,Student_027,ASM002,Q0036,varies,True,,2025-08-26T00:00:00
R001524,Student_027,ASM002,Q0011,incorrect_simplification,False,simplification,2025-08-26T00:00:00
R001525,Student_027,ASM002,Q0067,varies,True,,2025-08-26T00:00:00
R001526,Student_027,ASM002,Q0003,incorrect_denominator_handling,False,denominator_handling,2025-08-26T00:00:00
R001527,Student_027,ASM002,Q0139,varies,True,,2025-08-26T00:00:00
R001528,Student_027,ASM002,Q0030,varies,True,,2025-08-26T00:00:00
R001529,Student_027,ASM002,Q0129,incorrect_area_perimeter_confusion,False,area_perimeter_confusion,2025-08-26T00:00:00
R001530,Student_027,ASM002,Q0086,varies,True,,2025-08-26T00:00:00
R001531,Student_027,ASM002,Q0046,varies,True,,2025-08-26T00:00:00
R001532,Student_027,ASM002,Q0080,incorrect_arithmetic,False,arithmetic,2025-08-26T00:00:00
R001533,Student_027,ASM002,Q0013,incorrect_denominator_handling,False,denominator_handling,2025-08-26T00:00:00
R001534,Student_027,ASM002,Q0015,incorrect_arithmetic,False,arithmetic,2025-08-26T00:00:00
R001535,Student_027,ASM002,Q0158,varies,True,,2025-08-26T00:00:00
R001536,Student_027,ASM002,Q0004,varies,True,,2025-08-26T00:00:00
R001537,Student_027,ASM002,Q0007,incorrect_denominator_handling,False,denominator_handling,2025-08-26T00:00:00
R001538,Student_027,ASM002,Q0026,varies,True,,2025-08-26T00:00:00
R001539,Student_027,ASM002,Q0177,varies,True,,2025-08-26T00:00:00
R001540,Student_027,ASM002,Q0065,varies,True,,2025-08-26T00:00:00
R001541,Student_028,ASM002,Q0024,varies,True,,2025-08-26T00:00:00
R001542,Student_028,ASM002,Q0079,varies,True,,2025-08-26T00:00:00
R001543,Student_028,ASM002,Q0036,varies,True,,2025-08-26T00:00:00
R001544,Student_028,ASM002,Q0011,varies,True,,2025-08-26T00:00:00
R001545,Student_028,ASM002,Q0067,varies,True,,2025-08-26T00:00:00
R001546,Student_028,ASM002,Q0003,varies,True,,2025-08-26T00:00:00
R001547,Student_028,ASM002,Q0139,varies,True,,2025-08-26T00:00:00
R001548,Student_028,ASM002,Q0030,incorrect_arithmetic,False,arithmetic,2025-08-26T00:00:00
R001549,Student_028,ASM002,Q0129,varies,True,,2025-08-26T00:00:00
R001550,Student_028,ASM002,Q0086,varies,True,,2025-08-26T00:00:00
R001551,Student_028,ASM002,Q0046,incorrect_arithmetic,False,arithmetic,2025-08-26T00:00:00
R001552,Student_028,ASM002,Q0080,varies,True,,2025-08-26T00:00:00
R001553,Student_028,ASM002,Q0013,varies,True,,2025-08-26T00:00:00
R001554,Student_028,ASM002,Q0015,incorrect_denominator_handling,False,denominator_handling,2025-08-26T00:00:00
R001555,Student_028,ASM002,Q0158,varies,True,,2025-08-26T00:00:00
R001556,Student_028,ASM002,Q0004,varies,True,,2025-08-26T00:00:00
R001557,Student_028,ASM002,Q0007,varies,True,,2025-08-26T00:00:00
R001558,Student_028,ASM002,Q0026,varies,True,,2025-08-26T00:00:00
R001559,Student_028,ASM002,Q0177,varies,True,,2025-08-26T00:00:00
R001560,Student_028,ASM002,Q0065,varies,True,,2025-08-26T00:00:00
R001561,Student_029,ASM002,Q0024,varies,True,,2025-08-26T00:00:00
R001562,Student_029,ASM002,Q0079,varies,True,,2025-08-26T00:00:00
R001563,Student_029,ASM002,Q0036,varies,True,,2025-08-26T00:00:00
R001564,Student_029,ASM002,Q0011,varies,True,,2025-08-26T00:00:00
R001565,Student_029,ASM002,Q0067,varies,True,,2025-08-26T00:00:00
R001566,Student_029,ASM002,Q0003,varies,True,,2025-08-26T00:00:00
R001567,Student_029,ASM002,Q0139,varies,True,,2025-08-26T00:00:00
R001568,Student_029,ASM002,Q0030,varies,True,,2025-08-26T00:00:00
R001569,Student_029,ASM002,Q0129,varies,True,,2025-08-26T00:00:00
R001570,Student_029,ASM002,Q0086,varies,True,,2025-08-26T00:00:00
R001571,Student_029,ASM002,Q0046,varies,True,,2025-08-26T00:00:00
R001572,Student_029,ASM002,Q0080,varies,True,,2025-08-26T00:00:00
R001573,Student_029,ASM002,Q0013,varies,True,,2025-08-26T00:00:00
R001574,Student_029,ASM002,Q0015,varies,True,,2025-08-26T00:00:00
R001575,Student_029,ASM002,Q0158,varies,True,,2025-08-26T00:00:00
R001576,Student_029,ASM002,Q0004,varies,True,,2025-08-26T00:00:00
R001577,Student_029,ASM002,Q0007,varies,True,,2025-08-26T00:00:00
R001578,Student_029,ASM002,Q0026,varies,True,,2025-08-26T00:00:00
R001579,Student_029,ASM002,Q0177,varies,True,,2025-08-26T00:00:00
R001580,Student_029,ASM002,Q0065,varies,True,,2025-08-26T00:00:00
R001581,Student_030,ASM002,Q0024,incorrect_simplification,False,simplification,2025-08-26T00:00:00
R001582,Student_030,ASM002,Q0079,varies,True,,2025-08-26T00:00:00
R001583,Student_030,ASM002,Q0036,varies,True,,2025-08-26T00:00:00
R001584,Student_030,ASM002,Q0011,varies,True,,2025-08-26T00:00:00
R001585,Student_030,ASM002,Q0067,varies,True,,2025-08-26T00:00:00
R001586,Student_030,ASM002,Q0003,varies,True,,2025-08-26T00:00:00
R001587,Student_030,ASM002,Q0139,varies,True,,2025-08-26T00:00:00
R001588,Student_030,ASM002,Q0030,incorrect_simplification,False,simplification,2025-08-26T00:00:00
R001589,Student_030,ASM002,Q0129,varies,True,,2025-08-26T00:00:00
R001590,Student_030,ASM002,Q0086,incorrect_conceptual,False,conceptual,2025-08-26T00:00:00
R001591,Student_030,ASM002,Q0046,varies,True,,2025-08-26T00:00:00
R001592,Student_030,ASM002,Q0080,varies,True,,2025-08-26T00:00:00
R001593,Student_030,ASM002,Q0013,varies,True,,2025-08-26T00:00:00
R001594,Student_030,ASM002,Q0015,incorrect_simplification,False,simplification,2025-08-26T00:00:00
R001595,Student_030,ASM002,Q0158,varies,True,,2025-08-26T00:00:00
R001596,Student_030,ASM002,Q0004,varies,True,,2025-08-26T00:00:00
R001597,Student_030,ASM002,Q0007,varies,True,,2025-08-26T00:00:00
R001598,Student_030,ASM002,Q0026,incorrect_arithmetic,False,arithmetic,2025-08-26T00:00:00
R001599,Student_030,ASM002,Q0177,varies,True,,2025-08-26T00:00:00
R001600,Student_030,ASM002,Q0065,varies,True,,2025-08-26T00:00:00
R001601,Student_031,ASM002,Q0024,incorrect_arithmetic,False,arithmetic,2025-08-26T00:00:00
R001602,Student_031,ASM002,Q0079,varies,True,,2025-08-26T00:00:00
R001603,Student_031,ASM002,Q0036,varies,True,,2025-08-26T00:00:00
R001604,Student_031,ASM002,Q0011,varies,True,,2025-08-26T00:00:00
R001605,Student_031,ASM002,Q0067,varies,True,,2025-08-26T00:00:00
R001606,Student_031,ASM002,Q0003,varies,True,,2025-08-26T00:00:00
R001607,Student_031,ASM002,Q0139,varies,True,,2025-08-26T00:00:00
R001608,Student_031,ASM002,Q0030,varies,True,,2025-08-26T00:00:00
R001609,Student_031,ASM002,Q0129,varies,True,,2025-08-26T00:00:00
R001610,Student_031,ASM002,Q0086,varies,True,,2025-08-26T00:00:00
R001611,Student_031,ASM002,Q0046,varies,True,,2025-08-26T00:00:00
R001612,Student_031,ASM002,Q0080,incorrect_formula_selection,False,formula_selection,2025-08-26T00:00:00
R001613,Student_031,ASM002,Q0013,incorrect_simplification,False,simplification,2025-08-26T00:00:00
R001614,Student_031,ASM002,Q0015,varies,True,,2025-08-26T00:00:00
R001615,Student_031,ASM002,Q0158,varies,True,,2025-08-26T00:00:00
R001616,Student_031,ASM002,Q0004,varies,True,,2025-08-26T00:00:00
R001617,Student_031,ASM002,Q0007,varies,True,,2025-08-26T00:00:00
R001618,Student_031,ASM002,Q0026,varies,True,,2025-08-26T00:00:00
R001619,Student_031,ASM002,Q0177,varies,True,,2025-08-26T00:00:00
R001620,Student_031,ASM002,Q0065,varies,True,,2025-08-26T00:00:00
R001621,Student_032,ASM002,Q0024,incorrect_careless,False,careless,2025-08-26T00:00:00
R001622,Student_032,ASM002,Q0079,incorrect_careless,False,careless,2025-08-26T00:00:00
R001623,Student_032,ASM002,Q0036,varies,True,,2025-08-26T00:00:00
R001624,Student_032,ASM002,Q0011,varies,True,,2025-08-26T00:00:00
R001625,Student_032,ASM002,Q0067,varies,True,,2025-08-26T00:00:00
R001626,Student_032,ASM002,Q0003,varies,True,,2025-08-26T00:00:00
R001627,Student_032,ASM002,Q0139,incorrect_conceptual,False,conceptual,2025-08-26T00:00:00
R001628,Student_032,ASM002,Q0030,varies,True,,2025-08-26T00:00:00
R001629,Student_032,ASM002,Q0129,varies,True,,2025-08-26T00:00:00
R001630,Student_032,ASM002,Q0086,incorrect_arithmetic,False,arithmetic,2025-08-26T00:00:00
R001631,Student_032,ASM002,Q0046,varies,True,,2025-08-26T00:00:00
R001632,Student_032,ASM002,Q0080,varies,True,,2025-08-26T00:00:00
R001633,Student_032,ASM002,Q0013,varies,True,,2025-08-26T00:00:00
R001634,Student_032,ASM002,Q0015,varies,True,,2025-08-26T00:00:00
R001635,Student_032,ASM002,Q0158,varies,True,,2025-08-26T00:00:00
R001636,Student_032,ASM002,Q0004,varies,True,,2025-08-26T00:00:00
R001637,Student_032,ASM002,Q0007,incorrect_simplification,False,simplification,2025-08-26T00:00:00
R001638,Student_032,ASM002,Q0026,incorrect_denominator_handling,False,denominator_handling,2025-08-26T00:00:00
R001639,Student_032,ASM002,Q0177,incorrect_conceptual,False,conceptual,2025-08-26T00:00:00
R001640,Student_032,ASM002,Q0065,varies,True,,2025-08-26T00:00:00
R001641,Student_033,ASM002,Q0024,incorrect_denominator_handling,False,denominator_handling,2025-08-26T00:00:00
R001642,Student_033,ASM002,Q0079,varies,True,,2025-08-26T00:00:00
R001643,Student_033,ASM002,Q0036,varies,True,,2025-08-26T00:00:00
R001644,Student_033,ASM002,Q0011,incorrect_denominator_handling,False,denominator_handling,2025-08-26T00:00:00
R001645,Student_033,ASM002,Q0067,varies,True,,2025-08-26T00:00:00
R001646,Student_033,ASM002,Q0003,varies,True,,2025-08-26T00:00:00
R001647,Student_033,ASM002,Q0139,varies,True,,2025-08-26T00:00:00
R001648,Student_033,ASM002,Q0030,varies,True,,2025-08-26T00:00:00
R001649,Student_033,ASM002,Q0129,varies,True,,2025-08-26T00:00:00
R001650,Student_033,ASM002,Q0086,varies,True,,2025-08-26T00:00:00
R001651,Student_033,ASM002,Q0046,varies,True,,2025-08-26T00:00:00
R001652,Student_033,ASM002,Q0080,varies,True,,2025-08-26T00:00:00
R001653,Student_033,ASM002,Q0013,incorrect_arithmetic,False,arithmetic,2025-08-26T00:00:00
R001654,Student_033,ASM002,Q0015,varies,True,,2025-08-26T00:00:00
R001655,Student_033,ASM002,Q0158,incorrect_arithmetic,False,arithmetic,2025-08-26T00:00:00
R001656,Student_033,ASM002,Q0004,incorrect_denominator_handling,False,denominator_handling,2025-08-26T00:00:00
R001657,Student_033,ASM002,Q0007,varies,True,,2025-08-26T00:00:00
R001658,Student_033,ASM002,Q0026,varies,True,,2025-08-26T00:00:00
R001659,Student_033,ASM002,Q0177,varies,True,,2025-08-26T00:00:00
R001660,Student_033,ASM002,Q0065,varies,True,,2025-08-26T00:00:00
R001661,Student_034,ASM002,Q0024,varies,True,,2025-08-26T00:00:00
R001662,Student_034,ASM002,Q0079,incorrect_conceptual,False,conceptual,2025-08-26T00:00:00
R001663,Student_034,ASM002,Q0036,varies,True,,2025-08-26T00:00:00
R001664,Student_034,ASM002,Q0011,varies,True,,2025-08-26T00:00:00
R001665,Student_034,ASM002,Q0067,varies,True,,2025-08-26T00:00:00
R001666,Student_034,ASM002,Q0003,varies,True,,2025-08-26T00:00:00
R001667,Student_034,ASM002,Q0139,varies,True,,2025-08-26T00:00:00
R001668,Student_034,ASM002,Q0030,varies,True,,2025-08-26T00:00:00
R001669,Student_034,ASM002,Q0129,varies,True,,2025-08-26T00:00:00
R001670,Student_034,ASM002,Q0086,varies,True,,2025-08-26T00:00:00
R001671,Student_034,ASM002,Q0046,incorrect_conceptual,False,conceptual,2025-08-26T00:00:00
R001672,Student_034,ASM002,Q0080,varies,True,,2025-08-26T00:00:00
R001673,Student_034,ASM002,Q0013,incorrect_simplification,False,simplification,2025-08-26T00:00:00
R001674,Student_034,ASM002,Q0015,varies,True,,2025-08-26T00:00:00
R001675,Student_034,ASM002,Q0158,varies,True,,2025-08-26T00:00:00
R001676,Student_034,ASM002,Q0004,varies,True,,2025-08-26T00:00:00
R001677,Student_034,ASM002,Q0007,incorrect_denominator_handling,False,denominator_handling,2025-08-26T00:00:00
R001678,Student_034,ASM002,Q0026,incorrect_denominator_handling,False,denominator_handling,2025-08-26T00:00:00
R001679,Student_034,ASM002,Q0177,incorrect_careless,False,careless,2025-08-26T00:00:00
R001680,Student_034,ASM002,Q0065,varies,True,,2025-08-26T00:00:00
R001681,Student_035,ASM002,Q0024,varies,True,,2025-08-26T00:00:00
R001682,Student_035,ASM002,Q0079,varies,True,,2025-08-26T00:00:00
R001683,Student_035,ASM002,Q0036,varies,True,,2025-08-26T00:00:00
R001684,Student_035,ASM002,Q0011,varies,True,,2025-08-26T00:00:00
R001685,Student_035,ASM002,Q0067,varies,True,,2025-08-26T00:00:00
R001686,Student_035,ASM002,Q0003,varies,True,,2025-08-26T00:00:00
R001687,Student_035,ASM002,Q0139,varies,True,,2025-08-26T00:00:00
R001688,Student_035,ASM002,Q0030,varies,True,,2025-08-26T00:00:00
R001689,Student_035,ASM002,Q0129,varies,True,,2025-08-26T00:00:00
R001690,Student_035,ASM002,Q0086,varies,True,,2025-08-26T00:00:00
R001691,Student_035,ASM002,Q0046,varies,True,,2025-08-26T00:00:00
R001692,Student_035,ASM002,Q0080,varies,True,,2025-08-26T00:00:00
R001693,Student_035,ASM002,Q0013,varies,True,,2025-08-26T00:00:00
R001694,Student_035,ASM002,Q0015,varies,True,,2025-08-26T00:00:00
R001695,Student_035,ASM002,Q0158,varies,True,,2025-08-26T00:00:00
R001696,Student_035,ASM002,Q0004,varies,True,,2025-08-26T00:00:00
R001697,Student_035,ASM002,Q0007,varies,True,,2025-08-26T00:00:00
R001698,Student_035,ASM002,Q0026,varies,True,,2025-08-26T00:00:00
R001699,Student_035,ASM002,Q0177,varies,True,,2025-08-26T00:00:00
R001700,Student_035,ASM002,Q0065,varies,True,,2025-08-26T00:00:00
R001701,Student_036,ASM002,Q0024,incorrect_denominator_handling,False,denominator_handling,2025-08-26T00:00:00
R001702,Student_036,ASM002,Q0079,varies,True,,2025-08-26T00:00:00
R001703,Student_036,ASM002,Q0036,varies,True,,2025-08-26T00:00:00
R001704,Student_036,ASM002,Q0011,incorrect_simplification,False,simplification,2025-08-26T00:00:00
R001705,Student_036,ASM002,Q0067,varies,True,,2025-08-26T00:00:00
R001706,Student_036,ASM002,Q0003,incorrect_simplification,False,simplification,2025-08-26T00:00:00
R001707,Student_036,ASM002,Q0139,varies,True,,2025-08-26T00:00:00
R001708,Student_036,ASM002,Q0030,varies,True,,2025-08-26T00:00:00
R001709,Student_036,ASM002,Q0129,varies,True,,2025-08-26T00:00:00
R001710,Student_036,ASM002,Q0086,varies,True,,2025-08-26T00:00:00
R001711,Student_036,ASM002,Q0046,varies,True,,2025-08-26T00:00:00
R001712,Student_036,ASM002,Q0080,varies,True,,2025-08-26T00:00:00
R001713,Student_036,ASM002,Q0013,varies,True,,2025-08-26T00:00:00
R001714,Student_036,ASM002,Q0015,incorrect_simplification,False,simplification,2025-08-26T00:00:00
R001715,Student_036,ASM002,Q0158,varies,True,,2025-08-26T00:00:00
R001716,Student_036,ASM002,Q0004,varies,True,,2025-08-26T00:00:00
R001717,Student_036,ASM002,Q0007,varies,True,,2025-08-26T00:00:00
R001718,Student_036,ASM002,Q0026,incorrect_denominator_handling,False,denominator_handling,2025-08-26T00:00:00
R001719,Student_036,ASM002,Q0177,varies,True,,2025-08-26T00:00:00
R001720,Student_036,ASM002,Q0065,varies,True,,2025-08-26T00:00:00
R001721,Student_037,ASM002,Q0024,varies,True,,2025-08-26T00:00:00
R001722,Student_037,ASM002,Q0079,incorrect_conceptual,False,conceptual,2025-08-26T00:00:00
R001723,Student_037,ASM002,Q0036,varies,True,,2025-08-26T00:00:00
R001724,Student_037,ASM002,Q0011,varies,True,,2025-08-26T00:00:00
R001725,Student_037,ASM002,Q0067,varies,True,,2025-08-26T00:00:00
R001726,Student_037,ASM002,Q0003,varies,True,,2025-08-26T00:00:00
R001727,Student_037,ASM002,Q0139,varies,True,,2025-08-26T00:00:00
R001728,Student_037,ASM002,Q0030,varies,True,,2025-08-26T00:00:00
R001729,Student_037,ASM002,Q0129,varies,True,,2025-08-26T00:00:00
R001730,Student_037,ASM002,Q0086,varies,True,,2025-08-26T00:00:00
R001731,Student_037,ASM002,Q0046,varies,True,,2025-08-26T00:00:00
R001732,Student_037,ASM002,Q0080,varies,True,,2025-08-26T00:00:00
R001733,Student_037,ASM002,Q0013,varies,True,,2025-08-26T00:00:00
R001734,Student_037,ASM002,Q0015,varies,True,,2025-08-26T00:00:00
R001735,Student_037,ASM002,Q0158,varies,True,,2025-08-26T00:00:00
R001736,Student_037,ASM002,Q0004,varies,True,,2025-08-26T00:00:00
R001737,Student_037,ASM002,Q0007,varies,True,,2025-08-26T00:00:00
R001738,Student_037,ASM002,Q0026,incorrect_denominator_handling,False,denominator_handling,2025-08-26T00:00:00
R001739,Student_037,ASM002,Q0177,varies,True,,2025-08-26T00:00:00
R001740,Student_037,ASM002,Q0065,varies,True,,2025-08-26T00:00:00
R001741,Student_038,ASM002,Q0024,varies,True,,2025-08-26T00:00:00
R001742,Student_038,ASM002,Q0079,varies,True,,2025-08-26T00:00:00
R001743,Student_038,ASM002,Q0036,varies,True,,2025-08-26T00:00:00
R001744,Student_038,ASM002,Q0011,varies,True,,2025-08-26T00:00:00
R001745,Student_038,ASM002,Q0067,varies,True,,2025-08-26T00:00:00
R001746,Student_038,ASM002,Q0003,varies,True,,2025-08-26T00:00:00
R001747,Student_038,ASM002,Q0139,varies,True,,2025-08-26T00:00:00
R001748,Student_038,ASM002,Q0030,varies,True,,2025-08-26T00:00:00
R001749,Student_038,ASM002,Q0129,varies,True,,2025-08-26T00:00:00
R001750,Student_038,ASM002,Q0086,incorrect_formula_selection,False,formula_selection,2025-08-26T00:00:00
R001751,Student_038,ASM002,Q0046,varies,True,,2025-08-26T00:00:00
R001752,Student_038,ASM002,Q0080,varies,True,,2025-08-26T00:00:00
R001753,Student_038,ASM002,Q0013,incorrect_simplification,False,simplification,2025-08-26T00:00:00
R001754,Student_038,ASM002,Q0015,varies,True,,2025-08-26T00:00:00
R001755,Student_038,ASM002,Q0158,incorrect_careless,False,careless,2025-08-26T00:00:00
R001756,Student_038,ASM002,Q0004,varies,True,,2025-08-26T00:00:00
R001757,Student_038,ASM002,Q0007,varies,True,,2025-08-26T00:00:00
R001758,Student_038,ASM002,Q0026,varies,True,,2025-08-26T00:00:00
R001759,Student_038,ASM002,Q0177,varies,True,,2025-08-26T00:00:00
R001760,Student_038,ASM002,Q0065,varies,True,,2025-08-26T00:00:00
R001761,Student_039,ASM002,Q0024,incorrect_denominator_handling,False,denominator_handling,2025-08-26T00:00:00
R001762,Student_039,ASM002,Q0079,varies,True,,2025-08-26T00:00:00
R001763,Student_039,ASM002,Q0036,varies,True,,2025-08-26T00:00:00
R001764,Student_039,ASM002,Q0011,varies,True,,2025-08-26T00:00:00
R001765,Student_039,ASM002,Q0067,varies,True,,2025-08-26T00:00:00
R001766,Student_039,ASM002,Q0003,varies,True,,2025-08-26T00:00:00
R001767,Student_039,ASM002,Q0139,varies,True,,2025-08-26T00:00:00
R001768,Student_039,ASM002,Q0030,varies,True,,2025-08-26T00:00:00
R001769,Student_039,ASM002,Q0129,varies,True,,2025-08-26T00:00:00
R001770,Student_039,ASM002,Q0086,varies,True,,2025-08-26T00:00:00
R001771,Student_039,ASM002,Q0046,varies,True,,2025-08-26T00:00:00
R001772,Student_039,ASM002,Q0080,varies,True,,2025-08-26T00:00:00
R001773,Student_039,ASM002,Q0013,incorrect_simplification,False,simplification,2025-08-26T00:00:00
R001774,Student_039,ASM002,Q0015,varies,True,,2025-08-26T00:00:00
R001775,Student_039,ASM002,Q0158,varies,True,,2025-08-26T00:00:00
R001776,Student_039,ASM002,Q0004,varies,True,,2025-08-26T00:00:00
R001777,Student_039,ASM002,Q0007,incorrect_arithmetic,False,arithmetic,2025-08-26T00:00:00
R001778,Student_039,ASM002,Q0026,incorrect_arithmetic,False,arithmetic,2025-08-26T00:00:00
R001779,Student_039,ASM002,Q0177,incorrect_arithmetic,False,arithmetic,2025-08-26T00:00:00
R001780,Student_039,ASM002,Q0065,varies,True,,2025-08-26T00:00:00
R001781,Student_040,ASM002,Q0024,incorrect_careless,False,careless,2025-08-26T00:00:00
R001782,Student_040,ASM002,Q0079,incorrect_arithmetic,False,arithmetic,2025-08-26T00:00:00
R001783,Student_040,ASM002,Q0036,varies,True,,2025-08-26T00:00:00
R001784,Student_040,ASM002,Q0011,varies,True,,2025-08-26T00:00:00
R001785,Student_040,ASM002,Q0067,incorrect_conceptual,False,conceptual,2025-08-26T00:00:00
R001786,Student_040,ASM002,Q0003,varies,True,,2025-08-26T00:00:00
R001787,Student_040,ASM002,Q0139,varies,True,,2025-08-26T00:00:00
R001788,Student_040,ASM002,Q0030,varies,True,,2025-08-26T00:00:00
R001789,Student_040,ASM002,Q0129,incorrect_arithmetic,False,arithmetic,2025-08-26T00:00:00
R001790,Student_040,ASM002,Q0086,incorrect_formula_selection,False,formula_selection,2025-08-26T00:00:00
R001791,Student_040,ASM002,Q0046,varies,True,,2025-08-26T00:00:00
R001792,Student_040,ASM002,Q0080,incorrect_conceptual,False,conceptual,2025-08-26T00:00:00
R001793,Student_040,ASM002,Q0013,incorrect_simplification,False,simplification,2025-08-26T00:00:00
R001794,Student_040,ASM002,Q0015,incorrect_denominator_handling,False,denominator_handling,2025-08-26T00:00:00
R001795,Student_040,ASM002,Q0158,incorrect_unit_conversion,False,unit_conversion,2025-08-26T00:00:00
R001796,Student_040,ASM002,Q0004,varies,True,,2025-08-26T00:00:00
R001797,Student_040,ASM002,Q0007,incorrect_arithmetic,False,arithmetic,2025-08-26T00:00:00
R001798,Student_040,ASM002,Q0026,varies,True,,2025-08-26T00:00:00
R001799,Student_040,ASM002,Q0177,varies,True,,2025-08-26T00:00:00
R001800,Student_040,ASM002,Q0065,varies,True,,2025-08-26T00:00:00
R001801,Student_041,ASM002,Q0024,varies,True,,2025-08-26T00:00:00
R001802,Student_041,ASM002,Q0079,varies,True,,2025-08-26T00:00:00
R001803,Student_041,ASM002,Q0036,varies,True,,2025-08-26T00:00:00
R001804,Student_041,ASM002,Q0011,varies,True,,2025-08-26T00:00:00
R001805,Student_041,ASM002,Q0067,varies,True,,2025-08-26T00:00:00
R001806,Student_041,ASM002,Q0003,incorrect_denominator_handling,False,denominator_handling,2025-08-26T00:00:00
R001807,Student_041,ASM002,Q0139,varies,True,,2025-08-26T00:00:00
R001808,Student_041,ASM002,Q0030,varies,True,,2025-08-26T00:00:00
R001809,Student_041,ASM002,Q0129,varies,True,,2025-08-26T00:00:00
R001810,Student_041,ASM002,Q0086,varies,True,,2025-08-26T00:00:00
R001811,Student_041,ASM002,Q0046,varies,True,,2025-08-26T00:00:00
R001812,Student_041,ASM002,Q0080,varies,True,,2025-08-26T00:00:00
R001813,Student_041,ASM002,Q0013,varies,True,,2025-08-26T00:00:00
R001814,Student_041,ASM002,Q0015,varies,True,,2025-08-26T00:00:00
R001815,Student_041,ASM002,Q0158,varies,True,,2025-08-26T00:00:00
R001816,Student_041,ASM002,Q0004,varies,True,,2025-08-26T00:00:00
R001817,Student_041,ASM002,Q0007,varies,True,,2025-08-26T00:00:00
R001818,Student_041,ASM002,Q0026,varies,True,,2025-08-26T00:00:00
R001819,Student_041,ASM002,Q0177,varies,True,,2025-08-26T00:00:00
R001820,Student_041,ASM002,Q0065,varies,True,,2025-08-26T00:00:00
R001821,Student_042,ASM002,Q0024,incorrect_simplification,False,simplification,2025-08-26T00:00:00
R001822,Student_042,ASM002,Q0079,varies,True,,2025-08-26T00:00:00
R001823,Student_042,ASM002,Q0036,incorrect_simplification,False,simplification,2025-08-26T00:00:00
R001824,Student_042,ASM002,Q0011,varies,True,,2025-08-26T00:00:00
R001825,Student_042,ASM002,Q0067,varies,True,,2025-08-26T00:00:00
R001826,Student_042,ASM002,Q0003,varies,True,,2025-08-26T00:00:00
R001827,Student_042,ASM002,Q0139,varies,True,,2025-08-26T00:00:00
R001828,Student_042,ASM002,Q0030,varies,True,,2025-08-26T00:00:00
R001829,Student_042,ASM002,Q0129,varies,True,,2025-08-26T00:00:00
R001830,Student_042,ASM002,Q0086,varies,True,,2025-08-26T00:00:00
R001831,Student_042,ASM002,Q0046,varies,True,,2025-08-26T00:00:00
R001832,Student_042,ASM002,Q0080,varies,True,,2025-08-26T00:00:00
R001833,Student_042,ASM002,Q0013,varies,True,,2025-08-26T00:00:00
R001834,Student_042,ASM002,Q0015,varies,True,,2025-08-26T00:00:00
R001835,Student_042,ASM002,Q0158,varies,True,,2025-08-26T00:00:00
R001836,Student_042,ASM002,Q0004,varies,True,,2025-08-26T00:00:00
R001837,Student_042,ASM002,Q0007,varies,True,,2025-08-26T00:00:00
R001838,Student_042,ASM002,Q0026,incorrect_simplification,False,simplification,2025-08-26T00:00:00
R001839,Student_042,ASM002,Q0177,varies,True,,2025-08-26T00:00:00
R001840,Student_042,ASM002,Q0065,incorrect_decimal_placement,False,decimal_placement,2025-08-26T00:00:00
R001841,Student_043,ASM002,Q0024,varies,True,,2025-08-26T00:00:00
R001842,Student_043,ASM002,Q0079,varies,True,,2025-08-26T00:00:00
R001843,Student_043,ASM002,Q0036,varies,True,,2025-08-26T00:00:00
R001844,Student_043,ASM002,Q0011,varies,True,,2025-08-26T00:00:00
R001845,Student_043,ASM002,Q0067,varies,True,,2025-08-26T00:00:00
R001846,Student_043,ASM002,Q0003,varies,True,,2025-08-26T00:00:00
R001847,Student_043,ASM002,Q0139,varies,True,,2025-08-26T00:00:00
R001848,Student_043,ASM002,Q0030,varies,True,,2025-08-26T00:00:00
R001849,Student_043,ASM002,Q0129,varies,True,,2025-08-26T00:00:00
R001850,Student_043,ASM002,Q0086,varies,True,,2025-08-26T00:00:00
R001851,Student_043,ASM002,Q0046,varies,True,,2025-08-26T00:00:00
R001852,Student_043,ASM002,Q0080,varies,True,,2025-08-26T00:00:00
R001853,Student_043,ASM002,Q0013,varies,True,,2025-08-26T00:00:00
R001854,Student_043,ASM002,Q0015,incorrect_arithmetic,False,arithmetic,2025-08-26T00:00:00
R001855,Student_043,ASM002,Q0158,varies,True,,2025-08-26T00:00:00
R001856,Student_043,ASM002,Q0004,varies,True,,2025-08-26T00:00:00
R001857,Student_043,ASM002,Q0007,varies,True,,2025-08-26T00:00:00
R001858,Student_043,ASM002,Q0026,varies,True,,2025-08-26T00:00:00
R001859,Student_043,ASM002,Q0177,varies,True,,2025-08-26T00:00:00
R001860,Student_043,ASM002,Q0065,varies,True,,2025-08-26T00:00:00
R001861,Student_044,ASM002,Q0024,incorrect_denominator_handling,False,denominator_handling,2025-08-26T00:00:00
R001862,Student_044,ASM002,Q0079,varies,True,,2025-08-26T00:00:00
R001863,Student_044,ASM002,Q0036,varies,True,,2025-08-26T00:00:00
R001864,Student_044,ASM002,Q0011,varies,True,,2025-08-26T00:00:00
R001865,Student_044,ASM002,Q0067,varies,True,,2025-08-26T00:00:00
R001866,Student_044,ASM002,Q0003,varies,True,,2025-08-26T00:00:00
R001867,Student_044,ASM002,Q0139,varies,True,,2025-08-26T00:00:00
R001868,Student_044,ASM002,Q0030,incorrect_arithmetic,False,arithmetic,2025-08-26T00:00:00
R001869,Student_044,ASM002,Q0129,incorrect_area_perimeter_confusion,False,area_perimeter_confusion,2025-08-26T00:00:00
R001870,Student_044,ASM002,Q0086,varies,True,,2025-08-26T00:00:00
R001871,Student_044,ASM002,Q0046,incorrect_conceptual,False,conceptual,2025-08-26T00:00:00
R001872,Student_044,ASM002,Q0080,varies,True,,2025-08-26T00:00:00
R001873,Student_044,ASM002,Q0013,varies,True,,2025-08-26T00:00:00
R001874,Student_044,ASM002,Q0015,varies,True,,2025-08-26T00:00:00
R001875,Student_044,ASM002,Q0158,incorrect_arithmetic,False,arithmetic,2025-08-26T00:00:00
R001876,Student_044,ASM002,Q0004,varies,True,,2025-08-26T00:00:00
R001877,Student_044,ASM002,Q0007,varies,True,,2025-08-26T00:00:00
R001878,Student_044,ASM002,Q0026,varies,True,,2025-08-26T00:00:00
R001879,Student_044,ASM002,Q0177,varies,True,,2025-08-26T00:00:00
R001880,Student_044,ASM002,Q0065,varies,True,,2025-08-26T00:00:00
R001881,Student_045,ASM002,Q0024,incorrect_arithmetic,False,arithmetic,2025-08-26T00:00:00
R001882,Student_045,ASM002,Q0079,varies,True,,2025-08-26T00:00:00
R001883,Student_045,ASM002,Q0036,incorrect_conceptual,False,conceptual,2025-08-26T00:00:00
R001884,Student_045,ASM002,Q0011,varies,True,,2025-08-26T00:00:00
R001885,Student_045,ASM002,Q0067,varies,True,,2025-08-26T00:00:00
R001886,Student_045,ASM002,Q0003,varies,True,,2025-08-26T00:00:00
R001887,Student_045,ASM002,Q0139,varies,True,,2025-08-26T00:00:00
R001888,Student_045,ASM002,Q0030,incorrect_arithmetic,False,arithmetic,2025-08-26T00:00:00
R001889,Student_045,ASM002,Q0129,varies,True,,2025-08-26T00:00:00
R001890,Student_045,ASM002,Q0086,varies,True,,2025-08-26T00:00:00
R001891,Student_045,ASM002,Q0046,varies,True,,2025-08-26T00:00:00
R001892,Student_045,ASM002,Q0080,varies,True,,2025-08-26T00:00:00
R001893,Student_045,ASM002,Q0013,varies,True,,2025-08-26T00:00:00
R001894,Student_045,ASM002,Q0015,varies,True,,2025-08-26T00:00:00
R001895,Student_045,ASM002,Q0158,varies,True,,2025-08-26T00:00:00
R001896,Student_045,ASM002,Q0004,varies,True,,2025-08-26T00:00:00
R001897,Student_045,ASM002,Q0007,varies,True,,2025-08-26T00:00:00
R001898,Student_045,ASM002,Q0026,varies,True,,2025-08-26T00:00:00
R001899,Student_045,ASM002,Q0177,varies,True,,2025-08-26T00:00:00
R001900,Student_045,ASM002,Q0065,incorrect_decimal_placement,False,decimal_placement,2025-08-26T00:00:00
R001901,Student_046,ASM002,Q0024,incorrect_denominator_handling,False,denominator_handling,2025-08-26T00:00:00
R001902,Student_046,ASM002,Q0079,varies,True,,2025-08-26T00:00:00
R001903,Student_046,ASM002,Q0036,varies,True,,2025-08-26T00:00:00
R001904,Student_046,ASM002,Q0011,varies,True,,2025-08-26T00:00:00
R001905,Student_046,ASM002,Q0067,varies,True,,2025-08-26T00:00:00
R001906,Student_046,ASM002,Q0003,varies,True,,2025-08-26T00:00:00
R001907,Student_046,ASM002,Q0139,varies,True,,2025-08-26T00:00:00
R001908,Student_046,ASM002,Q0030,varies,True,,2025-08-26T00:00:00
R001909,Student_046,ASM002,Q0129,varies,True,,2025-08-26T00:00:00
R001910,Student_046,ASM002,Q0086,varies,True,,2025-08-26T00:00:00
R001911,Student_046,ASM002,Q0046,incorrect_conceptual,False,conceptual,2025-08-26T00:00:00
R001912,Student_046,ASM002,Q0080,varies,True,,2025-08-26T00:00:00
R001913,Student_046,ASM002,Q0013,varies,True,,2025-08-26T00:00:00
R001914,Student_046,ASM002,Q0015,incorrect_simplification,False,simplification,2025-08-26T00:00:00
R001915,Student_046,ASM002,Q0158,varies,True,,2025-08-26T00:00:00
R001916,Student_046,ASM002,Q0004,incorrect_denominator_handling,False,denominator_handling,2025-08-26T00:00:00
R001917,Student_046,ASM002,Q0007,varies,True,,2025-08-26T00:00:00
R001918,Student_046,ASM002,Q0026,incorrect_denominator_handling,False,denominator_handling,2025-08-26T00:00:00
R001919,Student_046,ASM002,Q0177,varies,True,,2025-08-26T00:00:00
R001920,Student_046,ASM002,Q0065,varies,True,,2025-08-26T00:00:00
R001921,Student_047,ASM002,Q0024,varies,True,,2025-08-26T00:00:00
R001922,Student_047,ASM002,Q0079,varies,True,,2025-08-26T00:00:00
R001923,Student_047,ASM002,Q0036,varies,True,,2025-08-26T00:00:00
R001924,Student_047,ASM002,Q0011,varies,True,,2025-08-26T00:00:00
R001925,Student_047,ASM002,Q0067,varies,True,,2025-08-26T00:00:00
R001926,Student_047,ASM002,Q0003,varies,True,,2025-08-26T00:00:00
R001927,Student_047,ASM002,Q0139,varies,True,,2025-08-26T00:00:00
R001928,Student_047,ASM002,Q0030,varies,True,,2025-08-26T00:00:00
R001929,Student_047,ASM002,Q0129,incorrect_area_perimeter_confusion,False,area_perimeter_confusion,2025-08-26T00:00:00
R001930,Student_047,ASM002,Q0086,incorrect_conceptual,False,conceptual,2025-08-26T00:00:00
R001931,Student_047,ASM002,Q0046,varies,True,,2025-08-26T00:00:00
R001932,Student_047,ASM002,Q0080,varies,True,,2025-08-26T00:00:00
R001933,Student_047,ASM002,Q0013,varies,True,,2025-08-26T00:00:00
R001934,Student_047,ASM002,Q0015,varies,True,,2025-08-26T00:00:00
R001935,Student_047,ASM002,Q0158,incorrect_arithmetic,False,arithmetic,2025-08-26T00:00:00
R001936,Student_047,ASM002,Q0004,varies,True,,2025-08-26T00:00:00
R001937,Student_047,ASM002,Q0007,varies,True,,2025-08-26T00:00:00
R001938,Student_047,ASM002,Q0026,varies,True,,2025-08-26T00:00:00
R001939,Student_047,ASM002,Q0177,varies,True,,2025-08-26T00:00:00
R001940,Student_047,ASM002,Q0065,incorrect_decimal_placement,False,decimal_placement,2025-08-26T00:00:00
R001941,Student_048,ASM002,Q0024,varies,True,,2025-08-26T00:00:00
R001942,Student_048,ASM002,Q0079,varies,True,,2025-08-26T00:00:00
R001943,Student_048,ASM002,Q0036,incorrect_arithmetic,False,arithmetic,2025-08-26T00:00:00
R001944,Student_048,ASM002,Q0011,varies,True,,2025-08-26T00:00:00
R001945,Student_048,ASM002,Q0067,varies,True,,2025-08-26T00:00:00
R001946,Student_048,ASM002,Q0003,varies,True,,2025-08-26T00:00:00
R001947,Student_048,ASM002,Q0139,varies,True,,2025-08-26T00:00:00
R001948,Student_048,ASM002,Q0030,incorrect_denominator_handling,False,denominator_handling,2025-08-26T00:00:00
R001949,Student_048,ASM002,Q0129,varies,True,,2025-08-26T00:00:00
R001950,Student_048,ASM002,Q0086,varies,True,,2025-08-26T00:00:00
R001951,Student_048,ASM002,Q0046,varies,True,,2025-08-26T00:00:00
R001952,Student_048,ASM002,Q0080,incorrect_conceptual,False,conceptual,2025-08-26T00:00:00
R001953,Student_048,ASM002,Q0013,varies,True,,2025-08-26T00:00:00
R001954,Student_048,ASM002,Q0015,incorrect_simplification,False,simplification,2025-08-26T00:00:00
R001955,Student_048,ASM002,Q0158,varies,True,,2025-08-26T00:00:00
R001956,Student_048,ASM002,Q0004,varies,True,,2025-08-26T00:00:00
R001957,Student_048,ASM002,Q0007,incorrect_denominator_handling,False,denominator_handling,2025-08-26T00:00:00
R001958,Student_048,ASM002,Q0026,varies,True,,2025-08-26T00:00:00
R001959,Student_048,ASM002,Q0177,varies,True,,2025-08-26T00:00:00
R001960,Student_048,ASM002,Q0065,varies,True,,2025-08-26T00:00:00
R001961,Student_049,ASM002,Q0024,varies,True,,2025-08-26T00:00:00
R001962,Student_049,ASM002,Q0079,varies,True,,2025-08-26T00:00:00
R001963,Student_049,ASM002,Q0036,varies,True,,2025-08-26T00:00:00
R001964,Student_049,ASM002,Q0011,varies,True,,2025-08-26T00:00:00
R001965,Student_049,ASM002,Q0067,varies,True,,2025-08-26T00:00:00
R001966,Student_049,ASM002,Q0003,varies,True,,2025-08-26T00:00:00
R001967,Student_049,ASM002,Q0139,varies,True,,2025-08-26T00:00:00
R001968,Student_049,ASM002,Q0030,varies,True,,2025-08-26T00:00:00
R001969,Student_049,ASM002,Q0129,varies,True,,2025-08-26T00:00:00
R001970,Student_049,ASM002,Q0086,incorrect_formula_selection,False,formula_selection,2025-08-26T00:00:00
R001971,Student_049,ASM002,Q0046,varies,True,,2025-08-26T00:00:00
R001972,Student_049,ASM002,Q0080,incorrect_conceptual,False,conceptual,2025-08-26T00:00:00
R001973,Student_049,ASM002,Q0013,varies,True,,2025-08-26T00:00:00
R001974,Student_049,ASM002,Q0015,varies,True,,2025-08-26T00:00:00
R001975,Student_049,ASM002,Q0158,varies,True,,2025-08-26T00:00:00
R001976,Student_049,ASM002,Q0004,varies,True,,2025-08-26T00:00:00
R001977,Student_049,ASM002,Q0007,varies,True,,2025-08-26T00:00:00
R001978,Student_049,ASM002,Q0026,varies,True,,2025-08-26T00:00:00
R001979,Student_049,ASM002,Q0177,varies,True,,2025-08-26T00:00:00
R001980,Student_049,ASM002,Q0065,varies,True,,2025-08-26T00:00:00
R001981,Student_050,ASM002,Q0024,incorrect_arithmetic,False,arithmetic,2025-08-26T00:00:00
R001982,Student_050,ASM002,Q0079,varies,True,,2025-08-26T00:00:00
R001983,Student_050,ASM002,Q0036,incorrect_conceptual,False,conceptual,2025-08-26T00:00:00
R001984,Student_050,ASM002,Q0011,varies,True,,2025-08-26T00:00:00
R001985,Student_050,ASM002,Q0067,varies,True,,2025-08-26T00:00:00
R001986,Student_050,ASM002,Q0003,varies,True,,2025-08-26T00:00:00
R001987,Student_050,ASM002,Q0139,varies,True,,2025-08-26T00:00:00
R001988,Student_050,ASM002,Q0030,varies,True,,2025-08-26T00:00:00
R001989,Student_050,ASM002,Q0129,varies,True,,2025-08-26T00:00:00
R001990,Student_050,ASM002,Q0086,varies,True,,2025-08-26T00:00:00
R001991,Student_050,ASM002,Q0046,varies,True,,2025-08-26T00:00:00
R001992,Student_050,ASM002,Q0080,incorrect_arithmetic,False,arithmetic,2025-08-26T00:00:00
R001993,Student_050,ASM002,Q0013,varies,True,,2025-08-26T00:00:00
R001994,Student_050,ASM002,Q0015,varies,True,,2025-08-26T00:00:00
R001995,Student_050,ASM002,Q0158,incorrect_arithmetic,False,arithmetic,2025-08-26T00:00:00
R001996,Student_050,ASM002,Q0004,varies,True,,2025-08-26T00:00:00
R001997,Student_050,ASM002,Q0007,varies,True,,2025-08-26T00:00:00
R001998,Student_050,ASM002,Q0026,varies,True,,2025-08-26T00:00:00
R001999,Student_050,ASM002,Q0177,incorrect_arithmetic,False,arithmetic,2025-08-26T00:00:00
R002000,Student_050,ASM002,Q0065,varies,True,,2025-08-26T00:00:00
R002001,Student_001,ASM003,Q0039,incorrect_arithmetic,False,arithmetic,2025-09-16T00:00:00
R002002,Student_001,ASM003,Q0004,varies,True,,2025-09-16T00:00:00
R002003,Student_001,ASM003,Q0165,incorrect_careless,False,careless,2025-09-16T00:00:00
R002004,Student_001,ASM003,Q0071,varies,True,,2025-09-16T00:00:00
R002005,Student_001,ASM003,Q0041,varies,True,,2025-09-16T00:00:00
R002006,Student_001,ASM003,Q0093,incorrect_conceptual,False,conceptual,2025-09-16T00:00:00
R002007,Student_001,ASM003,Q0007,varies,True,,2025-09-16T00:00:00
R002008,Student_001,ASM003,Q0052,varies,True,,2025-09-16T00:00:00
R002009,Student_001,ASM003,Q0099,varies,True,,2025-09-16T00:00:00
R002010,Student_001,ASM003,Q0078,varies,True,,2025-09-16T00:00:00
R002011,Student_001,ASM003,Q0175,varies,True,,2025-09-16T00:00:00
R002012,Student_001,ASM003,Q0174,varies,True,,2025-09-16T00:00:00
R002013,Student_001,ASM003,Q0103,varies,True,,2025-09-16T00:00:00
R002014,Student_001,ASM003,Q0026,varies,True,,2025-09-16T00:00:00
R002015,Student_001,ASM003,Q0059,varies,True,,2025-09-16T00:00:00
R002016,Student_001,ASM003,Q0181,varies,True,,2025-09-16T00:00:00
R002017,Student_001,ASM003,Q0005,varies,True,,2025-09-16T00:00:00
R002018,Student_001,ASM003,Q0119,varies,True,,2025-09-16T00:00:00
R002019,Student_001,ASM003,Q0183,varies,True,,2025-09-16T00:00:00
R002020,Student_001,ASM003,Q0083,incorrect_careless,False,careless,2025-09-16T00:00:00
R002021,Student_002,ASM003,Q0039,varies,True,,2025-09-16T00:00:00
R002022,Student_002,ASM003,Q0004,incorrect_denominator_handling,False,denominator_handling,2025-09-16T00:00:00
R002023,Student_002,ASM003,Q0165,varies,True,,2025-09-16T00:00:00
R002024,Student_002,ASM003,Q0071,varies,True,,2025-09-16T00:00:00
R002025,Student_002,ASM003,Q0041,varies,True,,2025-09-16T00:00:00
R002026,Student_002,ASM003,Q0093,incorrect_conceptual,False,conceptual,2025-09-16T00:00:00
R002027,Student_002,ASM003,Q0007,incorrect_arithmetic,False,arithmetic,2025-09-16T00:00:00
R002028,Student_002,ASM003,Q0052,incorrect_arithmetic,False,arithmetic,2025-09-16T00:00:00
R002029,Student_002,ASM003,Q0099,varies,True,,2025-09-16T00:00:00
R002030,Student_002,ASM003,Q0078,varies,True,,2025-09-16T00:00:00
R002031,Student_002,ASM003,Q0175,incorrect_conceptual,False,conceptual,2025-09-16T00:00:00
R002032,Student_002,ASM003,Q0174,varies,True,,2025-09-16T00:00:00
R002033,Student_002,ASM003,Q0103,varies,True,,2025-09-16T00:00:00
R002034,Student_002,ASM003,Q0026,varies,True,,2025-09-16T00:00:00
R002035,Student_002,ASM003,Q0059,varies,True,,2025-09-16T00:00:00
R002036,Student_002,ASM003,Q0181,varies,True,,2025-09-16T00:00:00
R002037,Student_002,ASM003,Q0005,varies,True,,2025-09-16T00:00:00
R002038,Student_002,ASM003,Q0119,varies,True,,2025-09-16T00:00:00
R002039,Student_002,ASM003,Q0183,varies,True,,2025-09-16T00:00:00
R002040,Student_002,ASM003,Q0083,varies,True,,2025-09-16T00:00:00
R002041,Student_003,ASM003,Q0039,incorrect_conceptual,False,conceptual,2025-09-16T00:00:00
R002042,Student_003,ASM003,Q0004,incorrect_denominator_handling,False,denominator_handling,2025-09-16T00:00:00
R002043,Student_003,ASM003,Q0165,incorrect_unit_conversion,False,unit_conversion,2025-09-16T00:00:00
R002044,Student_003,ASM003,Q0071,varies,True,,2025-09-16T00:00:00
R002045,Student_003,ASM003,Q0041,incorrect_denominator_handling,False,denominator_handling,2025-09-16T00:00:00
R002046,Student_003,ASM003,Q0093,varies,True,,2025-09-16T00:00:00
R002047,Student_003,ASM003,Q0007,varies,True,,2025-09-16T00:00:00
R002048,Student_003,ASM003,Q0052,varies,True,,2025-09-16T00:00:00
R002049,Student_003,ASM003,Q0099,varies,True,,2025-09-16T00:00:00
R002050,Student_003,ASM003,Q0078,varies,True,,2025-09-16T00:00:00
R002051,Student_003,ASM003,Q0175,incorrect_careless,False,careless,2025-09-16T00:00:00
R002052,Student_003,ASM003,Q0174,varies,True,,2025-09-16T00:00:00
R002053,Student_003,ASM003,Q0103,varies,True,,2025-09-16T00:00:00
R002054,Student_003,ASM003,Q0026,varies,True,,2025-09-16T00:00:00
R002055,Student_003,ASM003,Q0059,incorrect_decimal_placement,False,decimal_placement,2025-09-16T00:00:00
R002056,Student_003,ASM003,Q0181,varies,True,,2025-09-16T00:00:00
R002057,Student_003,ASM003,Q0005,varies,True,,2025-09-16T00:00:00
R002058,Student_003,ASM003,Q0119,varies,True,,2025-09-16T00:00:00
R002059,Student_003,ASM003,Q0183,varies,True,,2025-09-16T00:00:00
R002060,Student_003,ASM003,Q0083,incorrect_conceptual,False,conceptual,2025-09-16T00:00:00
R002061,Student_004,ASM003,Q0039,varies,True,,2025-09-16T00:00:00
R002062,Student_004,ASM003,Q0004,varies,True,,2025-09-16T00:00:00
R002063,Student_004,ASM003,Q0165,incorrect_careless,False,careless,2025-09-16T00:00:00
R002064,Student_004,ASM003,Q0071,incorrect_decimal_placement,False,decimal_placement,2025-09-16T00:00:00
R002065,Student_004,ASM003,Q0041,incorrect_conceptual,False,conceptual,2025-09-16T00:00:00
R002066,Student_004,ASM003,Q0093,varies,True,,2025-09-16T00:00:00
R002067,Student_004,ASM003,Q0007,incorrect_arithmetic,False,arithmetic,2025-09-16T00:00:00
R002068,Student_004,ASM003,Q0052,incorrect_conceptual,False,conceptual,2025-09-16T00:00:00
R002069,Student_004,ASM003,Q0099,incorrect_sign_error,False,sign_error,2025-09-16T00:00:00
R002070,Student_004,ASM003,Q0078,incorrect_careless,False,careless,2025-09-16T00:00:00
R002071,Student_004,ASM003,Q0175,varies,True,,2025-09-16T00:00:00
R002072,Student_004,ASM003,Q0174,varies,True,,2025-09-16T00:00:00
R002073,Student_004,ASM003,Q0103,incorrect_sign_error,False,sign_error,2025-09-16T00:00:00
R002074,Student_004,ASM003,Q0026,incorrect_arithmetic,False,arithmetic,2025-09-16T00:00:00
R002075,Student_004,ASM003,Q0059,varies,True,,2025-09-16T00:00:00
R002076,Student_004,ASM003,Q0181,incorrect_careless,False,careless,2025-09-16T00:00:00
R002077,Student_004,ASM003,Q0005,varies,True,,2025-09-16T00:00:00
R002078,Student_004,ASM003,Q0119,varies,True,,2025-09-16T00:00:00
R002079,Student_004,ASM003,Q0183,varies,True,,2025-09-16T00:00:00
R002080,Student_004,ASM003,Q0083,varies,True,,2025-09-16T00:00:00
R002081,Student_005,ASM003,Q0039,varies,True,,2025-09-16T00:00:00
R002082,Student_005,ASM003,Q0004,varies,True,,2025-09-16T00:00:00
R002083,Student_005,ASM003,Q0165,varies,True,,2025-09-16T00:00:00
R002084,Student_005,ASM003,Q0071,varies,True,,2025-09-16T00:00:00
R002085,Student_005,ASM003,Q0041,varies,True,,2025-09-16T00:00:00
R002086,Student_005,ASM003,Q0093,varies,True,,2025-09-16T00:00:00
R002087,Student_005,ASM003,Q0007,varies,True,,2025-09-16T00:00:00
R002088,Student_005,ASM003,Q0052,varies,True,,2025-09-16T00:00:00
R002089,Student_005,ASM003,Q0099,varies,True,,2025-09-16T00:00:00
R002090,Student_005,ASM003,Q0078,varies,True,,2025-09-16T00:00:00
R002091,Student_005,ASM003,Q0175,varies,True,,2025-09-16T00:00:00
R002092,Student_005,ASM003,Q0174,varies,True,,2025-09-16T00:00:00
R002093,Student_005,ASM003,Q0103,varies,True,,2025-09-16T00:00:00
R002094,Student_005,ASM003,Q0026,varies,True,,2025-09-16T00:00:00
R002095,Student_005,ASM003,Q0059,varies,True,,2025-09-16T00:00:00
R002096,Student_005,ASM003,Q0181,varies,True,,2025-09-16T00:00:00
R002097,Student_005,ASM003,Q0005,varies,True,,2025-09-16T00:00:00
R002098,Student_005,ASM003,Q0119,varies,True,,2025-09-16T00:00:00
R002099,Student_005,ASM003,Q0183,varies,True,,2025-09-16T00:00:00
R002100,Student_005,ASM003,Q0083,varies,True,,2025-09-16T00:00:00
R002101,Student_006,ASM003,Q0039,varies,True,,2025-09-16T00:00:00
R002102,Student_006,ASM003,Q0004,varies,True,,2025-09-16T00:00:00
R002103,Student_006,ASM003,Q0165,varies,True,,2025-09-16T00:00:00
R002104,Student_006,ASM003,Q0071,varies,True,,2025-09-16T00:00:00
R002105,Student_006,ASM003,Q0041,varies,True,,2025-09-16T00:00:00
R002106,Student_006,ASM003,Q0093,varies,True,,2025-09-16T00:00:00
R002107,Student_006,ASM003,Q0007,varies,True,,2025-09-16T00:00:00
R002108,Student_006,ASM003,Q0052,incorrect_careless,False,careless,2025-09-16T00:00:00
R002109,Student_006,ASM003,Q0099,varies,True,,2025-09-16T00:00:00
R002110,Student_006,ASM003,Q0078,varies,True,,2025-09-16T00:00:00
R002111,Student_006,ASM003,Q0175,varies,True,,2025-09-16T00:00:00
R002112,Student_006,ASM003,Q0174,varies,True,,2025-09-16T00:00:00
R002113,Student_006,ASM003,Q0103,varies,True,,2025-09-16T00:00:00
R002114,Student_006,ASM003,Q0026,varies,True,,2025-09-16T00:00:00
R002115,Student_006,ASM003,Q0059,varies,True,,2025-09-16T00:00:00
R002116,Student_006,ASM003,Q0181,varies,True,,2025-09-16T00:00:00
R002117,Student_006,ASM003,Q0005,incorrect_simplification,False,simplification,2025-09-16T00:00:00
R002118,Student_006,ASM003,Q0119,varies,True,,2025-09-16T00:00:00
R002119,Student_006,ASM003,Q0183,incorrect_careless,False,careless,2025-09-16T00:00:00
R002120,Student_006,ASM003,Q0083,varies,True,,2025-09-16T00:00:00
R002121,Student_007,ASM003,Q0039,varies,True,,2025-09-16T00:00:00
R002122,Student_007,ASM003,Q0004,varies,True,,2025-09-16T00:00:00
R002123,Student_007,ASM003,Q0165,incorrect_unit_conversion,False,unit_conversion,2025-09-16T00:00:00
R002124,Student_007,ASM003,Q0071,varies,True,,2025-09-16T00:00:00
R002125,Student_007,ASM003,Q0041,varies,True,,2025-09-16T00:00:00
R002126,Student_007,ASM003,Q0093,incorrect_formula_selection,False,formula_selection,2025-09-16T00:00:00
R002127,Student_007,ASM003,Q0007,varies,True,,2025-09-16T00:00:00
R002128,Student_007,ASM003,Q0052,varies,True,,2025-09-16T00:00:00
R002129,Student_007,ASM003,Q0099,incorrect_formula_selection,False,formula_selection,2025-09-16T00:00:00
R002130,Student_007,ASM003,Q0078,incorrect_formula_selection,False,formula_selection,2025-09-16T00:00:00
R002131,Student_007,ASM003,Q0175,varies,True,,2025-09-16T00:00:00
R002132,Student_007,ASM003,Q0174,varies,True,,2025-09-16T00:00:00
R002133,Student_007,ASM003,Q0103,varies,True,,2025-09-16T00:00:00
R002134,Student_007,ASM003,Q0026,incorrect_arithmetic,False,arithmetic,2025-09-16T00:00:00
R002135,Student_007,ASM003,Q0059,varies,True,,2025-09-16T00:00:00
R002136,Student_007,ASM003,Q0181,incorrect_arithmetic,False,arithmetic,2025-09-16T00:00:00
R002137,Student_007,ASM003,Q0005,varies,True,,2025-09-16T00:00:00
R002138,Student_007,ASM003,Q0119,varies,True,,2025-09-16T00:00:00
R002139,Student_007,ASM003,Q0183,varies,True,,2025-09-16T00:00:00
R002140,Student_007,ASM003,Q0083,varies,True,,2025-09-16T00:00:00
R002141,Student_008,ASM003,Q0039,varies,True,,2025-09-16T00:00:00
R002142,Student_008,ASM003,Q0004,varies,True,,2025-09-16T00:00:00
R002143,Student_008,ASM003,Q0165,varies,True,,2025-09-16T00:00:00
R002144,Student_008,ASM003,Q0071,varies,True,,2025-09-16T00:00:00
R002145,Student_008,ASM003,Q0041,varies,True,,2025-09-16T00:00:00
R002146,Student_008,ASM003,Q0093,varies,True,,2025-09-16T00:00:00
R002147,Student_008,ASM003,Q0007,incorrect_denominator_handling,False,denominator_handling,2025-09-16T00:00:00
R002148,Student_008,ASM003,Q0052,varies,True,,2025-09-16T00:00:00
R002149,Student_008,ASM003,Q0099,incorrect_arithmetic,False,arithmetic,2025-09-16T00:00:00
R002150,Student_008,ASM003,Q0078,varies,True,,2025-09-16T00:00:00
R002151,Student_008,ASM003,Q0175,incorrect_arithmetic,False,arithmetic,2025-09-16T00:00:00
R002152,Student_008,ASM003,Q0174,varies,True,,2025-09-16T00:00:00
R002153,Student_008,ASM003,Q0103,varies,True,,2025-09-16T00:00:00
R002154,Student_008,ASM003,Q0026,incorrect_denominator_handling,False,denominator_handling,2025-09-16T00:00:00
R002155,Student_008,ASM003,Q0059,varies,True,,2025-09-16T00:00:00
R002156,Student_008,ASM003,Q0181,varies,True,,2025-09-16T00:00:00
R002157,Student_008,ASM003,Q0005,varies,True,,2025-09-16T00:00:00
R002158,Student_008,ASM003,Q0119,varies,True,,2025-09-16T00:00:00
R002159,Student_008,ASM003,Q0183,incorrect_careless,False,careless,2025-09-16T00:00:00
R002160,Student_008,ASM003,Q0083,incorrect_arithmetic,False,arithmetic,2025-09-16T00:00:00
R002161,Student_009,ASM003,Q0039,varies,True,,2025-09-16T00:00:00
R002162,Student_009,ASM003,Q0004,varies,True,,2025-09-16T00:00:00
R002163,Student_009,ASM003,Q0165,varies,True,,2025-09-16T00:00:00
R002164,Student_009,ASM003,Q0071,incorrect_arithmetic,False,arithmetic,2025-09-16T00:00:00
R002165,Student_009,ASM003,Q0041,varies,True,,2025-09-16T00:00:00
R002166,Student_009,ASM003,Q0093,varies,True,,2025-09-16T00:00:00
R002167,Student_009,ASM003,Q0007,incorrect_simplification,False,simplification,2025-09-16T00:00:00
R002168,Student_009,ASM003,Q0052,varies,True,,2025-09-16T00:00:00
R002169,Student_009,ASM003,Q0099,incorrect_sign_error,False,sign_error,2025-09-16T00:00:00
R002170,Student_009,ASM003,Q0078,varies,True,,2025-09-16T00:00:00
R002171,Student_009,ASM003,Q0175,varies,True,,2025-09-16T00:00:00
R002172,Student_009,ASM003,Q0174,varies,True,,2025-09-16T00:00:00
R002173,Student_009,ASM003,Q0103,varies,True,,2025-09-16T00:00:00
R002174,Student_009,ASM003,Q0026,incorrect_careless,False,careless,2025-09-16T00:00:00
R002175,Student_009,ASM003,Q0059,varies,True,,2025-09-16T00:00:00
R002176,Student_009,ASM003,Q0181,incorrect_conceptual,False,conceptual,2025-09-16T00:00:00
R002177,Student_009,ASM003,Q0005,varies,True,,2025-09-16T00:00:00
R002178,Student_009,ASM003,Q0119,varies,True,,2025-09-16T00:00:00
R002179,Student_009,ASM003,Q0183,varies,True,,2025-09-16T00:00:00
R002180,Student_009,ASM003,Q0083,varies,True,,2025-09-16T00:00:00
R002181,Student_010,ASM003,Q0039,incorrect_conceptual,False,conceptual,2025-09-16T00:00:00
R002182,Student_010,ASM003,Q0004,incorrect_simplification,False,simplification,2025-09-16T00:00:00
R002183,Student_010,ASM003,Q0165,varies,True,,2025-09-16T00:00:00
R002184,Student_010,ASM003,Q0071,varies,True,,2025-09-16T00:00:00
R002185,Student_010,ASM003,Q0041,varies,True,,2025-09-16T00:00:00
R002186,Student_010,ASM003,Q0093,varies,True,,2025-09-16T00:00:00
R002187,Student_010,ASM003,Q0007,varies,True,,2025-09-16T00:00:00
R002188,Student_010,ASM003,Q0052,varies,True,,2025-09-16T00:00:00
R002189,Student_010,ASM003,Q0099,varies,True,,2025-09-16T00:00:00
R002190,Student_010,ASM003,Q0078,varies,True,,2025-09-16T00:00:00
R002191,Student_010,ASM003,Q0175,varies,True,,2025-09-16T00:00:00
R002192,Student_010,ASM003,Q0174,incorrect_careless,False,careless,2025-09-16T00:00:00
R002193,Student_010,ASM003,Q0103,incorrect_careless,False,careless,2025-09-16T00:00:00
R002194,Student_010,ASM003,Q0026,varies,True,,2025-09-16T00:00:00
R002195,Student_010,ASM003,Q0059,varies,True,,2025-09-16T00:00:00
R002196,Student_010,ASM003,Q0181,varies,True,,2025-09-16T00:00:00
R002197,Student_010,ASM003,Q0005,varies,True,,2025-09-16T00:00:00
R002198,Student_010,ASM003,Q0119,incorrect_careless,False,careless,2025-09-16T00:00:00
R002199,Student_010,ASM003,Q0183,varies,True,,2025-09-16T00:00:00
R002200,Student_010,ASM003,Q0083,varies,True,,2025-09-16T00:00:00
R002201,Student_011,ASM003,Q0039,varies,True,,2025-09-16T00:00:00
R002202,Student_011,ASM003,Q0004,varies,True,,2025-09-16T00:00:00
R002203,Student_011,ASM003,Q0165,varies,True,,2025-09-16T00:00:00
R002204,Student_011,ASM003,Q0071,varies,True,,2025-09-16T00:00:00
R002205,Student_011,ASM003,Q0041,varies,True,,2025-09-16T00:00:00
R002206,Student_011,ASM003,Q0093,varies,True,,2025-09-16T00:00:00
R002207,Student_011,ASM003,Q0007,varies,True,,2025-09-16T00:00:00
R002208,Student_011,ASM003,Q0052,varies,True,,2025-09-16T00:00:00
R002209,Student_011,ASM003,Q0099,varies,True,,2025-09-16T00:00:00
R002210,Student_011,ASM003,Q0078,varies,True,,2025-09-16T00:00:00
R002211,Student_011,ASM003,Q0175,varies,True,,2025-09-16T00:00:00
R002212,Student_011,ASM003,Q0174,varies,True,,2025-09-16T00:00:00
R002213,Student_011,ASM003,Q0103,varies,True,,2025-09-16T00:00:00
R002214,Student_011,ASM003,Q0026,varies,True,,2025-09-16T00:00:00
R002215,Student_011,ASM003,Q0059,varies,True,,2025-09-16T00:00:00
R002216,Student_011,ASM003,Q0181,varies,True,,2025-09-16T00:00:00
R002217,Student_011,ASM003,Q0005,varies,True,,2025-09-16T00:00:00
R002218,Student_011,ASM003,Q0119,varies,True,,2025-09-16T00:00:00
R002219,Student_011,ASM003,Q0183,varies,True,,2025-09-16T00:00:00
R002220,Student_011,ASM003,Q0083,varies,True,,2025-09-16T00:00:00
R002221,Student_012,ASM003,Q0039,incorrect_arithmetic,False,arithmetic,2025-09-16T00:00:00
R002222,Student_012,ASM003,Q0004,incorrect_simplification,False,simplification,2025-09-16T00:00:00
R002223,Student_012,ASM003,Q0165,varies,True,,2025-09-16T00:00:00
R002224,Student_012,ASM003,Q0071,incorrect_arithmetic,False,arithmetic,2025-09-16T00:00:00
R002225,Student_012,ASM003,Q0041,varies,True,,2025-09-16T00:00:00
R002226,Student_012,ASM003,Q0093,incorrect_arithmetic,False,arithmetic,2025-09-16T00:00:00
R002227,Student_012,ASM003,Q0007,incorrect_denominator_handling,False,denominator_handling,2025-09-16T00:00:00
R002228,Student_012,ASM003,Q0052,varies,True,,2025-09-16T00:00:00
R002229,Student_012,ASM003,Q0099,varies,True,,2025-09-16T00:00:00
R002230,Student_012,ASM003,Q0078,varies,True,,2025-09-16T00:00:00
R002231,Student_012,ASM003,Q0175,varies,True,,2025-09-16T00:00:00
R002232,Student_012,ASM003,Q0174,varies,True,,2025-09-16T00:00:00
R002233,Student_012,ASM003,Q0103,varies,True,,2025-09-16T00:00:00
R002234,Student_012,ASM003,Q0026,incorrect_denominator_handling,False,denominator_handling,2025-09-16T00:00:00
R002235,Student_012,ASM003,Q0059,varies,True,,2025-09-16T00:00:00
R002236,Student_012,ASM003,Q0181,varies,True,,2025-09-16T00:00:00
R002237,Student_012,ASM003,Q0005,incorrect_denominator_handling,False,denominator_handling,2025-09-16T00:00:00
R002238,Student_012,ASM003,Q0119,varies,True,,2025-09-16T00:00:00
R002239,Student_012,ASM003,Q0183,varies,True,,2025-09-16T00:00:00
R002240,Student_012,ASM003,Q0083,varies,True,,2025-09-16T00:00:00
R002241,Student_013,ASM003,Q0039,varies,True,,2025-09-16T00:00:00
R002242,Student_013,ASM003,Q0004,varies,True,,2025-09-16T00:00:00
R002243,Student_013,ASM003,Q0165,incorrect_arithmetic,False,arithmetic,2025-09-16T00:00:00
R002244,Student_013,ASM003,Q0071,varies,True,,2025-09-16T00:00:00
R002245,Student_013,ASM003,Q0041,varies,True,,2025-09-16T00:00:00
R002246,Student_013,ASM003,Q0093,varies,True,,2025-09-16T00:00:00
R002247,Student_013,ASM003,Q0007,varies,True,,2025-09-16T00:00:00
R002248,Student_013,ASM003,Q0052,varies,True,,2025-09-16T00:00:00
R002249,Student_013,ASM003,Q0099,varies,True,,2025-09-16T00:00:00
R002250,Student_013,ASM003,Q0078,varies,True,,2025-09-16T00:00:00
R002251,Student_013,ASM003,Q0175,varies,True,,2025-09-16T00:00:00
R002252,Student_013,ASM003,Q0174,varies,True,,2025-09-16T00:00:00
R002253,Student_013,ASM003,Q0103,incorrect_formula_selection,False,formula_selection,2025-09-16T00:00:00
R002254,Student_013,ASM003,Q0026,varies,True,,2025-09-16T00:00:00
R002255,Student_013,ASM003,Q0059,varies,True,,2025-09-16T00:00:00
R002256,Student_013,ASM003,Q0181,varies,True,,2025-09-16T00:00:00
R002257,Student_013,ASM003,Q0005,varies,True,,2025-09-16T00:00:00
R002258,Student_013,ASM003,Q0119,varies,True,,2025-09-16T00:00:00
R002259,Student_013,ASM003,Q0183,varies,True,,2025-09-16T00:00:00
R002260,Student_013,ASM003,Q0083,varies,True,,2025-09-16T00:00:00
R002261,Student_014,ASM003,Q0039,incorrect_arithmetic,False,arithmetic,2025-09-16T00:00:00
R002262,Student_014,ASM003,Q0004,varies,True,,2025-09-16T00:00:00
R002263,Student_014,ASM003,Q0165,incorrect_arithmetic,False,arithmetic,2025-09-16T00:00:00
R002264,Student_014,ASM003,Q0071,varies,True,,2025-09-16T00:00:00
R002265,Student_014,ASM003,Q0041,incorrect_conceptual,False,conceptual,2025-09-16T00:00:00
R002266,Student_014,ASM003,Q0093,varies,True,,2025-09-16T00:00:00
R002267,Student_014,ASM003,Q0007,varies,True,,2025-09-16T00:00:00
R002268,Student_014,ASM003,Q0052,incorrect_conceptual,False,conceptual,2025-09-16T00:00:00
R002269,Student_014,ASM003,Q0099,varies,True,,2025-09-16T00:00:00
R002270,Student_014,ASM003,Q0078,varies,True,,2025-09-16T00:00:00
R002271,Student_014,ASM003,Q0175,incorrect_arithmetic,False,arithmetic,2025-09-16T00:00:00
R002272,Student_014,ASM003,Q0174,incorrect_careless,False,careless,2025-09-16T00:00:00
R002273,Student_014,ASM003,Q0103,varies,True,,2025-09-16T00:00:00
R002274,Student_014,ASM003,Q0026,varies,True,,2025-09-16T00:00:00
R002275,Student_014,ASM003,Q0059,incorrect_decimal_placement,False,decimal_placement,2025-09-16T00:00:00
R002276,Student_014,ASM003,Q0181,incorrect_conceptual,False,conceptual,2025-09-16T00:00:00
R002277,Student_014,ASM003,Q0005,varies,True,,2025-09-16T00:00:00
R002278,Student_014,ASM003,Q0119,incorrect_conceptual,False,conceptual,2025-09-16T00:00:00
R002279,Student_014,ASM003,Q0183,varies,True,,2025-09-16T00:00:00
R002280,Student_014,ASM003,Q0083,varies,True,,2025-09-16T00:00:00
R002281,Student_015,ASM003,Q0039,varies,True,,2025-09-16T00:00:00
R002282,Student_015,ASM003,Q0004,incorrect_simplification,False,simplification,2025-09-16T00:00:00
R002283,Student_015,ASM003,Q0165,varies,True,,2025-09-16T00:00:00
R002284,Student_015,ASM003,Q0071,varies,True,,2025-09-16T00:00:00
R002285,Student_015,ASM003,Q0041,varies,True,,2025-09-16T00:00:00
R002286,Student_015,ASM003,Q0093,varies,True,,2025-09-16T00:00:00
R002287,Student_015,ASM003,Q0007,varies,True,,2025-09-16T00:00:00
R002288,Student_015,ASM003,Q0052,varies,True,,2025-09-16T00:00:00
R002289,Student_015,ASM003,Q0099,varies,True,,2025-09-16T00:00:00
R002290,Student_015,ASM003,Q0078,varies,True,,2025-09-16T00:00:00
R002291,Student_015,ASM003,Q0175,varies,True,,2025-09-16T00:00:00
R002292,Student_015,ASM003,Q0174,varies,True,,2025-09-16T00:00:00
R002293,Student_015,ASM003,Q0103,varies,True,,2025-09-16T00:00:00
R002294,Student_015,ASM003,Q0026,varies,True,,2025-09-16T00:00:00
R002295,Student_015,ASM003,Q0059,varies,True,,2025-09-16T00:00:00
R002296,Student_015,ASM003,Q0181,varies,True,,2025-09-16T00:00:00
R002297,Student_015,ASM003,Q0005,varies,True,,2025-09-16T00:00:00
R002298,Student_015,ASM003,Q0119,incorrect_careless,False,careless,2025-09-16T00:00:00
R002299,Student_015,ASM003,Q0183,varies,True,,2025-09-16T00:00:00
R002300,Student_015,ASM003,Q0083,incorrect_conceptual,False,conceptual,2025-09-16T00:00:00
R002301,Student_016,ASM003,Q0039,incorrect_conceptual,False,conceptual,2025-09-16T00:00:00
R002302,Student_016,ASM003,Q0004,incorrect_arithmetic,False,arithmetic,2025-09-16T00:00:00
R002303,Student_016,ASM003,Q0165,varies,True,,2025-09-16T00:00:00
R002304,Student_016,ASM003,Q0071,varies,True,,2025-09-16T00:00:00
R002305,Student_016,ASM003,Q0041,varies,True,,2025-09-16T00:00:00
R002306,Student_016,ASM003,Q0093,incorrect_formula_selection,False,formula_selection,2025-09-16T00:00:00
R002307,Student_016,ASM003,Q0007,incorrect_denominator_handling,False,denominator_handling,2025-09-16T00:00:00
R002308,Student_016,ASM003,Q0052,varies,True,,2025-09-16T00:00:00
R002309,Student_016,ASM003,Q0099,varies,True,,2025-09-16T00:00:00
R002310,Student_016,ASM003,Q0078,varies,True,,2025-09-16T00:00:00
R002311,Student_016,ASM003,Q0175,varies,True,,2025-09-16T00:00:00
R002312,Student_016,ASM003,Q0174,varies,True,,2025-09-16T00:00:00
R002313,Student_016,ASM003,Q0103,varies,True,,2025-09-16T00:00:00
R002314,Student_016,ASM003,Q0026,incorrect_denominator_handling,False,denominator_handling,2025-09-16T00:00:00
R002315,Student_016,ASM003,Q0059,varies,True,,2025-09-16T00:00:00
R002316,Student_016,ASM003,Q0181,incorrect_conceptual,False,conceptual,2025-09-16T00:00:00
R002317,Student_016,ASM003,Q0005,varies,True,,2025-09-16T00:00:00
R002318,Student_016,ASM003,Q0119,incorrect_conceptual,False,conceptual,2025-09-16T00:00:00
R002319,Student_016,ASM003,Q0183,incorrect_arithmetic,False,arithmetic,2025-09-16T00:00:00
R002320,Student_016,ASM003,Q0083,incorrect_careless,False,careless,2025-09-16T00:00:00
R002321,Student_017,ASM003,Q0039,varies,True,,2025-09-16T00:00:00
R002322,Student_017,ASM003,Q0004,varies,True,,2025-09-16T00:00:00
R002323,Student_017,ASM003,Q0165,varies,True,,2025-09-16T00:00:00
R002324,Student_017,ASM003,Q0071,varies,True,,2025-09-16T00:00:00
R002325,Student_017,ASM003,Q0041,varies,True,,2025-09-16T00:00:00
R002326,Student_017,ASM003,Q0093,varies,True,,2025-09-16T00:00:00
R002327,Student_017,ASM003,Q0007,varies,True,,2025-09-16T00:00:00
R002328,Student_017,ASM003,Q0052,varies,True,,2025-09-16T00:00:00
R002329,Student_017,ASM003,Q0099,varies,True,,2025-09-16T00:00:00
R002330,Student_017,ASM003,Q0078,varies,True,,2025-09-16T00:00:00
R002331,Student_017,ASM003,Q0175,varies,True,,2025-09-16T00:00:00
R002332,Student_017,ASM003,Q0174,incorrect_careless,False,careless,2025-09-16T00:00:00
R002333,Student_017,ASM003,Q0103,varies,True,,2025-09-16T00:00:00
R002334,Student_017,ASM003,Q0026,incorrect_arithmetic,False,arithmetic,2025-09-16T00:00:00
R002335,Student_017,ASM003,Q0059,varies,True,,2025-09-16T00:00:00
R002336,Student_017,ASM003,Q0181,varies,True,,2025-09-16T00:00:00
R002337,Student_017,ASM003,Q0005,varies,True,,2025-09-16T00:00:00
R002338,Student_017,ASM003,Q0119,varies,True,,2025-09-16T00:00:00
R002339,Student_017,ASM003,Q0183,varies,True,,2025-09-16T00:00:00
R002340,Student_017,ASM003,Q0083,varies,True,,2025-09-16T00:00:00
R002341,Student_018,ASM003,Q0039,incorrect_denominator_handling,False,denominator_handling,2025-09-16T00:00:00
R002342,Student_018,ASM003,Q0004,incorrect_denominator_handling,False,denominator_handling,2025-09-16T00:00:00
R002343,Student_018,ASM003,Q0165,varies,True,,2025-09-16T00:00:00
R002344,Student_018,ASM003,Q0071,varies,True,,2025-09-16T00:00:00
R002345,Student_018,ASM003,Q0041,varies,True,,2025-09-16T00:00:00
R002346,Student_018,ASM003,Q0093,varies,True,,2025-09-16T00:00:00
R002347,Student_018,ASM003,Q0007,incorrect_denominator_handling,False,denominator_handling,2025-09-16T00:00:00
R002348,Student_018,ASM003,Q0052,varies,True,,2025-09-16T00:00:00
R002349,Student_018,ASM003,Q0099,varies,True,,2025-09-16T00:00:00
R002350,Student_018,ASM003,Q0078,varies,True,,2025-09-16T00:00:00
R002351,Student_018,ASM003,Q0175,varies,True,,2025-09-16T00:00:00
R002352,Student_018,ASM003,Q0174,varies,True,,2025-09-16T00:00:00
R002353,Student_018,ASM003,Q0103,varies,True,,2025-09-16T00:00:00
R002354,Student_018,ASM003,Q0026,incorrect_arithmetic,False,arithmetic,2025-09-16T00:00:00
R002355,Student_018,ASM003,Q0059,varies,True,,2025-09-16T00:00:00
R002356,Student_018,ASM003,Q0181,varies,True,,2025-09-16T00:00:00
R002357,Student_018,ASM003,Q0005,incorrect_denominator_handling,False,denominator_handling,2025-09-16T00:00:00
R002358,Student_018,ASM003,Q0119,varies,True,,2025-09-16T00:00:00
R002359,Student_018,ASM003,Q0183,varies,True,,2025-09-16T00:00:00
R002360,Student_018,ASM003,Q0083,varies,True,,2025-09-16T00:00:00
R002361,Student_019,ASM003,Q0039,varies,True,,2025-09-16T00:00:00
R002362,Student_019,ASM003,Q0004,varies,True,,2025-09-16T00:00:00
R002363,Student_019,ASM003,Q0165,varies,True,,2025-09-16T00:00:00
R002364,Student_019,ASM003,Q0071,varies,True,,2025-09-16T00:00:00
R002365,Student_019,ASM003,Q0041,varies,True,,2025-09-16T00:00:00
R002366,Student_019,ASM003,Q0093,incorrect_sign_error,False,sign_error,2025-09-16T00:00:00
R002367,Student_019,ASM003,Q0007,varies,True,,2025-09-16T00:00:00
R002368,Student_019,ASM003,Q0052,varies,True,,2025-09-16T00:00:00
R002369,Student_019,ASM003,Q0099,incorrect_arithmetic,False,arithmetic,2025-09-16T00:00:00
R002370,Student_019,ASM003,Q0078,varies,True,,2025-09-16T00:00:00
R002371,Student_019,ASM003,Q0175,varies,True,,2025-09-16T00:00:00
R002372,Student_019,ASM003,Q0174,varies,True,,2025-09-16T00:00:00
R002373,Student_019,ASM003,Q0103,varies,True,,2025-09-16T00:00:00
R002374,Student_019,ASM003,Q0026,varies,True,,2025-09-16T00:00:00
R002375,Student_019,ASM003,Q0059,varies,True,,2025-09-16T00:00:00
R002376,Student_019,ASM003,Q0181,varies,True,,2025-09-16T00:00:00
R002377,Student_019,ASM003,Q0005,varies,True,,2025-09-16T00:00:00
R002378,Student_019,ASM003,Q0119,varies,True,,2025-09-16T00:00:00
R002379,Student_019,ASM003,Q0183,varies,True,,2025-09-16T00:00:00
R002380,Student_019,ASM003,Q0083,incorrect_formula_selection,False,formula_selection,2025-09-16T00:00:00
R002381,Student_020,ASM003,Q0039,incorrect_simplification,False,simplification,2025-09-16T00:00:00
R002382,Student_020,ASM003,Q0004,varies,True,,2025-09-16T00:00:00
R002383,Student_020,ASM003,Q0165,varies,True,,2025-09-16T00:00:00
R002384,Student_020,ASM003,Q0071,varies,True,,2025-09-16T00:00:00
R002385,Student_020,ASM003,Q0041,varies,True,,2025-09-16T00:00:00
R002386,Student_020,ASM003,Q0093,incorrect_conceptual,False,conceptual,2025-09-16T00:00:00
R002387,Student_020,ASM003,Q0007,varies,True,,2025-09-16T00:00:00
R002388,Student_020,ASM003,Q0052,varies,True,,2025-09-16T00:00:00
R002389,Student_020,ASM003,Q0099,varies,True,,2025-09-16T00:00:00
R002390,Student_020,ASM003,Q0078,incorrect_arithmetic,False,arithmetic,2025-09-16T00:00:00
R002391,Student_020,ASM003,Q0175,incorrect_arithmetic,False,arithmetic,2025-09-16T00:00:00
R002392,Student_020,ASM003,Q0174,varies,True,,2025-09-16T00:00:00
R002393,Student_020,ASM003,Q0103,varies,True,,2025-09-16T00:00:00
R002394,Student_020,ASM003,Q0026,incorrect_arithmetic,False,arithmetic,2025-09-16T00:00:00
R002395,Student_020,ASM003,Q0059,varies,True,,2025-09-16T00:00:00
R002396,Student_020,ASM003,Q0181,varies,True,,2025-09-16T00:00:00
R002397,Student_020,ASM003,Q0005,varies,True,,2025-09-16T00:00:00
R002398,Student_020,ASM003,Q0119,varies,True,,2025-09-16T00:00:00
R002399,Student_020,ASM003,Q0183,varies,True,,2025-09-16T00:00:00
R002400,Student_020,ASM003,Q0083,incorrect_careless,False,careless,2025-09-16T00:00:00
R002401,Student_021,ASM003,Q0039,incorrect_conceptual,False,conceptual,2025-09-16T00:00:00
R002402,Student_021,ASM003,Q0004,varies,True,,2025-09-16T00:00:00
R002403,Student_021,ASM003,Q0165,varies,True,,2025-09-16T00:00:00
R002404,Student_021,ASM003,Q0071,varies,True,,2025-09-16T00:00:00
R002405,Student_021,ASM003,Q0041,varies,True,,2025-09-16T00:00:00
R002406,Student_021,ASM003,Q0093,varies,True,,2025-09-16T00:00:00
R002407,Student_021,ASM003,Q0007,varies,True,,2025-09-16T00:00:00
R002408,Student_021,ASM003,Q0052,varies,True,,2025-09-16T00:00:00
R002409,Student_021,ASM003,Q0099,varies,True,,2025-09-16T00:00:00
R002410,Student_021,ASM003,Q0078,varies,True,,2025-09-16T00:00:00
R002411,Student_021,ASM003,Q0175,varies,True,,2025-09-16T00:00:00
R002412,Student_021,ASM003,Q0174,incorrect_careless,False,careless,2025-09-16T00:00:00
R002413,Student_021,ASM003,Q0103,varies,True,,2025-09-16T00:00:00
R002414,Student_021,ASM003,Q0026,varies,True,,2025-09-16T00:00:00
R002415,Student_021,ASM003,Q0059,varies,True,,2025-09-16T00:00:00
R002416,Student_021,ASM003,Q0181,varies,True,,2025-09-16T00:00:00
R002417,Student_021,ASM003,Q0005,varies,True,,2025-09-16T00:00:00
R002418,Student_021,ASM003,Q0119,varies,True,,2025-09-16T00:00:00
R002419,Student_021,ASM003,Q0183,incorrect_conceptual,False,conceptual,2025-09-16T00:00:00
R002420,Student_021,ASM003,Q0083,varies,True,,2025-09-16T00:00:00
R002421,Student_022,ASM003,Q0039,incorrect_arithmetic,False,arithmetic,2025-09-16T00:00:00
R002422,Student_022,ASM003,Q0004,varies,True,,2025-09-16T00:00:00
R002423,Student_022,ASM003,Q0165,incorrect_careless,False,careless,2025-09-16T00:00:00
R002424,Student_022,ASM003,Q0071,varies,True,,2025-09-16T00:00:00
R002425,Student_022,ASM003,Q0041,incorrect_conceptual,False,conceptual,2025-09-16T00:00:00
R002426,Student_022,ASM003,Q0093,incorrect_conceptual,False,conceptual,2025-09-16T00:00:00
R002427,Student_022,ASM003,Q0007,varies,True,,2025-09-16T00:00:00
R002428,Student_022,ASM003,Q0052,incorrect_conceptual,False,conceptual,2025-09-16T00:00:00
R002429,Student_022,ASM003,Q0099,varies,True,,2025-09-16T00:00:00
R002430,Student_022,ASM003,Q0078,varies,True,,2025-09-16T00:00:00
R002431,Student_022,ASM003,Q0175,varies,True,,2025-09-16T00:00:00
R002432,Student_022,ASM003,Q0174,varies,True,,2025-09-16T00:00:00
R002433,Student_022,ASM003,Q0103,incorrect_conceptual,False,conceptual,2025-09-16T00:00:00
R002434,Student_022,ASM003,Q0026,varies,True,,2025-09-16T00:00:00
R002435,Student_022,ASM003,Q0059,varies,True,,2025-09-16T00:00:00
R002436,Student_022,ASM003,Q0181,varies,True,,2025-09-16T00:00:00
R002437,Student_022,ASM003,Q0005,incorrect_arithmetic,False,arithmetic,2025-09-16T00:00:00
R002438,Student_022,ASM003,Q0119,varies,True,,2025-09-16T00:00:00
R002439,Student_022,ASM003,Q0183,incorrect_conceptual,False,conceptual,2025-09-16T00:00:00
R002440,Student_022,ASM003,Q0083,varies,True,,2025-09-16T00:00:00
R002441,Student_023,ASM003,Q0039,varies,True,,2025-09-16T00:00:00
R002442,Student_023,ASM003,Q0004,varies,True,,2025-09-16T00:00:00
R002443,Student_023,ASM003,Q0165,varies,True,,2025-09-16T00:00:00
R002444,Student_023,ASM003,Q0071,varies,True,,2025-09-16T00:00:00
R002445,Student_023,ASM003,Q0041,varies,True,,2025-09-16T00:00:00
R002446,Student_023,ASM003,Q0093,varies,True,,2025-09-16T00:00:00
R002447,Student_023,ASM003,Q0007,varies,True,,2025-09-16T00:00:00
R002448,Student_023,ASM003,Q0052,varies,True,,2025-09-16T00:00:00
R002449,Student_023,ASM003,Q0099,varies,True,,2025-09-16T00:00:00
R002450,Student_023,ASM003,Q0078,varies,True,,2025-09-16T00:00:00
R002451,Student_023,ASM003,Q0175,varies,True,,2025-09-16T00:00:00
R002452,Student_023,ASM003,Q0174,varies,True,,2025-09-16T00:00:00
R002453,Student_023,ASM003,Q0103,varies,True,,2025-09-16T00:00:00
R002454,Student_023,ASM003,Q0026,varies,True,,2025-09-16T00:00:00
R002455,Student_023,ASM003,Q0059,varies,True,,2025-09-16T00:00:00
R002456,Student_023,ASM003,Q0181,varies,True,,2025-09-16T00:00:00
R002457,Student_023,ASM003,Q0005,varies,True,,2025-09-16T00:00:00
R002458,Student_023,ASM003,Q0119,varies,True,,2025-09-16T00:00:00
R002459,Student_023,ASM003,Q0183,varies,True,,2025-09-16T00:00:00
R002460,Student_023,ASM003,Q0083,incorrect_careless,False,careless,2025-09-16T00:00:00
R002461,Student_024,ASM003,Q0039,varies,True,,2025-09-16T00:00:00
R002462,Student_024,ASM003,Q0004,varies,True,,2025-09-16T00:00:00
R002463,Student_024,ASM003,Q0165,incorrect_arithmetic,False,arithmetic,2025-09-16T00:00:00
R002464,Student_024,ASM003,Q0071,varies,True,,2025-09-16T00:00:00
R002465,Student_024,ASM003,Q0041,varies,True,,2025-09-16T00:00:00
R002466,Student_024,ASM003,Q0093,varies,True,,2025-09-16T00:00:00
R002467,Student_024,ASM003,Q0007,incorrect_simplification,False,simplification,2025-09-16T00:00:00
R002468,Student_024,ASM003,Q0052,varies,True,,2025-09-16T00:00:00
R002469,Student_024,ASM003,Q0099,varies,True,,2025-09-16T00:00:00
R002470,Student_024,ASM003,Q0078,varies,True,,2025-09-16T00:00:00
R002471,Student_024,ASM003,Q0175,varies,True,,2025-09-16T00:00:00
R002472,Student_024,ASM003,Q0174,varies,True,,2025-09-16T00:00:00
R002473,Student_024,ASM003,Q0103,varies,True,,2025-09-16T00:00:00
R002474,Student_024,ASM003,Q0026,incorrect_denominator_handling,False,denominator_handling,2025-09-16T00:00:00
R002475,Student_024,ASM003,Q0059,varies,True,,2025-09-16T00:00:00
R002476,Student_024,ASM003,Q0181,varies,True,,2025-09-16T00:00:00
R002477,Student_024,ASM003,Q0005,incorrect_simplification,False,simplification,2025-09-16T00:00:00
R002478,Student_024,ASM003,Q0119,varies,True,,2025-09-16T00:00:00
R002479,Student_024,ASM003,Q0183,incorrect_careless,False,careless,2025-09-16T00:00:00
R002480,Student_024,ASM003,Q0083,varies,True,,2025-09-16T00:00:00
R002481,Student_025,ASM003,Q0039,varies,True,,2025-09-16T00:00:00
R002482,Student_025,ASM003,Q0004,varies,True,,2025-09-16T00:00:00
R002483,Student_025,ASM003,Q0165,varies,True,,2025-09-16T00:00:00
R002484,Student_025,ASM003,Q0071,varies,True,,2025-09-16T00:00:00
R002485,Student_025,ASM003,Q0041,varies,True,,2025-09-16T00:00:00
R002486,Student_025,ASM003,Q0093,incorrect_conceptual,False,conceptual,2025-09-16T00:00:00
R002487,Student_025,ASM003,Q0007,varies,True,,2025-09-16T00:00:00
R002488,Student_025,ASM003,Q0052,varies,True,,2025-09-16T00:00:00
R002489,Student_025,ASM003,Q0099,varies,True,,2025-09-16T00:00:00
R002490,Student_025,ASM003,Q0078,varies,True,,2025-09-16T00:00:00
R002491,Student_025,ASM003,Q0175,varies,True,,2025-09-16T00:00:00
R002492,Student_025,ASM003,Q0174,incorrect_conceptual,False,conceptual,2025-09-16T00:00:00
R002493,Student_025,ASM003,Q0103,varies,True,,2025-09-16T00:00:00
R002494,Student_025,ASM003,Q0026,varies,True,,2025-09-16T00:00:00
R002495,Student_025,ASM003,Q0059,varies,True,,2025-09-16T00:00:00
R002496,Student_025,ASM003,Q0181,varies,True,,2025-09-16T00:00:00
R002497,Student_025,ASM003,Q0005,varies,True,,2025-09-16T00:00:00
R002498,Student_025,ASM003,Q0119,varies,True,,2025-09-16T00:00:00
R002499,Student_025,ASM003,Q0183,varies,True,,2025-09-16T00:00:00
R002500,Student_025,ASM003,Q0083,varies,True,,2025-09-16T00:00:00
R002501,Student_026,ASM003,Q0039,varies,True,,2025-09-16T00:00:00
R002502,Student_026,ASM003,Q0004,incorrect_simplification,False,simplification,2025-09-16T00:00:00
R002503,Student_026,ASM003,Q0165,varies,True,,2025-09-16T00:00:00
R002504,Student_026,ASM003,Q0071,incorrect_conceptual,False,conceptual,2025-09-16T00:00:00
R002505,Student_026,ASM003,Q0041,incorrect_conceptual,False,conceptual,2025-09-16T00:00:00
R002506,Student_026,ASM003,Q0093,incorrect_conceptual,False,conceptual,2025-09-16T00:00:00
R002507,Student_026,ASM003,Q0007,varies,True,,2025-09-16T00:00:00
R002508,Student_026,ASM003,Q0052,varies,True,,2025-09-16T00:00:00
R002509,Student_026,ASM003,Q0099,varies,True,,2025-09-16T00:00:00
R002510,Student_026,ASM003,Q0078,varies,True,,2025-09-16T00:00:00
R002511,Student_026,ASM003,Q0175,varies,True,,2025-09-16T00:00:00
R002512,Student_026,ASM003,Q0174,varies,True,,2025-09-16T00:00:00
R002513,Student_026,ASM003,Q0103,varies,True,,2025-09-16T00:00:00
R002514,Student_026,ASM003,Q0026,incorrect_careless,False,careless,2025-09-16T00:00:00
R002515,Student_026,ASM003,Q0059,varies,True,,2025-09-16T00:00:00
R002516,Student_026,ASM003,Q0181,varies,True,,2025-09-16T00:00:00
R002517,Student_026,ASM003,Q0005,varies,True,,2025-09-16T00:00:00
R002518,Student_026,ASM003,Q0119,varies,True,,2025-09-16T00:00:00
R002519,Student_026,ASM003,Q0183,varies,True,,2025-09-16T00:00:00
R002520,Student_026,ASM003,Q0083,varies,True,,2025-09-16T00:00:00
R002521,Student_027,ASM003,Q0039,incorrect_conceptual,False,conceptual,2025-09-16T00:00:00
R002522,Student_027,ASM003,Q0004,varies,True,,2025-09-16T00:00:00
R002523,Student_027,ASM003,Q0165,varies,True,,2025-09-16T00:00:00
R002524,Student_027,ASM003,Q0071,varies,True,,2025-09-16T00:00:00
R002525,Student_027,ASM003,Q0041,varies,True,,2025-09-16T00:00:00
R002526,Student_027,ASM003,Q0093,varies,True,,2025-09-16T00:00:00
R002527,Student_027,ASM003,Q0007,incorrect_arithmetic,False,arithmetic,2025-09-16T00:00:00
R002528,Student_027,ASM003,Q0052,varies,True,,2025-09-16T00:00:00
R002529,Student_027,ASM003,Q0099,varies,True,,2025-09-16T00:00:00
R002530,Student_027,ASM003,Q0078,incorrect_arithmetic,False,arithmetic,2025-09-16T00:00:00
R002531,Student_027,ASM003,Q0175,varies,True,,2025-09-16T00:00:00
R002532,Student_027,ASM003,Q0174,varies,True,,2025-09-16T00:00:00
R002533,Student_027,ASM003,Q0103,varies,True,,2025-09-16T00:00:00
R002534,Student_027,ASM003,Q0026,varies,True,,2025-09-16T00:00:00
R002535,Student_027,ASM003,Q0059,varies,True,,2025-09-16T00:00:00
R002536,Student_027,ASM003,Q0181,varies,True,,2025-09-16T00:00:00
R002537,Student_027,ASM003,Q0005,incorrect_simplification,False,simplification,2025-09-16T00:00:00
R002538,Student_027,ASM003,Q0119,varies,True,,2025-09-16T00:00:00
R002539,Student_027,ASM003,Q0183,varies,True,,2025-09-16T00:00:00
R002540,Student_027,ASM003,Q0083,varies,True,,2025-09-16T00:00:00
R002541,Student_028,ASM003,Q0039,varies,True,,2025-09-16T00:00:00
R002542,Student_028,ASM003,Q0004,incorrect_denominator_handling,False,denominator_handling,2025-09-16T00:00:00
R002543,Student_028,ASM003,Q0165,incorrect_arithmetic,False,arithmetic,2025-09-16T00:00:00
R002544,Student_028,ASM003,Q0071,incorrect_decimal_placement,False,decimal_placement,2025-09-16T00:00:00
R002545,Student_028,ASM003,Q0041,varies,True,,2025-09-16T00:00:00
R002546,Student_028,ASM003,Q0093,varies,True,,2025-09-16T00:00:00
R002547,Student_028,ASM003,Q0007,incorrect_denominator_handling,False,denominator_handling,2025-09-16T00:00:00
R002548,Student_028,ASM003,Q0052,varies,True,,2025-09-16T00:00:00
R002549,Student_028,ASM003,Q0099,incorrect_formula_selection,False,formula_selection,2025-09-16T00:00:00
R002550,Student_028,ASM003,Q0078,varies,True,,2025-09-16T00:00:00
R002551,Student_028,ASM003,Q0175,varies,True,,2025-09-16T00:00:00
R002552,Student_028,ASM003,Q0174,varies,True,,2025-09-16T00:00:00
R002553,Student_028,ASM003,Q0103,varies,True,,2025-09-16T00:00:00
R002554,Student_028,ASM003,Q0026,varies,True,,2025-09-16T00:00:00
R002555,Student_028,ASM003,Q0059,varies,True,,2025-09-16T00:00:00
R002556,Student_028,ASM003,Q0181,varies,True,,2025-09-16T00:00:00
R002557,Student_028,ASM003,Q0005,incorrect_arithmetic,False,arithmetic,2025-09-16T00:00:00
R002558,Student_028,ASM003,Q0119,varies,True,,2025-09-16T00:00:00
R002559,Student_028,ASM003,Q0183,varies,True,,2025-09-16T00:00:00
R002560,Student_028,ASM003,Q0083,incorrect_arithmetic,False,arithmetic,2025-09-16T00:00:00
R002561,Student_029,ASM003,Q0039,varies,True,,2025-09-16T00:00:00
R002562,Student_029,ASM003,Q0004,varies,True,,2025-09-16T00:00:00
R002563,Student_029,ASM003,Q0165,varies,True,,2025-09-16T00:00:00
R002564,Student_029,ASM003,Q0071,varies,True,,2025-09-16T00:00:00
R002565,Student_029,ASM003,Q0041,varies,True,,2025-09-16T00:00:00
R002566,Student_029,ASM003,Q0093,varies,True,,2025-09-16T00:00:00
R002567,Student_029,ASM003,Q0007,varies,True,,2025-09-16T00:00:00
R002568,Student_029,ASM003,Q0052,varies,True,,2025-09-16T00:00:00
R002569,Student_029,ASM003,Q0099,varies,True,,2025-09-16T00:00:00
R002570,Student_029,ASM003,Q0078,varies,True,,2025-09-16T00:00:00
R002571,Student_029,ASM003,Q0175,varies,True,,2025-09-16T00:00:00
R002572,Student_029,ASM003,Q0174,varies,True,,2025-09-16T00:00:00
R002573,Student_029,ASM003,Q0103,varies,True,,2025-09-16T00:00:00
R002574,Student_029,ASM003,Q0026,varies,True,,2025-09-16T00:00:00
R002575,Student_029,ASM003,Q0059,varies,True,,2025-09-16T00:00:00
R002576,Student_029,ASM003,Q0181,varies,True,,2025-09-16T00:00:00
R002577,Student_029,ASM003,Q0005,varies,True,,2025-09-16T00:00:00
R002578,Student_029,ASM003,Q0119,varies,True,,2025-09-16T00:00:00
R002579,Student_029,ASM003,Q0183,varies,True,,2025-09-16T00:00:00
R002580,Student_029,ASM003,Q0083,varies,True,,2025-09-16T00:00:00
R002581,Student_030,ASM003,Q0039,incorrect_denominator_handling,False,denominator_handling,2025-09-16T00:00:00
R002582,Student_030,ASM003,Q0004,incorrect_denominator_handling,False,denominator_handling,2025-09-16T00:00:00
R002583,Student_030,ASM003,Q0165,varies,True,,2025-09-16T00:00:00
R002584,Student_030,ASM003,Q0071,varies,True,,2025-09-16T00:00:00
R002585,Student_030,ASM003,Q0041,varies,True,,2025-09-16T00:00:00
R002586,Student_030,ASM003,Q0093,varies,True,,2025-09-16T00:00:00
R002587,Student_030,ASM003,Q0007,varies,True,,2025-09-16T00:00:00
R002588,Student_030,ASM003,Q0052,varies,True,,2025-09-16T00:00:00
R002589,Student_030,ASM003,Q0099,varies,True,,2025-09-16T00:00:00
R002590,Student_030,ASM003,Q0078,varies,True,,2025-09-16T00:00:00
R002591,Student_030,ASM003,Q0175,varies,True,,2025-09-16T00:00:00
R002592,Student_030,ASM003,Q0174,varies,True,,2025-09-16T00:00:00
R002593,Student_030,ASM003,Q0103,varies,True,,2025-09-16T00:00:00
R002594,Student_030,ASM003,Q0026,incorrect_careless,False,careless,2025-09-16T00:00:00
R002595,Student_030,ASM003,Q0059,varies,True,,2025-09-16T00:00:00
R002596,Student_030,ASM003,Q0181,varies,True,,2025-09-16T00:00:00
R002597,Student_030,ASM003,Q0005,varies,True,,2025-09-16T00:00:00
R002598,Student_030,ASM003,Q0119,varies,True,,2025-09-16T00:00:00
R002599,Student_030,ASM003,Q0183,varies,True,,2025-09-16T00:00:00
R002600,Student_030,ASM003,Q0083,varies,True,,2025-09-16T00:00:00
R002601,Student_031,ASM003,Q0039,varies,True,,2025-09-16T00:00:00
R002602,Student_031,ASM003,Q0004,varies,True,,2025-09-16T00:00:00
R002603,Student_031,ASM003,Q0165,varies,True,,2025-09-16T00:00:00
R002604,Student_031,ASM003,Q0071,varies,True,,2025-09-16T00:00:00
R002605,Student_031,ASM003,Q0041,varies,True,,2025-09-16T00:00:00
R002606,Student_031,ASM003,Q0093,incorrect_conceptual,False,conceptual,2025-09-16T00:00:00
R002607,Student_031,ASM003,Q0007,varies,True,,2025-09-16T00:00:00
R002608,Student_031,ASM003,Q0052,varies,True,,2025-09-16T00:00:00
R002609,Student_031,ASM003,Q0099,varies,True,,2025-09-16T00:00:00
R002610,Student_031,ASM003,Q0078,varies,True,,2025-09-16T00:00:00
R002611,Student_031,ASM003,Q0175,varies,True,,2025-09-16T00:00:00
R002612,Student_031,ASM003,Q0174,varies,True,,2025-09-16T00:00:00
R002613,Student_031,ASM003,Q0103,varies,True,,2025-09-16T00:00:00
R002614,Student_031,ASM003,Q0026,varies,True,,2025-09-16T00:00:00
R002615,Student_031,ASM003,Q0059,varies,True,,2025-09-16T00:00:00
R002616,Student_031,ASM003,Q0181,incorrect_arithmetic,False,arithmetic,2025-09-16T00:00:00
R002617,Student_031,ASM003,Q0005,varies,True,,2025-09-16T00:00:00
R002618,Student_031,ASM003,Q0119,varies,True,,2025-09-16T00:00:00
R002619,Student_031,ASM003,Q0183,varies,True,,2025-09-16T00:00:00
R002620,Student_031,ASM003,Q0083,incorrect_careless,False,careless,2025-09-16T00:00:00
R002621,Student_032,ASM003,Q0039,incorrect_conceptual,False,conceptual,2025-09-16T00:00:00
R002622,Student_032,ASM003,Q0004,varies,True,,2025-09-16T00:00:00
R002623,Student_032,ASM003,Q0165,varies,True,,2025-09-16T00:00:00
R002624,Student_032,ASM003,Q0071,varies,True,,2025-09-16T00:00:00
R002625,Student_032,ASM003,Q0041,varies,True,,2025-09-16T00:00:00
R002626,Student_032,ASM003,Q0093,varies,True,,2025-09-16T00:00:00
R002627,Student_032,ASM003,Q0007,varies,True,,2025-09-16T00:00:00
R002628,Student_032,ASM003,Q0052,varies,True,,2025-09-16T00:00:00
R002629,Student_032,ASM003,Q0099,varies,True,,2025-09-16T00:00:00
R002630,Student_032,ASM003,Q0078,varies,True,,2025-09-16T00:00:00
R002631,Student_032,ASM003,Q0175,incorrect_arithmetic,False,arithmetic,2025-09-16T00:00:00
R002632,Student_032,ASM003,Q0174,varies,True,,2025-09-16T00:00:00
R002633,Student_032,ASM003,Q0103,varies,True,,2025-09-16T00:00:00
R002634,Student_032,ASM003,Q0026,varies,True,,2025-09-16T00:00:00
R002635,Student_032,ASM003,Q0059,varies,True,,2025-09-16T00:00:00
R002636,Student_032,ASM003,Q0181,varies,True,,2025-09-16T00:00:00
R002637,Student_032,ASM003,Q0005,varies,True,,2025-09-16T00:00:00
R002638,Student_032,ASM003,Q0119,varies,True,,2025-09-16T00:00:00
R002639,Student_032,ASM003,Q0183,incorrect_conceptual,False,conceptual,2025-09-16T00:00:00
R002640,Student_032,ASM003,Q0083,varies,True,,2025-09-16T00:00:00
R002641,Student_033,ASM003,Q0039,varies,True,,2025-09-16T00:00:00
R002642,Student_033,ASM003,Q0004,varies,True,,2025-09-16T00:00:00
R002643,Student_033,ASM003,Q0165,varies,True,,2025-09-16T00:00:00
R002644,Student_033,ASM003,Q0071,varies,True,,2025-09-16T00:00:00
R002645,Student_033,ASM003,Q0041,incorrect_conceptual,False,conceptual,2025-09-16T00:00:00
R002646,Student_033,ASM003,Q0093,varies,True,,2025-09-16T00:00:00
R002647,Student_033,ASM003,Q0007,incorrect_denominator_handling,False,denominator_handling,2025-09-16T00:00:00
R002648,Student_033,ASM003,Q0052,incorrect_conceptual,False,conceptual,2025-09-16T00:00:00
R002649,Student_033,ASM003,Q0099,varies,True,,2025-09-16T00:00:00
R002650,Student_033,ASM003,Q0078,varies,True,,2025-09-16T00:00:00
R002651,Student_033,ASM003,Q0175,varies,True,,2025-09-16T00:00:00
R002652,Student_033,ASM003,Q0174,varies,True,,2025-09-16T00:00:00
R002653,Student_033,ASM003,Q0103,varies,True,,2025-09-16T00:00:00
R002654,Student_033,ASM003,Q0026,varies,True,,2025-09-16T00:00:00
R002655,Student_033,ASM003,Q0059,varies,True,,2025-09-16T00:00:00
R002656,Student_033,ASM003,Q0181,varies,True,,2025-09-16T00:00:00
R002657,Student_033,ASM003,Q0005,varies,True,,2025-09-16T00:00:00
R002658,Student_033,ASM003,Q0119,varies,True,,2025-09-16T00:00:00
R002659,Student_033,ASM003,Q0183,varies,True,,2025-09-16T00:00:00
R002660,Student_033,ASM003,Q0083,incorrect_careless,False,careless,2025-09-16T00:00:00
R002661,Student_034,ASM003,Q0039,incorrect_conceptual,False,conceptual,2025-09-16T00:00:00
R002662,Student_034,ASM003,Q0004,varies,True,,2025-09-16T00:00:00
R002663,Student_034,ASM003,Q0165,varies,True,,2025-09-16T00:00:00
R002664,Student_034,ASM003,Q0071,varies,True,,2025-09-16T00:00:00
R002665,Student_034,ASM003,Q0041,varies,True,,2025-09-16T00:00:00
R002666,Student_034,ASM003,Q0093,incorrect_conceptual,False,conceptual,2025-09-16T00:00:00
R002667,Student_034,ASM003,Q0007,varies,True,,2025-09-16T00:00:00
R002668,Student_034,ASM003,Q0052,incorrect_careless,False,careless,2025-09-16T00:00:00
R002669,Student_034,ASM003,Q0099,varies,True,,2025-09-16T00:00:00
R002670,Student_034,ASM003,Q0078,varies,True,,2025-09-16T00:00:00
R002671,Student_034,ASM003,Q0175,varies,True,,2025-09-16T00:00:00
R002672,Student_034,ASM003,Q0174,incorrect_careless,False,careless,2025-09-16T00:00:00
R002673,Student_034,ASM003,Q0103,incorrect_sign_error,False,sign_error,2025-09-16T00:00:00
R002674,Student_034,ASM003,Q0026,incorrect_arithmetic,False,arithmetic,2025-09-16T00:00:00
R002675,Student_034,ASM003,Q0059,varies,True,,2025-09-16T00:00:00
R002676,Student_034,ASM003,Q0181,varies,True,,2025-09-16T00:00:00
R002677,Student_034,ASM003,Q0005,varies,True,,2025-09-16T00:00:00
R002678,Student_034,ASM003,Q0119,varies,True,,2025-09-16T00:00:00
R002679,Student_034,ASM003,Q0183,incorrect_conceptual,False,conceptual,2025-09-16T00:00:00
R002680,Student_034,ASM003,Q0083,varies,True,,2025-09-16T00:00:00
R002681,Student_035,ASM003,Q0039,varies,True,,2025-09-16T00:00:00
R002682,Student_035,ASM003,Q0004,varies,True,,2025-09-16T00:00:00
R002683,Student_035,ASM003,Q0165,varies,True,,2025-09-16T00:00:00
R002684,Student_035,ASM003,Q0071,varies,True,,2025-09-16T00:00:00
R002685,Student_035,ASM003,Q0041,varies,True,,2025-09-16T00:00:00
R002686,Student_035,ASM003,Q0093,varies,True,,2025-09-16T00:00:00
R002687,Student_035,ASM003,Q0007,varies,True,,2025-09-16T00:00:00
R002688,Student_035,ASM003,Q0052,varies,True,,2025-09-16T00:00:00
R002689,Student_035,ASM003,Q0099,varies,True,,2025-09-16T00:00:00
R002690,Student_035,ASM003,Q0078,varies,True,,2025-09-16T00:00:00
R002691,Student_035,ASM003,Q0175,varies,True,,2025-09-16T00:00:00
R002692,Student_035,ASM003,Q0174,varies,True,,2025-09-16T00:00:00
R002693,Student_035,ASM003,Q0103,varies,True,,2025-09-16T00:00:00
R002694,Student_035,ASM003,Q0026,varies,True,,2025-09-16T00:00:00
R002695,Student_035,ASM003,Q0059,varies,True,,2025-09-16T00:00:00
R002696,Student_035,ASM003,Q0181,varies,True,,2025-09-16T00:00:00
R002697,Student_035,ASM003,Q0005,varies,True,,2025-09-16T00:00:00
R002698,Student_035,ASM003,Q0119,varies,True,,2025-09-16T00:00:00
R002699,Student_035,ASM003,Q0183,varies,True,,2025-09-16T00:00:00
R002700,Student_035,ASM003,Q0083,varies,True,,2025-09-16T00:00:00
R002701,Student_036,ASM003,Q0039,varies,True,,2025-09-16T00:00:00
R002702,Student_036,ASM003,Q0004,varies,True,,2025-09-16T00:00:00
R002703,Student_036,ASM003,Q0165,varies,True,,2025-09-16T00:00:00
R002704,Student_036,ASM003,Q0071,varies,True,,2025-09-16T00:00:00
R002705,Student_036,ASM003,Q0041,varies,True,,2025-09-16T00:00:00
R002706,Student_036,ASM003,Q0093,incorrect_conceptual,False,conceptual,2025-09-16T00:00:00
R002707,Student_036,ASM003,Q0007,incorrect_denominator_handling,False,denominator_handling,2025-09-16T00:00:00
R002708,Student_036,ASM003,Q0052,varies,True,,2025-09-16T00:00:00
R002709,Student_036,ASM003,Q0099,varies,True,,2025-09-16T00:00:00
R002710,Student_036,ASM003,Q0078,varies,True,,2025-09-16T00:00:00
R002711,Student_036,ASM003,Q0175,varies,True,,2025-09-16T00:00:00
R002712,Student_036,ASM003,Q0174,varies,True,,2025-09-16T00:00:00
R002713,Student_036,ASM003,Q0103,varies,True,,2025-09-16T00:00:00
R002714,Student_036,ASM003,Q0026,varies,True,,2025-09-16T00:00:00
R002715,Student_036,ASM003,Q0059,varies,True,,2025-09-16T00:00:00
R002716,Student_036,ASM003,Q0181,varies,True,,2025-09-16T00:00:00
R002717,Student_036,ASM003,Q0005,varies,True,,2025-09-16T00:00:00
R002718,Student_036,ASM003,Q0119,varies,True,,2025-09-16T00:00:00
R002719,Student_036,ASM003,Q0183,incorrect_careless,False,careless,2025-09-16T00:00:00
R002720,Student_036,ASM003,Q0083,varies,True,,2025-09-16T00:00:00
R002721,Student_037,ASM003,Q0039,varies,True,,2025-09-16T00:00:00
R002722,Student_037,ASM003,Q0004,varies,True,,2025-09-16T00:00:00
R002723,Student_037,ASM003,Q0165,varies,True,,2025-09-16T00:00:00
R002724,Student_037,ASM003,Q0071,varies,True,,2025-09-16T00:00:00
R002725,Student_037,ASM003,Q0041,varies,True,,2025-09-16T00:00:00
R002726,Student_037,ASM003,Q0093,incorrect_sign_error,False,sign_error,2025-09-16T00:00:00
R002727,Student_037,ASM003,Q0007,varies,True,,2025-09-16T00:00:00
R002728,Student_037,ASM003,Q0052,incorrect_careless,False,careless,2025-09-16T00:00:00
R002729,Student_037,ASM003,Q0099,incorrect_formula_selection,False,formula_selection,2025-09-16T00:00:00
R002730,Student_037,ASM003,Q0078,varies,True,,2025-09-16T00:00:00
R002731,Student_037,ASM003,Q0175,varies,True,,2025-09-16T00:00:00
R002732,Student_037,ASM003,Q0174,varies,True,,2025-09-16T00:00:00
R002733,Student_037,ASM003,Q0103,incorrect_sign_error,False,sign_error,2025-09-16T00:00:00
R002734,Student_037,ASM003,Q0026,varies,True,,2025-09-16T00:00:00
R002735,Student_037,ASM003,Q0059,varies,True,,2025-09-16T00:00:00
R002736,Student_037,ASM003,Q0181,varies,True,,2025-09-16T00:00:00
R002737,Student_037,ASM003,Q0005,varies,True,,2025-09-16T00:00:00
R002738,Student_037,ASM003,Q0119,varies,True,,2025-09-16T00:00:00
R002739,Student_037,ASM003,Q0183,varies,True,,2025-09-16T00:00:00
R002740,Student_037,ASM003,Q0083,incorrect_formula_selection,False,formula_selection,2025-09-16T00:00:00
R002741,Student_038,ASM003,Q0039,varies,True,,2025-09-16T00:00:00
R002742,Student_038,ASM003,Q0004,varies,True,,2025-09-16T00:00:00
R002743,Student_038,ASM003,Q0165,varies,True,,2025-09-16T00:00:00
R002744,Student_038,ASM003,Q0071,varies,True,,2025-09-16T00:00:00
R002745,Student_038,ASM003,Q0041,incorrect_conceptual,False,conceptual,2025-09-16T00:00:00
R002746,Student_038,ASM003,Q0093,varies,True,,2025-09-16T00:00:00
R002747,Student_038,ASM003,Q0007,incorrect_denominator_handling,False,denominator_handling,2025-09-16T00:00:00
R002748,Student_038,ASM003,Q0052,varies,True,,2025-09-16T00:00:00
R002749,Student_038,ASM003,Q0099,varies,True,,2025-09-16T00:00:00
R002750,Student_038,ASM003,Q0078,varies,True,,2025-09-16T00:00:00
R002751,Student_038,ASM003,Q0175,varies,True,,2025-09-16T00:00:00
R002752,Student_038,ASM003,Q0174,incorrect_careless,False,careless,2025-09-16T00:00:00
R002753,Student_038,ASM003,Q0103,varies,True,,2025-09-16T00:00:00
R002754,Student_038,ASM003,Q0026,incorrect_denominator_handling,False,denominator_handling,2025-09-16T00:00:00
R002755,Student_038,ASM003,Q0059,varies,True,,2025-09-16T00:00:00
R002756,Student_038,ASM003,Q0181,varies,True,,2025-09-16T00:00:00
R002757,Student_038,ASM003,Q0005,varies,True,,2025-09-16T00:00:00
R002758,Student_038,ASM003,Q0119,incorrect_careless,False,careless,2025-09-16T00:00:00
R002759,Student_038,ASM003,Q0183,incorrect_arithmetic,False,arithmetic,2025-09-16T00:00:00
R002760,Student_038,ASM003,Q0083,varies,True,,2025-09-16T00:00:00
R002761,Student_039,ASM003,Q0039,varies,True,,2025-09-16T00:00:00
R002762,Student_039,ASM003,Q0004,varies,True,,2025-09-16T00:00:00
R002763,Student_039,ASM003,Q0165,incorrect_arithmetic,False,arithmetic,2025-09-16T00:00:00
R002764,Student_039,ASM003,Q0071,varies,True,,2025-09-16T00:00:00
R002765,Student_039,ASM003,Q0041,varies,True,,2025-09-16T00:00:00
R002766,Student_039,ASM003,Q0093,incorrect_formula_selection,False,formula_selection,2025-09-16T00:00:00
R002767,Student_039,ASM003,Q0007,varies,True,,2025-09-16T00:00:00
R002768,Student_039,ASM003,Q0052,varies,True,,2025-09-16T00:00:00
R002769,Student_039,ASM003,Q0099,varies,True,,2025-09-16T00:00:00
R002770,Student_039,ASM003,Q0078,varies,True,,2025-09-16T00:00:00
R002771,Student_039,ASM003,Q0175,varies,True,,2025-09-16T00:00:00
R002772,Student_039,ASM003,Q0174,varies,True,,2025-09-16T00:00:00
R002773,Student_039,ASM003,Q0103,varies,True,,2025-09-16T00:00:00
R002774,Student_039,ASM003,Q0026,varies,True,,2025-09-16T00:00:00
R002775,Student_039,ASM003,Q0059,varies,True,,2025-09-16T00:00:00
R002776,Student_039,ASM003,Q0181,varies,True,,2025-09-16T00:00:00
R002777,Student_039,ASM003,Q0005,varies,True,,2025-09-16T00:00:00
R002778,Student_039,ASM003,Q0119,varies,True,,2025-09-16T00:00:00
R002779,Student_039,ASM003,Q0183,varies,True,,2025-09-16T00:00:00
R002780,Student_039,ASM003,Q0083,varies,True,,2025-09-16T00:00:00
R002781,Student_040,ASM003,Q0039,varies,True,,2025-09-16T00:00:00
R002782,Student_040,ASM003,Q0004,incorrect_arithmetic,False,arithmetic,2025-09-16T00:00:00
R002783,Student_040,ASM003,Q0165,incorrect_careless,False,careless,2025-09-16T00:00:00
R002784,Student_040,ASM003,Q0071,varies,True,,2025-09-16T00:00:00
R002785,Student_040,ASM003,Q0041,incorrect_conceptual,False,conceptual,2025-09-16T00:00:00
R002786,Student_040,ASM003,Q0093,varies,True,,2025-09-16T00:00:00
R002787,Student_040,ASM003,Q0007,incorrect_denominator_handling,False,denominator_handling,2025-09-16T00:00:00
R002788,Student_040,ASM003,Q0052,varies,True,,2025-09-16T00:00:00
R002789,Student_040,ASM003,Q0099,varies,True,,2025-09-16T00:00:00
R002790,Student_040,ASM003,Q0078,varies,True,,2025-09-16T00:00:00
R002791,Student_040,ASM003,Q0175,incorrect_careless,False,careless,2025-09-16T00:00:00
R002792,Student_040,ASM003,Q0174,varies,True,,2025-09-16T00:00:00
R002793,Student_040,ASM003,Q0103,varies,True,,2025-09-16T00:00:00
R002794,Student_040,ASM003,Q0026,varies,True,,2025-09-16T00:00:00
R002795,Student_040,ASM003,Q0059,incorrect_arithmetic,False,arithmetic,2025-09-16T00:00:00
R002796,Student_040,ASM003,Q0181,incorrect_conceptual,False,conceptual,2025-09-16T00:00:00
R002797,Student_040,ASM003,Q0005,varies,True,,2025-09-16T00:00:00
R002798,Student_040,ASM003,Q0119,varies,True,,2025-09-16T00:00:00
R002799,Student_040,ASM003,Q0183,varies,True,,2025-09-16T00:00:00
R002800,Student_040,ASM003,Q0083,varies,True,,2025-09-16T00:00:00
R002801,Student_041,ASM003,Q0039,varies,True,,2025-09-16T00:00:00
R002802,Student_041,ASM003,Q0004,varies,True,,2025-09-16T00:00:00
R002803,Student_041,ASM003,Q0165,varies,True,,2025-09-16T00:00:00
R002804,Student_041,ASM003,Q0071,varies,True,,2025-09-16T00:00:00
R002805,Student_041,ASM003,Q0041,varies,True,,2025-09-16T00:00:00
R002806,Student_041,ASM003,Q0093,varies,True,,2025-09-16T00:00:00
R002807,Student_041,ASM003,Q0007,varies,True,,2025-09-16T00:00:00
R002808,Student_041,ASM003,Q0052,varies,True,,2025-09-16T00:00:00
R002809,Student_041,ASM003,Q0099,varies,True,,2025-09-16T00:00:00
R002810,Student_041,ASM003,Q0078,varies,True,,2025-09-16T00:00:00
R002811,Student_041,ASM003,Q0175,varies,True,,2025-09-16T00:00:00
R002812,Student_041,ASM003,Q0174,varies,True,,2025-09-16T00:00:00
R002813,Student_041,ASM003,Q0103,varies,True,,2025-09-16T00:00:00
R002814,Student_041,ASM003,Q0026,varies,True,,2025-09-16T00:00:00
R002815,Student_041,ASM003,Q0059,varies,True,,2025-09-16T00:00:00
R002816,Student_041,ASM003,Q0181,varies,True,,2025-09-16T00:00:00
R002817,Student_041,ASM003,Q0005,varies,True,,2025-09-16T00:00:00
R002818,Student_041,ASM003,Q0119,varies,True,,2025-09-16T00:00:00
R002819,Student_041,ASM003,Q0183,varies,True,,2025-09-16T00:00:00
R002820,Student_041,ASM003,Q0083,varies,True,,2025-09-16T00:00:00
R002821,Student_042,ASM003,Q0039,varies,True,,2025-09-16T00:00:00
R002822,Student_042,ASM003,Q0004,incorrect_arithmetic,False,arithmetic,2025-09-16T00:00:00
R002823,Student_042,ASM003,Q0165,incorrect_unit_conversion,False,unit_conversion,2025-09-16T00:00:00
R002824,Student_042,ASM003,Q0071,varies,True,,2025-09-16T00:00:00
R002825,Student_042,ASM003,Q0041,varies,True,,2025-09-16T00:00:00
R002826,Student_042,ASM003,Q0093,varies,True,,2025-09-16T00:00:00
R002827,Student_042,ASM003,Q0007,incorrect_simplification,False,simplification,2025-09-16T00:00:00
R002828,Student_042,ASM003,Q0052,incorrect_conceptual,False,conceptual,2025-09-16T00:00:00
R002829,Student_042,ASM003,Q0099,varies,True,,2025-09-16T00:00:00
R002830,Student_042,ASM003,Q0078,varies,True,,2025-09-16T00:00:00
R002831,Student_042,ASM003,Q0175,varies,True,,2025-09-16T00:00:00
R002832,Student_042,ASM003,Q0174,varies,True,,2025-09-16T00:00:00
R002833,Student_042,ASM003,Q0103,varies,True,,2025-09-16T00:00:00
R002834,Student_042,ASM003,Q0026,incorrect_arithmetic,False,arithmetic,2025-09-16T00:00:00
R002835,Student_042,ASM003,Q0059,varies,True,,2025-09-16T00:00:00
R002836,Student_042,ASM003,Q0181,varies,True,,2025-09-16T00:00:00
R002837,Student_042,ASM003,Q0005,incorrect_denominator_handling,False,denominator_handling,2025-09-16T00:00:00
R002838,Student_042,ASM003,Q0119,varies,True,,2025-09-16T00:00:00
R002839,Student_042,ASM003,Q0183,varies,True,,2025-09-16T00:00:00
R002840,Student_042,ASM003,Q0083,varies,True,,2025-09-16T00:00:00
R002841,Student_043,ASM003,Q0039,varies,True,,2025-09-16T00:00:00
R002842,Student_043,ASM003,Q0004,varies,True,,2025-09-16T00:00:00
R002843,Student_043,ASM003,Q0165,incorrect_unit_conversion,False,unit_conversion,2025-09-16T00:00:00
R002844,Student_043,ASM003,Q0071,varies,True,,2025-09-16T00:00:00
R002845,Student_043,ASM003,Q0041,varies,True,,2025-09-16T00:00:00
R002846,Student_043,ASM003,Q0093,incorrect_formula_selection,False,formula_selection,2025-09-16T00:00:00
R002847,Student_043,ASM003,Q0007,varies,True,,2025-09-16T00:00:00
R002848,Student_043,ASM003,Q0052,varies,True,,2025-09-16T00:00:00
R002849,Student_043,ASM003,Q0099,varies,True,,2025-09-16T00:00:00
R002850,Student_043,ASM003,Q0078,incorrect_formula_selection,False,formula_selection,2025-09-16T00:00:00
R002851,Student_043,ASM003,Q0175,varies,True,,2025-09-16T00:00:00
R002852,Student_043,ASM003,Q0174,varies,True,,2025-09-16T00:00:00
R002853,Student_043,ASM003,Q0103,incorrect_sign_error,False,sign_error,2025-09-16T00:00:00
R002854,Student_043,ASM003,Q0026,incorrect_careless,False,careless,2025-09-16T00:00:00
R002855,Student_043,ASM003,Q0059,varies,True,,2025-09-16T00:00:00
R002856,Student_043,ASM003,Q0181,varies,True,,2025-09-16T00:00:00
R002857,Student_043,ASM003,Q0005,varies,True,,2025-09-16T00:00:00
R002858,Student_043,ASM003,Q0119,varies,True,,2025-09-16T00:00:00
R002859,Student_043,ASM003,Q0183,varies,True,,2025-09-16T00:00:00
R002860,Student_043,ASM003,Q0083,incorrect_formula_selection,False,formula_selection,2025-09-16T00:00:00
R002861,Student_044,ASM003,Q0039,incorrect_arithmetic,False,arithmetic,2025-09-16T00:00:00
R002862,Student_044,ASM003,Q0004,incorrect_denominator_handling,False,denominator_handling,2025-09-16T00:00:00
R002863,Student_044,ASM003,Q0165,incorrect_careless,False,careless,2025-09-16T00:00:00
R002864,Student_044,ASM003,Q0071,incorrect_decimal_placement,False,decimal_placement,2025-09-16T00:00:00
R002865,Student_044,ASM003,Q0041,varies,True,,2025-09-16T00:00:00
R002866,Student_044,ASM003,Q0093,varies,True,,2025-09-16T00:00:00
R002867,Student_044,ASM003,Q0007,varies,True,,2025-09-16T00:00:00
R002868,Student_044,ASM003,Q0052,varies,True,,2025-09-16T00:00:00
R002869,Student_044,ASM003,Q0099,varies,True,,2025-09-16T00:00:00
R002870,Student_044,ASM003,Q0078,varies,True,,2025-09-16T00:00:00
R002871,Student_044,ASM003,Q0175,varies,True,,2025-09-16T00:00:00
R002872,Student_044,ASM003,Q0174,varies,True,,2025-09-16T00:00:00
R002873,Student_044,ASM003,Q0103,varies,True,,2025-09-16T00:00:00
R002874,Student_044,ASM003,Q0026,varies,True,,2025-09-16T00:00:00
R002875,Student_044,ASM003,Q0059,varies,True,,2025-09-16T00:00:00
R002876,Student_044,ASM003,Q0181,varies,True,,2025-09-16T00:00:00
R002877,Student_044,ASM003,Q0005,incorrect_denominator_handling,False,denominator_handling,2025-09-16T00:00:00
R002878,Student_044,ASM003,Q0119,varies,True,,2025-09-16T00:00:00
R002879,Student_044,ASM003,Q0183,varies,True,,2025-09-16T00:00:00
R002880,Student_044,ASM003,Q0083,varies,True,,2025-09-16T00:00:00
R002881,Student_045,ASM003,Q0039,varies,True,,2025-09-16T00:00:00
R002882,Student_045,ASM003,Q0004,varies,True,,2025-09-16T00:00:00
R002883,Student_045,ASM003,Q0165,varies,True,,2025-09-16T00:00:00
R002884,Student_045,ASM003,Q0071,varies,True,,2025-09-16T00:00:00
R002885,Student_045,ASM003,Q0041,varies,True,,2025-09-16T00:00:00
R002886,Student_045,ASM003,Q0093,varies,True,,2025-09-16T00:00:00
R002887,Student_045,ASM003,Q0007,varies,True,,2025-09-16T00:00:00
R002888,Student_045,ASM003,Q0052,incorrect_conceptual,False,conceptual,2025-09-16T00:00:00
R002889,Student_045,ASM003,Q0099,varies,True,,2025-09-16T00:00:00
R002890,Student_045,ASM003,Q0078,varies,True,,2025-09-16T00:00:00
R002891,Student_045,ASM003,Q0175,varies,True,,2025-09-16T00:00:00
R002892,Student_045,ASM003,Q0174,varies,True,,2025-09-16T00:00:00
R002893,Student_045,ASM003,Q0103,varies,True,,2025-09-16T00:00:00
R002894,Student_045,ASM003,Q0026,varies,True,,2025-09-16T00:00:00
R002895,Student_045,ASM003,Q0059,varies,True,,2025-09-16T00:00:00
R002896,Student_045,ASM003,Q0181,varies,True,,2025-09-16T00:00:00
R002897,Student_045,ASM003,Q0005,varies,True,,2025-09-16T00:00:00
R002898,Student_045,ASM003,Q0119,varies,True,,2025-09-16T00:00:00
R002899,Student_045,ASM003,Q0183,incorrect_careless,False,careless,2025-09-16T00:00:00
R002900,Student_045,ASM003,Q0083,incorrect_conceptual,False,conceptual,2025-09-16T00:00:00
R002901,Student_046,ASM003,Q0039,incorrect_simplification,False,simplification,2025-09-16T00:00:00
R002902,Student_046,ASM003,Q0004,varies,True,,2025-09-16T00:00:00
R002903,Student_046,ASM003,Q0165,incorrect_careless,False,careless,2025-09-16T00:00:00
R002904,Student_046,ASM003,Q0071,varies,True,,2025-09-16T00:00:00
R002905,Student_046,ASM003,Q0041,varies,True,,2025-09-16T00:00:00
R002906,Student_046,ASM003,Q0093,incorrect_conceptual,False,conceptual,2025-09-16T00:00:00
R002907,Student_046,ASM003,Q0007,varies,True,,2025-09-16T00:00:00
R002908,Student_046,ASM003,Q0052,incorrect_conceptual,False,conceptual,2025-09-16T00:00:00
R002909,Student_046,ASM003,Q0099,varies,True,,2025-09-16T00:00:00
R002910,Student_046,ASM003,Q0078,varies,True,,2025-09-16T00:00:00
R002911,Student_046,ASM003,Q0175,varies,True,,2025-09-16T00:00:00
R002912,Student_046,ASM003,Q0174,incorrect_arithmetic,False,arithmetic,2025-09-16T00:00:00
R002913,Student_046,ASM003,Q0103,incorrect_sign_error,False,sign_error,2025-09-16T00:00:00
R002914,Student_046,ASM003,Q0026,varies,True,,2025-09-16T00:00:00
R002915,Student_046,ASM003,Q0059,incorrect_decimal_placement,False,decimal_placement,2025-09-16T00:00:00
R002916,Student_046,ASM003,Q0181,incorrect_arithmetic,False,arithmetic,2025-09-16T00:00:00
R002917,Student_046,ASM003,Q0005,varies,True,,2025-09-16T00:00:00
R002918,Student_046,ASM003,Q0119,varies,True,,2025-09-16T00:00:00
R002919,Student_046,ASM003,Q0183,varies,True,,2025-09-16T00:00:00
R002920,Student_046,ASM003,Q0083,incorrect_careless,False,careless,2025-09-16T00:00:00
R002921,Student_047,ASM003,Q0039,varies,True,,2025-09-16T00:00:00
R002922,Student_047,ASM003,Q0004,varies,True,,2025-09-16T00:00:00
R002923,Student_047,ASM003,Q0165,varies,True,,2025-09-16T00:00:00
R002924,Student_047,ASM003,Q0071,varies,True,,2025-09-16T00:00:00
R002925,Student_047,ASM003,Q0041,varies,True,,2025-09-16T00:00:00
R002926,Student_047,ASM003,Q0093,varies,True,,2025-09-16T00:00:00
R002927,Student_047,ASM003,Q0007,varies,True,,2025-09-16T00:00:00
R002928,Student_047,ASM003,Q0052,varies,True,,2025-09-16T00:00:00
R002929,Student_047,ASM003,Q0099,varies,True,,2025-09-16T00:00:00
R002930,Student_047,ASM003,Q0078,varies,True,,2025-09-16T00:00:00
R002931,Student_047,ASM003,Q0175,varies,True,,2025-09-16T00:00:00
R002932,Student_047,ASM003,Q0174,varies,True,,2025-09-16T00:00:00
R002933,Student_047,ASM003,Q0103,varies,True,,2025-09-16T00:00:00
R002934,Student_047,ASM003,Q0026,varies,True,,2025-09-16T00:00:00
R002935,Student_047,ASM003,Q0059,varies,True,,2025-09-16T00:00:00
R002936,Student_047,ASM003,Q0181,varies,True,,2025-09-16T00:00:00
R002937,Student_047,ASM003,Q0005,varies,True,,2025-09-16T00:00:00
R002938,Student_047,ASM003,Q0119,varies,True,,2025-09-16T00:00:00
R002939,Student_047,ASM003,Q0183,varies,True,,2025-09-16T00:00:00
R002940,Student_047,ASM003,Q0083,varies,True,,2025-09-16T00:00:00
R002941,Student_048,ASM003,Q0039,incorrect_denominator_handling,False,denominator_handling,2025-09-16T00:00:00
R002942,Student_048,ASM003,Q0004,incorrect_denominator_handling,False,denominator_handling,2025-09-16T00:00:00
R002943,Student_048,ASM003,Q0165,varies,True,,2025-09-16T00:00:00
R002944,Student_048,ASM003,Q0071,varies,True,,2025-09-16T00:00:00
R002945,Student_048,ASM003,Q0041,varies,True,,2025-09-16T00:00:00
R002946,Student_048,ASM003,Q0093,varies,True,,2025-09-16T00:00:00
R002947,Student_048,ASM003,Q0007,incorrect_denominator_handling,False,denominator_handling,2025-09-16T00:00:00
R002948,Student_048,ASM003,Q0052,varies,True,,2025-09-16T00:00:00
R002949,Student_048,ASM003,Q0099,varies,True,,2025-09-16T00:00:00
R002950,Student_048,ASM003,Q0078,varies,True,,2025-09-16T00:00:00
R002951,Student_048,ASM003,Q0175,varies,True,,2025-09-16T00:00:00
R002952,Student_048,ASM003,Q0174,varies,True,,2025-09-16T00:00:00
R002953,Student_048,ASM003,Q0103,varies,True,,2025-09-16T00:00:00
R002954,Student_048,ASM003,Q0026,incorrect_denominator_handling,False,denominator_handling,2025-09-16T00:00:00
R002955,Student_048,ASM003,Q0059,varies,True,,2025-09-16T00:00:00
R002956,Student_048,ASM003,Q0181,varies,True,,2025-09-16T00:00:00
R002957,Student_048,ASM003,Q0005,incorrect_denominator_handling,False,denominator_handling,2025-09-16T00:00:00
R002958,Student_048,ASM003,Q0119,varies,True,,2025-09-16T00:00:00
R002959,Student_048,ASM003,Q0183,varies,True,,2025-09-16T00:00:00
R002960,Student_048,ASM003,Q0083,incorrect_careless,False,careless,2025-09-16T00:00:00
R002961,Student_049,ASM003,Q0039,varies,True,,2025-09-16T00:00:00
R002962,Student_049,ASM003,Q0004,varies,True,,2025-09-16T00:00:00
R002963,Student_049,ASM003,Q0165,varies,True,,2025-09-16T00:00:00
R002964,Student_049,ASM003,Q0071,varies,True,,2025-09-16T00:00:00
R002965,Student_049,ASM003,Q0041,varies,True,,2025-09-16T00:00:00
R002966,Student_049,ASM003,Q0093,varies,True,,2025-09-16T00:00:00
R002967,Student_049,ASM003,Q0007,varies,True,,2025-09-16T00:00:00
R002968,Student_049,ASM003,Q0052,varies,True,,2025-09-16T00:00:00
R002969,Student_049,ASM003,Q0099,varies,True,,2025-09-16T00:00:00
R002970,Student_049,ASM003,Q0078,varies,True,,2025-09-16T00:00:00
R002971,Student_049,ASM003,Q0175,incorrect_careless,False,careless,2025-09-16T00:00:00
R002972,Student_049,ASM003,Q0174,varies,True,,2025-09-16T00:00:00
R002973,Student_049,ASM003,Q0103,incorrect_formula_selection,False,formula_selection,2025-09-16T00:00:00
R002974,Student_049,ASM003,Q0026,varies,True,,2025-09-16T00:00:00
R002975,Student_049,ASM003,Q0059,varies,True,,2025-09-16T00:00:00
R002976,Student_049,ASM003,Q0181,varies,True,,2025-09-16T00:00:00
R002977,Student_049,ASM003,Q0005,varies,True,,2025-09-16T00:00:00
R002978,Student_049,ASM003,Q0119,varies,True,,2025-09-16T00:00:00
R002979,Student_049,ASM003,Q0183,varies,True,,2025-09-16T00:00:00
R002980,Student_049,ASM003,Q0083,varies,True,,2025-09-16T00:00:00
R002981,Student_050,ASM003,Q0039,varies,True,,2025-09-16T00:00:00
R002982,Student_050,ASM003,Q0004,varies,True,,2025-09-16T00:00:00
R002983,Student_050,ASM003,Q0165,varies,True,,2025-09-16T00:00:00
R002984,Student_050,ASM003,Q0071,varies,True,,2025-09-16T00:00:00
R002985,Student_050,ASM003,Q0041,varies,True,,2025-09-16T00:00:00
R002986,Student_050,ASM003,Q0093,varies,True,,2025-09-16T00:00:00
R002987,Student_050,ASM003,Q0007,incorrect_simplification,False,simplification,2025-09-16T00:00:00
R002988,Student_050,ASM003,Q0052,varies,True,,2025-09-16T00:00:00
R002989,Student_050,ASM003,Q0099,varies,True,,2025-09-16T00:00:00
R002990,Student_050,ASM003,Q0078,varies,True,,2025-09-16T00:00:00
R002991,Student_050,ASM003,Q0175,varies,True,,2025-09-16T00:00:00
R002992,Student_050,ASM003,Q0174,varies,True,,2025-09-16T00:00:00
R002993,Student_050,ASM003,Q0103,incorrect_sign_error,False,sign_error,2025-09-16T00:00:00
R002994,Student_050,ASM003,Q0026,incorrect_denominator_handling,False,denominator_handling,2025-09-16T00:00:00
R002995,Student_050,ASM003,Q0059,varies,True,,2025-09-16T00:00:00
R002996,Student_050,ASM003,Q0181,varies,True,,2025-09-16T00:00:00
R002997,Student_050,ASM003,Q0005,incorrect_denominator_handling,False,denominator_handling,2025-09-16T00:00:00
R002998,Student_050,ASM003,Q0119,varies,True,,2025-09-16T00:00:00
R002999,Student_050,ASM003,Q0183,incorrect_conceptual,False,conceptual,2025-09-16T00:00:00
R003000,Student_050,ASM003,Q0083,incorrect_careless,False,careless,2025-09-16T00:00:00
R003001,Student_001,ASM004,Q0034,varies,True,,2025-10-07T00:00:00
R003002,Student_001,ASM004,Q0083,varies,True,,2025-10-07T00:00:00
R003003,Student_001,ASM004,Q0167,varies,True,,2025-10-07T00:00:00
R003004,Student_001,ASM004,Q0142,varies,True,,2025-10-07T00:00:00
R003005,Student_001,ASM004,Q0048,varies,True,,2025-10-07T00:00:00
R003006,Student_001,ASM004,Q0012,varies,True,,2025-10-07T00:00:00
R003007,Student_001,ASM004,Q0002,varies,True,,2025-10-07T00:00:00
R003008,Student_001,ASM004,Q0129,varies,True,,2025-10-07T00:00:00
R003009,Student_001,ASM004,Q0120,varies,True,,2025-10-07T00:00:00
R003010,Student_001,ASM004,Q0113,varies,True,,2025-10-07T00:00:00
R003011,Student_001,ASM004,Q0103,varies,True,,2025-10-07T00:00:00
R003012,Student_001,ASM004,Q0181,varies,True,,2025-10-07T00:00:00
R003013,Student_001,ASM004,Q0035,varies,True,,2025-10-07T00:00:00
R003014,Student_001,ASM004,Q0109,incorrect_conceptual,False,conceptual,2025-10-07T00:00:00
R003015,Student_001,ASM004,Q0085,incorrect_formula_selection,False,formula_selection,2025-10-07T00:00:00
R003016,Student_001,ASM004,Q0093,varies,True,,2025-10-07T00:00:00
R003017,Student_001,ASM004,Q0121,varies,True,,2025-10-07T00:00:00
R003018,Student_001,ASM004,Q0049,varies,True,,2025-10-07T00:00:00
R003019,Student_001,ASM004,Q0077,varies,True,,2025-10-07T00:00:00
R003020,Student_001,ASM004,Q0062,varies,True,,2025-10-07T00:00:00
R003021,Student_002,ASM004,Q0034,varies,True,,2025-10-07T00:00:00
R003022,Student_002,ASM004,Q0083,incorrect_careless,False,careless,2025-10-07T00:00:00
R003023,Student_002,ASM004,Q0167,varies,True,,2025-10-07T00:00:00
R003024,Student_002,ASM004,Q0142,varies,True,,2025-10-07T00:00:00
R003025,Student_002,ASM004,Q0048,varies,True,,2025-10-07T00:00:00
R003026,Student_002,ASM004,Q0012,varies,True,,2025-10-07T00:00:00
R003027,Student_002,ASM004,Q0002,varies,True,,2025-10-07T00:00:00
R003028,Student_002,ASM004,Q0129,incorrect_area_perimeter_confusion,False,area_perimeter_confusion,2025-10-07T00:00:00
R003029,Student_002,ASM004,Q0120,incorrect_careless,False,careless,2025-10-07T00:00:00
R003030,Student_002,ASM004,Q0113,varies,True,,2025-10-07T00:00:00
R003031,Student_002,ASM004,Q0103,incorrect_conceptual,False,conceptual,2025-10-07T00:00:00
R003032,Student_002,ASM004,Q0181,varies,True,,2025-10-07T00:00:00
R003033,Student_002,ASM004,Q0035,varies,True,,2025-10-07T00:00:00
R003034,Student_002,ASM004,Q0109,varies,True,,2025-10-07T00:00:00
R003035,Student_002,ASM004,Q0085,varies,True,,2025-10-07T00:00:00
R003036,Student_002,ASM004,Q0093,incorrect_conceptual,False,conceptual,2025-10-07T00:00:00
R003037,Student_002,ASM004,Q0121,incorrect_careless,False,careless,2025-10-07T00:00:00
R003038,Student_002,ASM004,Q0049,incorrect_careless,False,careless,2025-10-07T00:00:00
R003039,Student_002,ASM004,Q0077,varies,True,,2025-10-07T00:00:00
R003040,Student_002,ASM004,Q0062,varies,True,,2025-10-07T00:00:00
R003041,Student_003,ASM004,Q0034,varies,True,,2025-10-07T00:00:00
R003042,Student_003,ASM004,Q0083,varies,True,,2025-10-07T00:00:00
R003043,Student_003,ASM004,Q0167,varies,True,,2025-10-07T00:00:00
R003044,Student_003,ASM004,Q0142,incorrect_conceptual,False,conceptual,2025-10-07T00:00:00
R003045,Student_003,ASM004,Q0048,varies,True,,2025-10-07T00:00:00
R003046,Student_003,ASM004,Q0012,incorrect_simplification,False,simplification,2025-10-07T00:00:00
R003047,Student_003,ASM004,Q0002,varies,True,,2025-10-07T00:00:00
R003048,Student_003,ASM004,Q0129,incorrect_unit_conversion,False,unit_conversion,2025-10-07T00:00:00
R003049,Student_003,ASM004,Q0120,varies,True,,2025-10-07T00:00:00
R003050,Student_003,ASM004,Q0113,varies,True,,2025-10-07T00:00:00
R003051,Student_003,ASM004,Q0103,varies,True,,2025-10-07T00:00:00
R003052,Student_003,ASM004,Q0181,varies,True,,2025-10-07T00:00:00
R003053,Student_003,ASM004,Q0035,varies,True,,2025-10-07T00:00:00
R003054,Student_003,ASM004,Q0109,varies,True,,2025-10-07T00:00:00
R003055,Student_003,ASM004,Q0085,varies,True,,2025-10-07T00:00:00
R003056,Student_003,ASM004,Q0093,varies,True,,2025-10-07T00:00:00
R003057,Student_003,ASM004,Q0121,varies,True,,2025-10-07T00:00:00
R003058,Student_003,ASM004,Q0049,varies,True,,2025-10-07T00:00:00
R003059,Student_003,ASM004,Q0077,varies,True,,2025-10-07T00:00:00
R003060,Student_003,ASM004,Q0062,varies,True,,2025-10-07T00:00:00
R003061,Student_004,ASM004,Q0034,varies,True,,2025-10-07T00:00:00
R003062,Student_004,ASM004,Q0083,varies,True,,2025-10-07T00:00:00
R003063,Student_004,ASM004,Q0167,incorrect_arithmetic,False,arithmetic,2025-10-07T00:00:00
R003064,Student_004,ASM004,Q0142,incorrect_conceptual,False,conceptual,2025-10-07T00:00:00
R003065,Student_004,ASM004,Q0048,incorrect_conceptual,False,conceptual,2025-10-07T00:00:00
R003066,Student_004,ASM004,Q0012,varies,True,,2025-10-07T00:00:00
R003067,Student_004,ASM004,Q0002,incorrect_arithmetic,False,arithmetic,2025-10-07T00:00:00
R003068,Student_004,ASM004,Q0129,varies,True,,2025-10-07T00:00:00
R003069,Student_004,ASM004,Q0120,incorrect_careless,False,careless,2025-10-07T00:00:00
R003070,Student_004,ASM004,Q0113,varies,True,,2025-10-07T00:00:00
R003071,Student_004,ASM004,Q0103,varies,True,,2025-10-07T00:00:00
R003072,Student_004,ASM004,Q0181,incorrect_arithmetic,False,arithmetic,2025-10-07T00:00:00
R003073,Student_004,ASM004,Q0035,varies,True,,2025-10-07T00:00:00
R003074,Student_004,ASM004,Q0109,incorrect_conceptual,False,conceptual,2025-10-07T00:00:00
R003075,Student_004,ASM004,Q0085,varies,True,,2025-10-07T00:00:00
R003076,Student_004,ASM004,Q0093,incorrect_arithmetic,False,arithmetic,2025-10-07T00:00:00
R003077,Student_004,ASM004,Q0121,varies,True,,2025-10-07T00:00:00
R003078,Student_004,ASM004,Q0049,varies,True,,2025-10-07T00:00:00
R003079,Student_004,ASM004,Q0077,varies,True,,2025-10-07T00:00:00
R003080,Student_004,ASM004,Q0062,incorrect_decimal_placement,False,decimal_placement,2025-10-07T00:00:00
R003081,Student_005,ASM004,Q0034,varies,True,,2025-10-07T00:00:00
R003082,Student_005,ASM004,Q0083,varies,True,,2025-10-07T00:00:00
R003083,Student_005,ASM004,Q0167,varies,True,,2025-10-07T00:00:00
R003084,Student_005,ASM004,Q0142,varies,True,,2025-10-07T00:00:00
R003085,Student_005,ASM004,Q0048,varies,True,,2025-10-07T00:00:00
R003086,Student_005,ASM004,Q0012,incorrect_denominator_handling,False,denominator_handling,2025-10-07T00:00:00
R003087,Student_005,ASM004,Q0002,varies,True,,2025-10-07T00:00:00
R003088,Student_005,ASM004,Q0129,varies,True,,2025-10-07T00:00:00
R003089,Student_005,ASM004,Q0120,varies,True,,2025-10-07T00:00:00
R003090,Student_005,ASM004,Q0113,varies,True,,2025-10-07T00:00:00
R003091,Student_005,ASM004,Q0103,varies,True,,2025-10-07T00:00:00
R003092,Student_005,ASM004,Q0181,varies,True,,2025-10-07T00:00:00
R003093,Student_005,ASM004,Q0035,varies,True,,2025-10-07T00:00:00
R003094,Student_005,ASM004,Q0109,varies,True,,2025-10-07T00:00:00
R003095,Student_005,ASM004,Q0085,varies,True,,2025-10-07T00:00:00
R003096,Student_005,ASM004,Q0093,varies,True,,2025-10-07T00:00:00
R003097,Student_005,ASM004,Q0121,varies,True,,2025-10-07T00:00:00
R003098,Student_005,ASM004,Q0049,varies,True,,2025-10-07T00:00:00
R003099,Student_005,ASM004,Q0077,varies,True,,2025-10-07T00:00:00
R003100,Student_005,ASM004,Q0062,varies,True,,2025-10-07T00:00:00
R003101,Student_006,ASM004,Q0034,varies,True,,2025-10-07T00:00:00
R003102,Student_006,ASM004,Q0083,incorrect_careless,False,careless,2025-10-07T00:00:00
R003103,Student_006,ASM004,Q0167,varies,True,,2025-10-07T00:00:00
R003104,Student_006,ASM004,Q0142,varies,True,,2025-10-07T00:00:00
R003105,Student_006,ASM004,Q0048,varies,True,,2025-10-07T00:00:00
R003106,Student_006,ASM004,Q0012,varies,True,,2025-10-07T00:00:00
R003107,Student_006,ASM004,Q0002,incorrect_denominator_handling,False,denominator_handling,2025-10-07T00:00:00
R003108,Student_006,ASM004,Q0129,varies,True,,2025-10-07T00:00:00
R003109,Student_006,ASM004,Q0120,varies,True,,2025-10-07T00:00:00
R003110,Student_006,ASM004,Q0113,varies,True,,2025-10-07T00:00:00
R003111,Student_006,ASM004,Q0103,varies,True,,2025-10-07T00:00:00
R003112,Student_006,ASM004,Q0181,varies,True,,2025-10-07T00:00:00
R003113,Student_006,ASM004,Q0035,varies,True,,2025-10-07T00:00:00
R003114,Student_006,ASM004,Q0109,varies,True,,2025-10-07T00:00:00
R003115,Student_006,ASM004,Q0085,varies,True,,2025-10-07T00:00:00
R003116,Student_006,ASM004,Q0093,varies,True,,2025-10-07T00:00:00
R003117,Student_006,ASM004,Q0121,varies,True,,2025-10-07T00:00:00
R003118,Student_006,ASM004,Q0049,varies,True,,2025-10-07T00:00:00
R003119,Student_006,ASM004,Q0077,varies,True,,2025-10-07T00:00:00
R003120,Student_006,ASM004,Q0062,incorrect_decimal_placement,False,decimal_placement,2025-10-07T00:00:00
R003121,Student_007,ASM004,Q0034,varies,True,,2025-10-07T00:00:00
R003122,Student_007,ASM004,Q0083,varies,True,,2025-10-07T00:00:00
R003123,Student_007,ASM004,Q0167,varies,True,,2025-10-07T00:00:00
R003124,Student_007,ASM004,Q0142,varies,True,,2025-10-07T00:00:00
R003125,Student_007,ASM004,Q0048,varies,True,,2025-10-07T00:00:00
R003126,Student_007,ASM004,Q0012,varies,True,,2025-10-07T00:00:00
R003127,Student_007,ASM004,Q0002,varies,True,,2025-10-07T00:00:00
R003128,Student_007,ASM004,Q0129,varies,True,,2025-10-07T00:00:00
R003129,Student_007,ASM004,Q0120,varies,True,,2025-10-07T00:00:00
R003130,Student_007,ASM004,Q0113,varies,True,,2025-10-07T00:00:00
R003131,Student_007,ASM004,Q0103,varies,True,,2025-10-07T00:00:00
R003132,Student_007,ASM004,Q0181,varies,True,,2025-10-07T00:00:00
R003133,Student_007,ASM004,Q0035,varies,True,,2025-10-07T00:00:00
R003134,Student_007,ASM004,Q0109,varies,True,,2025-10-07T00:00:00
R003135,Student_007,ASM004,Q0085,varies,True,,2025-10-07T00:00:00
R003136,Student_007,ASM004,Q0093,incorrect_sign_error,False,sign_error,2025-10-07T00:00:00
R003137,Student_007,ASM004,Q0121,varies,True,,2025-10-07T00:00:00
R003138,Student_007,ASM004,Q0049,varies,True,,2025-10-07T00:00:00
R003139,Student_007,ASM004,Q0077,varies,True,,2025-10-07T00:00:00
R003140,Student_007,ASM004,Q0062,varies,True,,2025-10-07T00:00:00
R003141,Student_008,ASM004,Q0034,incorrect_conceptual,False,conceptual,2025-10-07T00:00:00
R003142,Student_008,ASM004,Q0083,incorrect_conceptual,False,conceptual,2025-10-07T00:00:00
R003143,Student_008,ASM004,Q0167,varies,True,,2025-10-07T00:00:00
R003144,Student_008,ASM004,Q0142,varies,True,,2025-10-07T00:00:00
R003145,Student_008,ASM004,Q0048,varies,True,,2025-10-07T00:00:00
R003146,Student_008,ASM004,Q0012,varies,True,,2025-10-07T00:00:00
R003147,Student_008,ASM004,Q0002,varies,True,,2025-10-07T00:00:00
R003148,Student_008,ASM004,Q0129,varies,True,,2025-10-07T00:00:00
R003149,Student_008,ASM004,Q0120,varies,True,,2025-10-07T00:00:00
R003150,Student_008,ASM004,Q0113,incorrect_arithmetic,False,arithmetic,2025-10-07T00:00:00
R003151,Student_008,ASM004,Q0103,varies,True,,2025-10-07T00:00:00
R003152,Student_008,ASM004,Q0181,varies,True,,2025-10-07T00:00:00
R003153,Student_008,ASM004,Q0035,varies,True,,2025-10-07T00:00:00
R003154,Student_008,ASM004,Q0109,varies,True,,2025-10-07T00:00:00
R003155,Student_008,ASM004,Q0085,varies,True,,2025-10-07T00:00:00
R003156,Student_008,ASM004,Q0093,incorrect_conceptual,False,conceptual,2025-10-07T00:00:00
R003157,Student_008,ASM004,Q0121,varies,True,,2025-10-07T00:00:00
R003158,Student_008,ASM004,Q0049,varies,True,,2025-10-07T00:00:00
R003159,Student_008,ASM004,Q0077,varies,True,,2025-10-07T00:00:00
R003160,Student_008,ASM004,Q0062,incorrect_decimal_placement,False,decimal_placement,2025-10-07T00:00:00
R003161,Student_009,ASM004,Q0034,varies,True,,2025-10-07T00:00:00
R003162,Student_009,ASM004,Q0083,varies,True,,2025-10-07T00:00:00
R003163,Student_009,ASM004,Q0167,varies,True,,2025-10-07T00:00:00
R003164,Student_009,ASM004,Q0142,varies,True,,2025-10-07T00:00:00
R003165,Student_009,ASM004,Q0048,varies,True,,2025-10-07T00:00:00
R003166,Student_009,ASM004,Q0012,varies,True,,2025-10-07T00:00:00
R003167,Student_009,ASM004,Q0002,varies,True,,2025-10-07T00:00:00
R003168,Student_009,ASM004,Q0129,varies,True,,2025-10-07T00:00:00
R003169,Student_009,ASM004,Q0120,varies,True,,2025-10-07T00:00:00
R003170,Student_009,ASM004,Q0113,incorrect_arithmetic,False,arithmetic,2025-10-07T00:00:00
R003171,Student_009,ASM004,Q0103,varies,True,,2025-10-07T00:00:00
R003172,Student_009,ASM004,Q0181,varies,True,,2025-10-07T00:00:00
R003173,Student_009,ASM004,Q0035,varies,True,,2025-10-07T00:00:00
R003174,Student_009,ASM004,Q0109,varies,True,,2025-10-07T00:00:00
R003175,Student_009,ASM004,Q0085,varies,True,,2025-10-07T00:00:00
R003176,Student_009,ASM004,Q0093,varies,True,,2025-10-07T00:00:00
R003177,Student_009,ASM004,Q0121,varies,True,,2025-10-07T00:00:00
R003178,Student_009,ASM004,Q0049,varies,True,,2025-10-07T00:00:00
R003179,Student_009,ASM004,Q0077,varies,True,,2025-10-07T00:00:00
R003180,Student_009,ASM004,Q0062,varies,True,,2025-10-07T00:00:00
R003181,Student_010,ASM004,Q0034,varies,True,,2025-10-07T00:00:00
R003182,Student_010,ASM004,Q0083,varies,True,,2025-10-07T00:00:00
R003183,Student_010,ASM004,Q0167,incorrect_unit_conversion,False,unit_conversion,2025-10-07T00:00:00
R003184,Student_010,ASM004,Q0142,incorrect_conceptual,False,conceptual,2025-10-07T00:00:00
R003185,Student_010,ASM004,Q0048,incorrect_careless,False,careless,2025-10-07T00:00:00
R003186,Student_010,ASM004,Q0012,varies,True,,2025-10-07T00:00:00
R003187,Student_010,ASM004,Q0002,varies,True,,2025-10-07T00:00:00
R003188,Student_010,ASM004,Q0129,incorrect_area_perimeter_confusion,False,area_perimeter_confusion,2025-10-07T00:00:00
R003189,Student_010,ASM004,Q0120,incorrect_conceptual,False,conceptual,2025-10-07T00:00:00
R003190,Student_010,ASM004,Q0113,varies,True,,2025-10-07T00:00:00
R003191,Student_010,ASM004,Q0103,incorrect_sign_error,False,sign_error,2025-10-07T00:00:00
R003192,Student_010,ASM004,Q0181,incorrect_arithmetic,False,arithmetic,2025-10-07T00:00:00
R003193,Student_010,ASM004,Q0035,varies,True,,2025-10-07T00:00:00
R003194,Student_010,ASM004,Q0109,varies,True,,2025-10-07T00:00:00
R003195,Student_010,ASM004,Q0085,varies,True,,2025-10-07T00:00:00
R003196,Student_010,ASM004,Q0093,incorrect_conceptual,False,conceptual,2025-10-07T00:00:00
R003197,Student_010,ASM004,Q0121,varies,True,,2025-10-07T00:00:00
R003198,Student_010,ASM004,Q0049,incorrect_arithmetic,False,arithmetic,2025-10-07T00:00:00
R003199,Student_010,ASM004,Q0077,incorrect_conceptual,False,conceptual,2025-10-07T00:00:00
R003200,Student_010,ASM004,Q0062,varies,True,,2025-10-07T00:00:00
R003201,Student_011,ASM004,Q0034,varies,True,,2025-10-07T00:00:00
R003202,Student_011,ASM004,Q0083,varies,True,,2025-10-07T00:00:00
R003203,Student_011,ASM004,Q0167,varies,True,,2025-10-07T00:00:00
R003204,Student_011,ASM004,Q0142,varies,True,,2025-10-07T00:00:00
R003205,Student_011,ASM004,Q0048,varies,True,,2025-10-07T00:00:00
R003206,Student_011,ASM004,Q0012,varies,True,,2025-10-07T00:00:00
R003207,Student_011,ASM004,Q0002,varies,True,,2025-10-07T00:00:00
R003208,Student_011,ASM004,Q0129,varies,True,,2025-10-07T00:00:00
R003209,Student_011,ASM004,Q0120,varies,True,,2025-10-07T00:00:00
R003210,Student_011,ASM004,Q0113,varies,True,,2025-10-07T00:00:00
R003211,Student_011,ASM004,Q0103,varies,True,,2025-10-07T00:00:00
R003212,Student_011,ASM004,Q0181,varies,True,,2025-10-07T00:00:00
R003213,Student_011,ASM004,Q0035,varies,True,,2025-10-07T00:00:00
R003214,Student_011,ASM004,Q0109,varies,True,,2025-10-07T00:00:00
R003215,Student_011,ASM004,Q0085,varies,True,,2025-10-07T00:00:00
R003216,Student_011,ASM004,Q0093,varies,True,,2025-10-07T00:00:00
R003217,Student_011,ASM004,Q0121,varies,True,,2025-10-07T00:00:00
R003218,Student_011,ASM004,Q0049,varies,True,,2025-10-07T00:00:00
R003219,Student_011,ASM004,Q0077,varies,True,,2025-10-07T00:00:00
R003220,Student_011,ASM004,Q0062,varies,True,,2025-10-07T00:00:00
R003221,Student_012,ASM004,Q0034,varies,True,,2025-10-07T00:00:00
R003222,Student_012,ASM004,Q0083,varies,True,,2025-10-07T00:00:00
R003223,Student_012,ASM004,Q0167,varies,True,,2025-10-07T00:00:00
R003224,Student_012,ASM004,Q0142,varies,True,,2025-10-07T00:00:00
R003225,Student_012,ASM004,Q0048,varies,True,,2025-10-07T00:00:00
R003226,Student_012,ASM004,Q0012,varies,True,,2025-10-07T00:00:00
R003227,Student_012,ASM004,Q0002,incorrect_denominator_handling,False,denominator_handling,2025-10-07T00:00:00
R003228,Student_012,ASM004,Q0129,varies,True,,2025-10-07T00:00:00
R003229,Student_012,ASM004,Q0120,varies,True,,2025-10-07T00:00:00
R003230,Student_012,ASM004,Q0113,varies,True,,2025-10-07T00:00:00
R003231,Student_012,ASM004,Q0103,varies,True,,2025-10-07T00:00:00
R003232,Student_012,ASM004,Q0181,varies,True,,2025-10-07T00:00:00
R003233,Student_012,ASM004,Q0035,varies,True,,2025-10-07T00:00:00
R003234,Student_012,ASM004,Q0109,varies,True,,2025-10-07T00:00:00
R003235,Student_012,ASM004,Q0085,incorrect_conceptual,False,conceptual,2025-10-07T00:00:00
R003236,Student_012,ASM004,Q0093,varies,True,,2025-10-07T00:00:00
R003237,Student_012,ASM004,Q0121,varies,True,,2025-10-07T00:00:00
R003238,Student_012,ASM004,Q0049,varies,True,,2025-10-07T00:00:00
R003239,Student_012,ASM004,Q0077,varies,True,,2025-10-07T00:00:00
R003240,Student_012,ASM004,Q0062,varies,True,,2025-10-07T00:00:00
R003241,Student_013,ASM004,Q0034,varies,True,,2025-10-07T00:00:00
R003242,Student_013,ASM004,Q0083,varies,True,,2025-10-07T00:00:00
R003243,Student_013,ASM004,Q0167,varies,True,,2025-10-07T00:00:00
R003244,Student_013,ASM004,Q0142,varies,True,,2025-10-07T00:00:00
R003245,Student_013,ASM004,Q0048,varies,True,,2025-10-07T00:00:00
R003246,Student_013,ASM004,Q0012,varies,True,,2025-10-07T00:00:00
R003247,Student_013,ASM004,Q0002,varies,True,,2025-10-07T00:00:00
R003248,Student_013,ASM004,Q0129,varies,True,,2025-10-07T00:00:00
R003249,Student_013,ASM004,Q0120,varies,True,,2025-10-07T00:00:00
R003250,Student_013,ASM004,Q0113,varies,True,,2025-10-07T00:00:00
R003251,Student_013,ASM004,Q0103,varies,True,,2025-10-07T00:00:00
R003252,Student_013,ASM004,Q0181,varies,True,,2025-10-07T00:00:00
R003253,Student_013,ASM004,Q0035,varies,True,,2025-10-07T00:00:00
R003254,Student_013,ASM004,Q0109,varies,True,,2025-10-07T00:00:00
R003255,Student_013,ASM004,Q0085,varies,True,,2025-10-07T00:00:00
R003256,Student_013,ASM004,Q0093,incorrect_formula_selection,False,formula_selection,2025-10-07T00:00:00
R003257,Student_013,ASM004,Q0121,varies,True,,2025-10-07T00:00:00
R003258,Student_013,ASM004,Q0049,varies,True,,2025-10-07T00:00:00
R003259,Student_013,ASM004,Q0077,incorrect_sign_error,False,sign_error,2025-10-07T00:00:00
R003260,Student_013,ASM004,Q0062,varies,True,,2025-10-07T00:00:00
R003261,Student_014,ASM004,Q0034,varies,True,,2025-10-07T00:00:00
R003262,Student_014,ASM004,Q0083,varies,True,,2025-10-07T00:00:00
R003263,Student_014,ASM004,Q0167,varies,True,,2025-10-07T00:00:00
R003264,Student_014,ASM004,Q0142,varies,True,,2025-10-07T00:00:00
R003265,Student_014,ASM004,Q0048,varies,True,,2025-10-07T00:00:00
R003266,Student_014,ASM004,Q0012,varies,True,,2025-10-07T00:00:00
R003267,Student_014,ASM004,Q0002,varies,True,,2025-10-07T00:00:00
R003268,Student_014,ASM004,Q0129,varies,True,,2025-10-07T00:00:00
R003269,Student_014,ASM004,Q0120,varies,True,,2025-10-07T00:00:00
R003270,Student_014,ASM004,Q0113,varies,True,,2025-10-07T00:00:00
R003271,Student_014,ASM004,Q0103,varies,True,,2025-10-07T00:00:00
R003272,Student_014,ASM004,Q0181,varies,True,,2025-10-07T00:00:00
R003273,Student_014,ASM004,Q0035,varies,True,,2025-10-07T00:00:00
R003274,Student_014,ASM004,Q0109,varies,True,,2025-10-07T00:00:00
R003275,Student_014,ASM004,Q0085,varies,True,,2025-10-07T00:00:00
R003276,Student_014,ASM004,Q0093,varies,True,,2025-10-07T00:00:00
R003277,Student_014,ASM004,Q0121,incorrect_arithmetic,False,arithmetic,2025-10-07T00:00:00
R003278,Student_014,ASM004,Q0049,incorrect_careless,False,careless,2025-10-07T00:00:00
R003279,Student_014,ASM004,Q0077,varies,True,,2025-10-07T00:00:00
R003280,Student_014,ASM004,Q0062,incorrect_decimal_placement,False,decimal_placement,2025-10-07T00:00:00
R003281,Student_015,ASM004,Q0034,varies,True,,2025-10-07T00:00:00
R003282,Student_015,ASM004,Q0083,varies,True,,2025-10-07T00:00:00
R003283,Student_015,ASM004,Q0167,varies,True,,2025-10-07T00:00:00
R003284,Student_015,ASM004,Q0142,incorrect_conceptual,False,conceptual,2025-10-07T00:00:00
R003285,Student_015,ASM004,Q0048,varies,True,,2025-10-07T00:00:00
R003286,Student_015,ASM004,Q0012,varies,True,,2025-10-07T00:00:00
R003287,Student_015,ASM004,Q0002,varies,True,,2025-10-07T00:00:00
R003288,Student_015,ASM004,Q0129,varies,True,,2025-10-07T00:00:00
R003289,Student_015,ASM004,Q0120,varies,True,,2025-10-07T00:00:00
R003290,Student_015,ASM004,Q0113,varies,True,,2025-10-07T00:00:00
R003291,Student_015,ASM004,Q0103,varies,True,,2025-10-07T00:00:00
R003292,Student_015,ASM004,Q0181,varies,True,,2025-10-07T00:00:00
R003293,Student_015,ASM004,Q0035,varies,True,,2025-10-07T00:00:00
R003294,Student_015,ASM004,Q0109,varies,True,,2025-10-07T00:00:00
R003295,Student_015,ASM004,Q0085,varies,True,,2025-10-07T00:00:00
R003296,Student_015,ASM004,Q0093,varies,True,,2025-10-07T00:00:00
R003297,Student_015,ASM004,Q0121,varies,True,,2025-10-07T00:00:00
R003298,Student_015,ASM004,Q0049,varies,True,,2025-10-07T00:00:00
R003299,Student_015,ASM004,Q0077,varies,True,,2025-10-07T00:00:00
R003300,Student_015,ASM004,Q0062,varies,True,,2025-10-07T00:00:00
R003301,Student_016,ASM004,Q0034,varies,True,,2025-10-07T00:00:00
R003302,Student_016,ASM004,Q0083,incorrect_conceptual,False,conceptual,2025-10-07T00:00:00
R003303,Student_016,ASM004,Q0167,incorrect_arithmetic,False,arithmetic,2025-10-07T00:00:00
R003304,Student_016,ASM004,Q0142,varies,True,,2025-10-07T00:00:00
R003305,Student_016,ASM004,Q0048,incorrect_arithmetic,False,arithmetic,2025-10-07T00:00:00
R003306,Student_016,ASM004,Q0012,varies,True,,2025-10-07T00:00:00
R003307,Student_016,ASM004,Q0002,varies,True,,2025-10-07T00:00:00
R003308,Student_016,ASM004,Q0129,varies,True,,2025-10-07T00:00:00
R003309,Student_016,ASM004,Q0120,incorrect_careless,False,careless,2025-10-07T00:00:00
R003310,Student_016,ASM004,Q0113,incorrect_conceptual,False,conceptual,2025-10-07T00:00:00
R003311,Student_016,ASM004,Q0103,incorrect_sign_error,False,sign_error,2025-10-07T00:00:00
R003312,Student_016,ASM004,Q0181,varies,True,,2025-10-07T00:00:00
R003313,Student_016,ASM004,Q0035,varies,True,,2025-10-07T00:00:00
R003314,Student_016,ASM004,Q0109,varies,True,,2025-10-07T00:00:00
R003315,Student_016,ASM004,Q0085,incorrect_conceptual,False,conceptual,2025-10-07T00:00:00
R003316,Student_016,ASM004,Q0093,varies,True,,2025-10-07T00:00:00
R003317,Student_016,ASM004,Q0121,varies,True,,2025-10-07T00:00:00
R003318,Student_016,ASM004,Q0049,incorrect_careless,False,careless,2025-10-07T00:00:00
R003319,Student_016,ASM004,Q0077,varies,True,,2025-10-07T00:00:00
R003320,Student_016,ASM004,Q0062,varies,True,,2025-10-07T00:00:00
R003321,Student_017,ASM004,Q0034,varies,True,,2025-10-07T00:00:00
R003322,Student_017,ASM004,Q0083,incorrect_conceptual,False,conceptual,2025-10-07T00:00:00
R003323,Student_017,ASM004,Q0167,varies,True,,2025-10-07T00:00:00
R003324,Student_017,ASM004,Q0142,varies,True,,2025-10-07T00:00:00
R003325,Student_017,ASM004,Q0048,varies,True,,2025-10-07T00:00:00
R003326,Student_017,ASM004,Q0012,varies,True,,2025-10-07T00:00:00
R003327,Student_017,ASM004,Q0002,varies,True,,2025-10-07T00:00:00
R003328,Student_017,ASM004,Q0129,varies,True,,2025-10-07T00:00:00
R003329,Student_017,ASM004,Q0120,varies,True,,2025-10-07T00:00:00
R003330,Student_017,ASM004,Q0113,varies,True,,2025-10-07T00:00:00
R003331,Student_017,ASM004,Q0103,varies,True,,2025-10-07T00:00:00
R003332,Student_017,ASM004,Q0181,varies,True,,2025-10-07T00:00:00
R003333,Student_017,ASM004,Q0035,varies,True,,2025-10-07T00:00:00
R003334,Student_017,ASM004,Q0109,varies,True,,2025-10-07T00:00:00
R003335,Student_017,ASM004,Q0085,varies,True,,2025-10-07T00:00:00
R003336,Student_017,ASM004,Q0093,varies,True,,2025-10-07T00:00:00
R003337,Student_017,ASM004,Q0121,varies,True,,2025-10-07T00:00:00
R003338,Student_017,ASM004,Q0049,incorrect_conceptual,False,conceptual,2025-10-07T00:00:00
R003339,Student_017,ASM004,Q0077,varies,True,,2025-10-07T00:00:00
R003340,Student_017,ASM004,Q0062,varies,True,,2025-10-07T00:00:00
R003341,Student_018,ASM004,Q0034,varies,True,,2025-10-07T00:00:00
R003342,Student_018,ASM004,Q0083,varies,True,,2025-10-07T00:00:00
R003343,Student_018,ASM004,Q0167,incorrect_arithmetic,False,arithmetic,2025-10-07T00:00:00
R003344,Student_018,ASM004,Q0142,varies,True,,2025-10-07T00:00:00
R003345,Student_018,ASM004,Q0048,varies,True,,2025-10-07T00:00:00
R003346,Student_018,ASM004,Q0012,varies,True,,2025-10-07T00:00:00
R003347,Student_018,ASM004,Q0002,varies,True,,2025-10-07T00:00:00
R003348,Student_018,ASM004,Q0129,varies,True,,2025-10-07T00:00:00
R003349,Student_018,ASM004,Q0120,incorrect_arithmetic,False,arithmetic,2025-10-07T00:00:00
R003350,Student_018,ASM004,Q0113,varies,True,,2025-10-07T00:00:00
R003351,Student_018,ASM004,Q0103,varies,True,,2025-10-07T00:00:00
R003352,Student_018,ASM004,Q0181,varies,True,,2025-10-07T00:00:00
R003353,Student_018,ASM004,Q0035,varies,True,,2025-10-07T00:00:00
R003354,Student_018,ASM004,Q0109,varies,True,,2025-10-07T00:00:00
R003355,Student_018,ASM004,Q0085,varies,True,,2025-10-07T00:00:00
R003356,Student_018,ASM004,Q0093,incorrect_conceptual,False,conceptual,2025-10-07T00:00:00
R003357,Student_018,ASM004,Q0121,varies,True,,2025-10-07T00:00:00
R003358,Student_018,ASM004,Q0049,varies,True,,2025-10-07T00:00:00
R003359,Student_018,ASM004,Q0077,varies,True,,2025-10-07T00:00:00
R003360,Student_018,ASM004,Q0062,incorrect_arithmetic,False,arithmetic,2025-10-07T00:00:00
R003361,Student_019,ASM004,Q0034,varies,True,,2025-10-07T00:00:00
R003362,Student_019,ASM004,Q0083,varies,True,,2025-10-07T00:00:00
R003363,Student_019,ASM004,Q0167,varies,True,,2025-10-07T00:00:00
R003364,Student_019,ASM004,Q0142,varies,True,,2025-10-07T00:00:00
R003365,Student_019,ASM004,Q0048,varies,True,,2025-10-07T00:00:00
R003366,Student_019,ASM004,Q0012,varies,True,,2025-10-07T00:00:00
R003367,Student_019,ASM004,Q0002,varies,True,,2025-10-07T00:00:00
R003368,Student_019,ASM004,Q0129,varies,True,,2025-10-07T00:00:00
R003369,Student_019,ASM004,Q0120,varies,True,,2025-10-07T00:00:00
R003370,Student_019,ASM004,Q0113,varies,True,,2025-10-07T00:00:00
R003371,Student_019,ASM004,Q0103,incorrect_sign_error,False,sign_error,2025-10-07T00:00:00
R003372,Student_019,ASM004,Q0181,incorrect_arithmetic,False,arithmetic,2025-10-07T00:00:00
R003373,Student_019,ASM004,Q0035,varies,True,,2025-10-07T00:00:00
R003374,Student_019,ASM004,Q0109,varies,True,,2025-10-07T00:00:00
R003375,Student_019,ASM004,Q0085,incorrect_formula_selection,False,formula_selection,2025-10-07T00:00:00
R003376,Student_019,ASM004,Q0093,incorrect_conceptual,False,conceptual,2025-10-07T00:00:00
R003377,Student_019,ASM004,Q0121,varies,True,,2025-10-07T00:00:00
R003378,Student_019,ASM004,Q0049,varies,True,,2025-10-07T00:00:00
R003379,Student_019,ASM004,Q0077,varies,True,,2025-10-07T00:00:00
R003380,Student_019,ASM004,Q0062,varies,True,,2025-10-07T00:00:00
R003381,Student_020,ASM004,Q0034,varies,True,,2025-10-07T00:00:00
R003382,Student_020,ASM004,Q0083,incorrect_careless,False,careless,2025-10-07T00:00:00
R003383,Student_020,ASM004,Q0167,incorrect_arithmetic,False,arithmetic,2025-10-07T00:00:00
R003384,Student_020,ASM004,Q0142,varies,True,,2025-10-07T00:00:00
R003385,Student_020,ASM004,Q0048,varies,True,,2025-10-07T00:00:00
R003386,Student_020,ASM004,Q0012,varies,True,,2025-10-07T00:00:00
R003387,Student_020,ASM004,Q0002,varies,True,,2025-10-07T00:00:00
R003388,Student_020,ASM004,Q0129,varies,True,,2025-10-07T00:00:00
R003389,Student_020,ASM004,Q0120,varies,True,,2025-10-07T00:00:00
R003390,Student_020,ASM004,Q0113,varies,True,,2025-10-07T00:00:00
R003391,Student_020,ASM004,Q0103,varies,True,,2025-10-07T00:00:00
R003392,Student_020,ASM004,Q0181,incorrect_conceptual,False,conceptual,2025-10-07T00:00:00
R003393,Student_020,ASM004,Q0035,varies,True,,2025-10-07T00:00:00
R003394,Student_020,ASM004,Q0109,varies,True,,2025-10-07T00:00:00
R003395,Student_020,ASM004,Q0085,varies,True,,2025-10-07T00:00:00
R003396,Student_020,ASM004,Q0093,incorrect_conceptual,False,conceptual,2025-10-07T00:00:00
R003397,Student_020,ASM004,Q0121,varies,True,,2025-10-07T00:00:00
R003398,Student_020,ASM004,Q0049,incorrect_conceptual,False,conceptual,2025-10-07T00:00:00
R003399,Student_020,ASM004,Q0077,varies,True,,2025-10-07T00:00:00
R003400,Student_020,ASM004,Q0062,varies,True,,2025-10-07T00:00:00
R003401,Student_021,ASM004,Q0034,incorrect_simplification,False,simplification,2025-10-07T00:00:00
R003402,Student_021,ASM004,Q0083,incorrect_careless,False,careless,2025-10-07T00:00:00
R003403,Student_021,ASM004,Q0167,varies,True,,2025-10-07T00:00:00
R003404,Student_021,ASM004,Q0142,varies,True,,2025-10-07T00:00:00
R003405,Student_021,ASM004,Q0048,varies,True,,2025-10-07T00:00:00
R003406,Student_021,ASM004,Q0012,varies,True,,2025-10-07T00:00:00
R003407,Student_021,ASM004,Q0002,incorrect_denominator_handling,False,denominator_handling,2025-10-07T00:00:00
R003408,Student_021,ASM004,Q0129,varies,True,,2025-10-07T00:00:00
R003409,Student_021,ASM004,Q0120,varies,True,,2025-10-07T00:00:00
R003410,Student_021,ASM004,Q0113,varies,True,,2025-10-07T00:00:00
R003411,Student_021,ASM004,Q0103,varies,True,,2025-10-07T00:00:00
R003412,Student_021,ASM004,Q0181,varies,True,,2025-10-07T00:00:00
R003413,Student_021,ASM004,Q0035,varies,True,,2025-10-07T00:00:00
R003414,Student_021,ASM004,Q0109,varies,True,,2025-10-07T00:00:00
R003415,Student_021,ASM004,Q0085,varies,True,,2025-10-07T00:00:00
R003416,Student_021,ASM004,Q0093,varies,True,,2025-10-07T00:00:00
R003417,Student_021,ASM004,Q0121,varies,True,,2025-10-07T00:00:00
R003418,Student_021,ASM004,Q0049,varies,True,,2025-10-07T00:00:00
R003419,Student_021,ASM004,Q0077,varies,True,,2025-10-07T00:00:00
R003420,Student_021,ASM004,Q0062,varies,True,,2025-10-07T00:00:00
R003421,Student_022,ASM004,Q0034,varies,True,,2025-10-07T00:00:00
R003422,Student_022,ASM004,Q0083,incorrect_arithmetic,False,arithmetic,2025-10-07T00:00:00
R003423,Student_022,ASM004,Q0167,incorrect_unit_conversion,False,unit_conversion,2025-10-07T00:00:00
R003424,Student_022,ASM004,Q0142,incorrect_arithmetic,False,arithmetic,2025-10-07T00:00:00
R003425,Student_022,ASM004,Q0048,varies,True,,2025-10-07T00:00:00
R003426,Student_022,ASM004,Q0012,varies,True,,2025-10-07T00:00:00
R003427,Student_022,ASM004,Q0002,varies,True,,2025-10-07T00:00:00
R003428,Student_022,ASM004,Q0129,varies,True,,2025-10-07T00:00:00
R003429,Student_022,ASM004,Q0120,varies,True,,2025-10-07T00:00:00
R003430,Student_022,ASM004,Q0113,varies,True,,2025-10-07T00:00:00
R003431,Student_022,ASM004,Q0103,varies,True,,2025-10-07T00:00:00
R003432,Student_022,ASM004,Q0181,varies,True,,2025-10-07T00:00:00
R003433,Student_022,ASM004,Q0035,incorrect_simplification,False,simplification,2025-10-07T00:00:00
R003434,Student_022,ASM004,Q0109,varies,True,,2025-10-07T00:00:00
R003435,Student_022,ASM004,Q0085,varies,True,,2025-10-07T00:00:00
R003436,Student_022,ASM004,Q0093,incorrect_conceptual,False,conceptual,2025-10-07T00:00:00
R003437,Student_022,ASM004,Q0121,incorrect_careless,False,careless,2025-10-07T00:00:00
R003438,Student_022,ASM004,Q0049,incorrect_arithmetic,False,arithmetic,2025-10-07T00:00:00
R003439,Student_022,ASM004,Q0077,varies,True,,2025-10-07T00:00:00
R003440,Student_022,ASM004,Q0062,incorrect_decimal_placement,False,decimal_placement,2025-10-07T00:00:00
R003441,Student_023,ASM004,Q0034,varies,True,,2025-10-07T00:00:00
R003442,Student_023,ASM004,Q0083,varies,True,,2025-10-07T00:00:00
R003443,Student_023,ASM004,Q0167,varies,True,,2025-10-07T00:00:00
R003444,Student_023,ASM004,Q0142,varies,True,,2025-10-07T00:00:00
R003445,Student_023,ASM004,Q0048,varies,True,,2025-10-07T00:00:00
R003446,Student_023,ASM004,Q0012,varies,True,,2025-10-07T00:00:00
R003447,Student_023,ASM004,Q0002,varies,True,,2025-10-07T00:00:00
R003448,Student_023,ASM004,Q0129,varies,True,,2025-10-07T00:00:00
R003449,Student_023,ASM004,Q0120,varies,True,,2025-10-07T00:00:00
R003450,Student_023,ASM004,Q0113,varies,True,,2025-10-07T00:00:00
R003451,Student_023,ASM004,Q0103,varies,True,,2025-10-07T00:00:00
R003452,Student_023,ASM004,Q0181,varies,True,,2025-10-07T00:00:00
R003453,Student_023,ASM004,Q0035,varies,True,,2025-10-07T00:00:00
R003454,Student_023,ASM004,Q0109,varies,True,,2025-10-07T00:00:00
R003455,Student_023,ASM004,Q0085,varies,True,,2025-10-07T00:00:00
R003456,Student_023,ASM004,Q0093,varies,True,,2025-10-07T00:00:00
R003457,Student_023,ASM004,Q0121,varies,True,,2025-10-07T00:00:00
R003458,Student_023,ASM004,Q0049,varies,True,,2025-10-07T00:00:00
R003459,Student_023,ASM004,Q0077,varies,True,,2025-10-07T00:00:00
R003460,Student_023,ASM004,Q0062,varies,True,,2025-10-07T00:00:00
R003461,Student_024,ASM004,Q0034,varies,True,,2025-10-07T00:00:00
R003462,Student_024,ASM004,Q0083,varies,True,,2025-10-07T00:00:00
R003463,Student_024,ASM004,Q0167,varies,True,,2025-10-07T00:00:00
R003464,Student_024,ASM004,Q0142,varies,True,,2025-10-07T00:00:00
R003465,Student_024,ASM004,Q0048,incorrect_arithmetic,False,arithmetic,2025-10-07T00:00:00
R003466,Student_024,ASM004,Q0012,varies,True,,2025-10-07T00:00:00
R003467,Student_024,ASM004,Q0002,varies,True,,2025-10-07T00:00:00
R003468,Student_024,ASM004,Q0129,varies,True,,2025-10-07T00:00:00
R003469,Student_024,ASM004,Q0120,varies,True,,2025-10-07T00:00:00
R003470,Student_024,ASM004,Q0113,varies,True,,2025-10-07T00:00:00
R003471,Student_024,ASM004,Q0103,varies,True,,2025-10-07T00:00:00
R003472,Student_024,ASM004,Q0181,incorrect_careless,False,careless,2025-10-07T00:00:00
R003473,Student_024,ASM004,Q0035,varies,True,,2025-10-07T00:00:00
R003474,Student_024,ASM004,Q0109,varies,True,,2025-10-07T00:00:00
R003475,Student_024,ASM004,Q0085,varies,True,,2025-10-07T00:00:00
R003476,Student_024,ASM004,Q0093,varies,True,,2025-10-07T00:00:00
R003477,Student_024,ASM004,Q0121,varies,True,,2025-10-07T00:00:00
R003478,Student_024,ASM004,Q0049,varies,True,,2025-10-07T00:00:00
R003479,Student_024,ASM004,Q0077,varies,True,,2025-10-07T00:00:00
R003480,Student_024,ASM004,Q0062,incorrect_careless,False,careless,2025-10-07T00:00:00
R003481,Student_025,ASM004,Q0034,varies,True,,2025-10-07T00:00:00
R003482,Student_025,ASM004,Q0083,incorrect_conceptual,False,conceptual,2025-10-07T00:00:00
R003483,Student_025,ASM004,Q0167,varies,True,,2025-10-07T00:00:00
R003484,Student_025,ASM004,Q0142,varies,True,,2025-10-07T00:00:00
R003485,Student_025,ASM004,Q0048,varies,True,,2025-10-07T00:00:00
R003486,Student_025,ASM004,Q0012,varies,True,,2025-10-07T00:00:00
R003487,Student_025,ASM004,Q0002,varies,True,,2025-10-07T00:00:00
R003488,Student_025,ASM004,Q0129,varies,True,,2025-10-07T00:00:00
R003489,Student_025,ASM004,Q0120,varies,True,,2025-10-07T00:00:00
R003490,Student_025,ASM004,Q0113,varies,True,,2025-10-07T00:00:00
R003491,Student_025,ASM004,Q0103,varies,True,,2025-10-07T00:00:00
R003492,Student_025,ASM004,Q0181,varies,True,,2025-10-07T00:00:00
R003493,Student_025,ASM004,Q0035,varies,True,,2025-10-07T00:00:00
R003494,Student_025,ASM004,Q0109,incorrect_careless,False,careless,2025-10-07T00:00:00
R003495,Student_025,ASM004,Q0085,varies,True,,2025-10-07T00:00:00
R003496,Student_025,ASM004,Q0093,incorrect_formula_selection,False,formula_selection,2025-10-07T00:00:00
R003497,Student_025,ASM004,Q0121,varies,True,,2025-10-07T00:00:00
R003498,Student_025,ASM004,Q0049,varies,True,,2025-10-07T00:00:00
R003499,Student_025,ASM004,Q0077,varies,True,,2025-10-07T00:00:00
R003500,Student_025,ASM004,Q0062,incorrect_careless,False,careless,2025-10-07T00:00:00
R003501,Student_026,ASM004,Q0034,incorrect_conceptual,False,conceptual,2025-10-07T00:00:00
R003502,Student_026,ASM004,Q0083,incorrect_conceptual,False,conceptual,2025-10-07T00:00:00
R003503,Student_026,ASM004,Q0167,varies,True,,2025-10-07T00:00:00
R003504,Student_026,ASM004,Q0142,varies,True,,2025-10-07T00:00:00
R003505,Student_026,ASM004,Q0048,varies,True,,2025-10-07T00:00:00
R003506,Student_026,ASM004,Q0012,incorrect_denominator_handling,False,denominator_handling,2025-10-07T00:00:00
R003507,Student_026,ASM004,Q0002,varies,True,,2025-10-07T00:00:00
R003508,Student_026,ASM004,Q0129,varies,True,,2025-10-07T00:00:00
R003509,Student_026,ASM004,Q0120,incorrect_careless,False,careless,2025-10-07T00:00:00
R003510,Student_026,ASM004,Q0113,incorrect_arithmetic,False,arithmetic,2025-10-07T00:00:00
R003511,Student_026,ASM004,Q0103,varies,True,,2025-10-07T00:00:00
R003512,Student_026,ASM004,Q0181,varies,True,,2025-10-07T00:00:00
R003513,Student_026,ASM004,Q0035,varies,True,,2025-10-07T00:00:00
R003514,Student_026,ASM004,Q0109,varies,True,,2025-10-07T00:00:00
R003515,Student_026,ASM004,Q0085,varies,True,,2025-10-07T00:00:00
R003516,Student_026,ASM004,Q0093,varies,True,,2025-10-07T00:00:00
R003517,Student_026,ASM004,Q0121,varies,True,,2025-10-07T00:00:00
R003518,Student_026,ASM004,Q0049,varies,True,,2025-10-07T00:00:00
R003519,Student_026,ASM004,Q0077,varies,True,,2025-10-07T00:00:00
R003520,Student_026,ASM004,Q0062,varies,True,,2025-10-07T00:00:00
R003521,Student_027,ASM004,Q0034,varies,True,,2025-10-07T00:00:00
R003522,Student_027,ASM004,Q0083,varies,True,,2025-10-07T00:00:00
R003523,Student_027,ASM004,Q0167,varies,True,,2025-10-07T00:00:00
R003524,Student_027,ASM004,Q0142,varies,True,,2025-10-07T00:00:00
R003525,Student_027,ASM004,Q0048,varies,True,,2025-10-07T00:00:00
R003526,Student_027,ASM004,Q0012,varies,True,,2025-10-07T00:00:00
R003527,Student_027,ASM004,Q0002,varies,True,,2025-10-07T00:00:00
R003528,Student_027,ASM004,Q0129,incorrect_unit_conversion,False,unit_conversion,2025-10-07T00:00:00
R003529,Student_027,ASM004,Q0120,varies,True,,2025-10-07T00:00:00
R003530,Student_027,ASM004,Q0113,varies,True,,2025-10-07T00:00:00
R003531,Student_027,ASM004,Q0103,varies,True,,2025-10-07T00:00:00
R003532,Student_027,ASM004,Q0181,varies,True,,2025-10-07T00:00:00
R003533,Student_027,ASM004,Q0035,incorrect_arithmetic,False,arithmetic,2025-10-07T00:00:00
R003534,Student_027,ASM004,Q0109,varies,True,,2025-10-07T00:00:00
R003535,Student_027,ASM004,Q0085,varies,True,,2025-10-07T00:00:00
R003536,Student_027,ASM004,Q0093,incorrect_conceptual,False,conceptual,2025-10-07T00:00:00
R003537,Student_027,ASM004,Q0121,incorrect_conceptual,False,conceptual,2025-10-07T00:00:00
R003538,Student_027,ASM004,Q0049,varies,True,,2025-10-07T00:00:00
R003539,Student_027,ASM004,Q0077,varies,True,,2025-10-07T00:00:00
R003540,Student_027,ASM004,Q0062,varies,True,,2025-10-07T00:00:00
R003541,Student_028,ASM004,Q0034,varies,True,,2025-10-07T00:00:00
R003542,Student_028,ASM004,Q0083,incorrect_careless,False,careless,2025-10-07T00:00:00
R003543,Student_028,ASM004,Q0167,incorrect_unit_conversion,False,unit_conversion,2025-10-07T00:00:00
R003544,Student_028,ASM004,Q0142,varies,True,,2025-10-07T00:00:00
R003545,Student_028,ASM004,Q0048,varies,True,,2025-10-07T00:00:00
R003546,Student_028,ASM004,Q0012,varies,True,,2025-10-07T00:00:00
R003547,Student_028,ASM004,Q0002,varies,True,,2025-10-07T00:00:00
R003548,Student_028,ASM004,Q0129,varies,True,,2025-10-07T00:00:00
R003549,Student_028,ASM004,Q0120,incorrect_conceptual,False,conceptual,2025-10-07T00:00:00
R003550,Student_028,ASM004,Q0113,incorrect_conceptual,False,conceptual,2025-10-07T00:00:00
R003551,Student_028,ASM004,Q0103,varies,True,,2025-10-07T00:00:00
R003552,Student_028,ASM004,Q0181,varies,True,,2025-10-07T00:00:00
R003553,Student_028,ASM004,Q0035,incorrect_conceptual,False,conceptual,2025-10-07T00:00:00
R003554,Student_028,ASM004,Q0109,varies,True,,2025-10-07T00:00:00
R003555,Student_028,ASM004,Q0085,varies,True,,2025-10-07T00:00:00
R003556,Student_028,ASM004,Q0093,incorrect_conceptual,False,conceptual,2025-10-07T00:00:00
R003557,Student_028,ASM004,Q0121,incorrect_conceptual,False,conceptual,2025-10-07T00:00:00
R003558,Student_028,ASM004,Q0049,varies,True,,2025-10-07T00:00:00
R003559,Student_028,ASM004,Q0077,incorrect_conceptual,False,conceptual,2025-10-07T00:00:00
R003560,Student_028,ASM004,Q0062,varies,True,,2025-10-07T00:00:00
R003561,Student_029,ASM004,Q0034,varies,True,,2025-10-07T00:00:00
R003562,Student_029,ASM004,Q0083,varies,True,,2025-10-07T00:00:00
R003563,Student_029,ASM004,Q0167,varies,True,,2025-10-07T00:00:00
R003564,Student_029,ASM004,Q0142,varies,True,,2025-10-07T00:00:00
R003565,Student_029,ASM004,Q0048,varies,True,,2025-10-07T00:00:00
R003566,Student_029,ASM004,Q0012,varies,True,,2025-10-07T00:00:00
R003567,Student_029,ASM004,Q0002,incorrect_simplification,False,simplification,2025-10-07T00:00:00
R003568,Student_029,ASM004,Q0129,varies,True,,2025-10-07T00:00:00
R003569,Student_029,ASM004,Q0120,varies,True,,2025-10-07T00:00:00
R003570,Student_029,ASM004,Q0113,varies,True,,2025-10-07T00:00:00
R003571,Student_029,ASM004,Q0103,varies,True,,2025-10-07T00:00:00
R003572,Student_029,ASM004,Q0181,incorrect_conceptual,False,conceptual,2025-10-07T00:00:00
R003573,Student_029,ASM004,Q0035,varies,True,,2025-10-07T00:00:00
R003574,Student_029,ASM004,Q0109,varies,True,,2025-10-07T00:00:00
R003575,Student_029,ASM004,Q0085,varies,True,,2025-10-07T00:00:00
R003576,Student_029,ASM004,Q0093,varies,True,,2025-10-07T00:00:00
R003577,Student_029,ASM004,Q0121,varies,True,,2025-10-07T00:00:00
R003578,Student_029,ASM004,Q0049,varies,True,,2025-10-07T00:00:00
R003579,Student_029,ASM004,Q0077,varies,True,,2025-10-07T00:00:00
R003580,Student_029,ASM004,Q0062,varies,True,,2025-10-07T00:00:00
R003581,Student_030,ASM004,Q0034,incorrect_denominator_handling,False,denominator_handling,2025-10-07T00:00:00
R003582,Student_030,ASM004,Q0083,varies,True,,2025-10-07T00:00:00
R003583,Student_030,ASM004,Q0167,varies,True,,2025-10-07T00:00:00
R003584,Student_030,ASM004,Q0142,varies,True,,2025-10-07T00:00:00
R003585,Student_030,ASM004,Q0048,varies,True,,2025-10-07T00:00:00
R003586,Student_030,ASM004,Q0012,varies,True,,2025-10-07T00:00:00
R003587,Student_030,ASM004,Q0002,varies,True,,2025-10-07T00:00:00
R003588,Student_030,ASM004,Q0129,varies,True,,2025-10-07T00:00:00
R003589,Student_030,ASM004,Q0120,varies,True,,2025-10-07T00:00:00
R003590,Student_030,ASM004,Q0113,varies,True,,2025-10-07T00:00:00
R003591,Student_030,ASM004,Q0103,varies,True,,2025-10-07T00:00:00
R003592,Student_030,ASM004,Q0181,varies,True,,2025-10-07T00:00:00
R003593,Student_030,ASM004,Q0035,varies,True,,2025-10-07T00:00:00
R003594,Student_030,ASM004,Q0109,varies,True,,2025-10-07T00:00:00
R003595,Student_030,ASM004,Q0085,varies,True,,2025-10-07T00:00:00
R003596,Student_030,ASM004,Q0093,varies,True,,2025-10-07T00:00:00
R003597,Student_030,ASM004,Q0121,varies,True,,2025-10-07T00:00:00
R003598,Student_030,ASM004,Q0049,varies,True,,2025-10-07T00:00:00
R003599,Student_030,ASM004,Q0077,incorrect_conceptual,False,conceptual,2025-10-07T00:00:00
R003600,Student_030,ASM004,Q0062,varies,True,,2025-10-07T00:00:00
R003601,Student_031,ASM004,Q0034,varies,True,,2025-10-07T00:00:00
R003602,Student_031,ASM004,Q0083,varies,True,,2025-10-07T00:00:00
R003603,Student_031,ASM004,Q0167,varies,True,,2025-10-07T00:00:00
R003604,Student_031,ASM004,Q0142,varies,True,,2025-10-07T00:00:00
R003605,Student_031,ASM004,Q0048,incorrect_conceptual,False,conceptual,2025-10-07T00:00:00
R003606,Student_031,ASM004,Q0012,varies,True,,2025-10-07T00:00:00
R003607,Student_031,ASM004,Q0002,varies,True,,2025-10-07T00:00:00
R003608,Student_031,ASM004,Q0129,varies,True,,2025-10-07T00:00:00
R003609,Student_031,ASM004,Q0120,varies,True,,2025-10-07T00:00:00
R003610,Student_031,ASM004,Q0113,varies,True,,2025-10-07T00:00:00
R003611,Student_031,ASM004,Q0103,varies,True,,2025-10-07T00:00:00
R003612,Student_031,ASM004,Q0181,varies,True,,2025-10-07T00:00:00
R003613,Student_031,ASM004,Q0035,incorrect_arithmetic,False,arithmetic,2025-10-07T00:00:00
R003614,Student_031,ASM004,Q0109,varies,True,,2025-10-07T00:00:00
R003615,Student_031,ASM004,Q0085,varies,True,,2025-10-07T00:00:00
R003616,Student_031,ASM004,Q0093,incorrect_formula_selection,False,formula_selection,2025-10-07T00:00:00
R003617,Student_031,ASM004,Q0121,varies,True,,2025-10-07T00:00:00
R003618,Student_031,ASM004,Q0049,varies,True,,2025-10-07T00:00:00
R003619,Student_031,ASM004,Q0077,varies,True,,2025-10-07T00:00:00
R003620,Student_031,ASM004,Q0062,varies,True,,2025-10-07T00:00:00
R003621,Student_032,ASM004,Q0034,varies,True,,2025-10-07T00:00:00
R003622,Student_032,ASM004,Q0083,varies,True,,2025-10-07T00:00:00
R003623,Student_032,ASM004,Q0167,varies,True,,2025-10-07T00:00:00
R003624,Student_032,ASM004,Q0142,varies,True,,2025-10-07T00:00:00
R003625,Student_032,ASM004,Q0048,varies,True,,2025-10-07T00:00:00
R003626,Student_032,ASM004,Q0012,varies,True,,2025-10-07T00:00:00
R003627,Student_032,ASM004,Q0002,varies,True,,2025-10-07T00:00:00
R003628,Student_032,ASM004,Q0129,varies,True,,2025-10-07T00:00:00
R003629,Student_032,ASM004,Q0120,incorrect_conceptual,False,conceptual,2025-10-07T00:00:00
R003630,Student_032,ASM004,Q0113,incorrect_conceptual,False,conceptual,2025-10-07T00:00:00
R003631,Student_032,ASM004,Q0103,varies,True,,2025-10-07T00:00:00
R003632,Student_032,ASM004,Q0181,varies,True,,2025-10-07T00:00:00
R003633,Student_032,ASM004,Q0035,varies,True,,2025-10-07T00:00:00
R003634,Student_032,ASM004,Q0109,incorrect_careless,False,careless,2025-10-07T00:00:00
R003635,Student_032,ASM004,Q0085,varies,True,,2025-10-07T00:00:00
R003636,Student_032,ASM004,Q0093,varies,True,,2025-10-07T00:00:00
R003637,Student_032,ASM004,Q0121,varies,True,,2025-10-07T00:00:00
R003638,Student_032,ASM004,Q0049,incorrect_arithmetic,False,arithmetic,2025-10-07T00:00:00
R003639,Student_032,ASM004,Q0077,incorrect_careless,False,careless,2025-10-07T00:00:00
R003640,Student_032,ASM004,Q0062,incorrect_careless,False,careless,2025-10-07T00:00:00
R003641,Student_033,ASM004,Q0034,incorrect_arithmetic,False,arithmetic,2025-10-07T00:00:00
R003642,Student_033,ASM004,Q0083,incorrect_conceptual,False,conceptual,2025-10-07T00:00:00
R003643,Student_033,ASM004,Q0167,varies,True,,2025-10-07T00:00:00
R003644,Student_033,ASM004,Q0142,varies,True,,2025-10-07T00:00:00
R003645,Student_033,ASM004,Q0048,varies,True,,2025-10-07T00:00:00
R003646,Student_033,ASM004,Q0012,incorrect_simplification,False,simplification,2025-10-07T00:00:00
R003647,Student_033,ASM004,Q0002,incorrect_denominator_handling,False,denominator_handling,2025-10-07T00:00:00
R003648,Student_033,ASM004,Q0129,varies,True,,2025-10-07T00:00:00
R003649,Student_033,ASM004,Q0120,incorrect_conceptual,False,conceptual,2025-10-07T00:00:00
R003650,Student_033,ASM004,Q0113,varies,True,,2025-10-07T00:00:00
R003651,Student_033,ASM004,Q0103,varies,True,,2025-10-07T00:00:00
R003652,Student_033,ASM004,Q0181,varies,True,,2025-10-07T00:00:00
R003653,Student_033,ASM004,Q0035,varies,True,,2025-10-07T00:00:00
R003654,Student_033,ASM004,Q0109,varies,True,,2025-10-07T00:00:00
R003655,Student_033,ASM004,Q0085,varies,True,,2025-10-07T00:00:00
R003656,Student_033,ASM004,Q0093,varies,True,,2025-10-07T00:00:00
R003657,Student_033,ASM004,Q0121,incorrect_careless,False,careless,2025-10-07T00:00:00
R003658,Student_033,ASM004,Q0049,varies,True,,2025-10-07T00:00:00
R003659,Student_033,ASM004,Q0077,varies,True,,2025-10-07T00:00:00
R003660,Student_033,ASM004,Q0062,varies,True,,2025-10-07T00:00:00
R003661,Student_034,ASM004,Q0034,varies,True,,2025-10-07T00:00:00
R003662,Student_034,ASM004,Q0083,incorrect_conceptual,False,conceptual,2025-10-07T00:00:00
R003663,Student_034,ASM004,Q0167,varies,True,,2025-10-07T00:00:00
R003664,Student_034,ASM004,Q0142,incorrect_conceptual,False,conceptual,2025-10-07T00:00:00
R003665,Student_034,ASM004,Q0048,varies,True,,2025-10-07T00:00:00
R003666,Student_034,ASM004,Q0012,varies,True,,2025-10-07T00:00:00
R003667,Student_034,ASM004,Q0002,varies,True,,2025-10-07T00:00:00
R003668,Student_034,ASM004,Q0129,varies,True,,2025-10-07T00:00:00
R003669,Student_034,ASM004,Q0120,varies,True,,2025-10-07T00:00:00
R003670,Student_034,ASM004,Q0113,incorrect_arithmetic,False,arithmetic,2025-10-07T00:00:00
R003671,Student_034,ASM004,Q0103,incorrect_conceptual,False,conceptual,2025-10-07T00:00:00
R003672,Student_034,ASM004,Q0181,varies,True,,2025-10-07T00:00:00
R003673,Student_034,ASM004,Q0035,varies,True,,2025-10-07T00:00:00
R003674,Student_034,ASM004,Q0109,varies,True,,2025-10-07T00:00:00
R003675,Student_034,ASM004,Q0085,incorrect_conceptual,False,conceptual,2025-10-07T00:00:00
R003676,Student_034,ASM004,Q0093,varies,True,,2025-10-07T00:00:00
R003677,Student_034,ASM004,Q0121,varies,True,,2025-10-07T00:00:00
R003678,Student_034,ASM004,Q0049,varies,True,,2025-10-07T00:00:00
R003679,Student_034,ASM004,Q0077,varies,True,,2025-10-07T00:00:00
R003680,Student_034,ASM004,Q0062,incorrect_decimal_placement,False,decimal_placement,2025-10-07T00:00:00
R003681,Student_035,ASM004,Q0034,varies,True,,2025-10-07T00:00:00
R003682,Student_035,ASM004,Q0083,varies,True,,2025-10-07T00:00:00
R003683,Student_035,ASM004,Q0167,varies,True,,2025-10-07T00:00:00
R003684,Student_035,ASM004,Q0142,varies,True,,2025-10-07T00:00:00
R003685,Student_035,ASM004,Q0048,varies,True,,2025-10-07T00:00:00
R003686,Student_035,ASM004,Q0012,varies,True,,2025-10-07T00:00:00
R003687,Student_035,ASM004,Q0002,varies,True,,2025-10-07T00:00:00
R003688,Student_035,ASM004,Q0129,incorrect_arithmetic,False,arithmetic,2025-10-07T00:00:00
R003689,Student_035,ASM004,Q0120,varies,True,,2025-10-07T00:00:00
R003690,Student_035,ASM004,Q0113,varies,True,,2025-10-07T00:00:00
R003691,Student_035,ASM004,Q0103,varies,True,,2025-10-07T00:00:00
R003692,Student_035,ASM004,Q0181,varies,True,,2025-10-07T00:00:00
R003693,Student_035,ASM004,Q0035,varies,True,,2025-10-07T00:00:00
R003694,Student_035,ASM004,Q0109,varies,True,,2025-10-07T00:00:00
R003695,Student_035,ASM004,Q0085,incorrect_arithmetic,False,arithmetic,2025-10-07T00:00:00
R003696,Student_035,ASM004,Q0093,incorrect_conceptual,False,conceptual,2025-10-07T00:00:00
R003697,Student_035,ASM004,Q0121,varies,True,,2025-10-07T00:00:00
R003698,Student_035,ASM004,Q0049,varies,True,,2025-10-07T00:00:00
R003699,Student_035,ASM004,Q0077,varies,True,,2025-10-07T00:00:00
R003700,Student_035,ASM004,Q0062,incorrect_arithmetic,False,arithmetic,2025-10-07T00:00:00
R003701,Student_036,ASM004,Q0034,varies,True,,2025-10-07T00:00:00
R003702,Student_036,ASM004,Q0083,varies,True,,2025-10-07T00:00:00
R003703,Student_036,ASM004,Q0167,varies,True,,2025-10-07T00:00:00
R003704,Student_036,ASM004,Q0142,varies,True,,2025-10-07T00:00:00
R003705,Student_036,ASM004,Q0048,varies,True,,2025-10-07T00:00:00
R003706,Student_036,ASM004,Q0012,varies,True,,2025-10-07T00:00:00
R003707,Student_036,ASM004,Q0002,varies,True,,2025-10-07T00:00:00
R003708,Student_036,ASM004,Q0129,varies,True,,2025-10-07T00:00:00
R003709,Student_036,ASM004,Q0120,varies,True,,2025-10-07T00:00:00
R003710,Student_036,ASM004,Q0113,varies,True,,2025-10-07T00:00:00
R003711,Student_036,ASM004,Q0103,varies,True,,2025-10-07T00:00:00
R003712,Student_036,ASM004,Q0181,incorrect_conceptual,False,conceptual,2025-10-07T00:00:00
R003713,Student_036,ASM004,Q0035,varies,True,,2025-10-07T00:00:00
R003714,Student_036,ASM004,Q0109,varies,True,,2025-10-07T00:00:00
R003715,Student_036,ASM004,Q0085,varies,True,,2025-10-07T00:00:00
R003716,Student_036,ASM004,Q0093,varies,True,,2025-10-07T00:00:00
R003717,Student_036,ASM004,Q0121,varies,True,,2025-10-07T00:00:00
R003718,Student_036,ASM004,Q0049,varies,True,,2025-10-07T00:00:00
R003719,Student_036,ASM004,Q0077,varies,True,,2025-10-07T00:00:00
R003720,Student_036,ASM004,Q0062,varies,True,,2025-10-07T00:00:00
R003721,Student_037,ASM004,Q0034,varies,True,,2025-10-07T00:00:00
R003722,Student_037,ASM004,Q0083,incorrect_formula_selection,False,formula_selection,2025-10-07T00:00:00
R003723,Student_037,ASM004,Q0167,varies,True,,2025-10-07T00:00:00
R003724,Student_037,ASM004,Q0142,varies,True,,2025-10-07T00:00:00
R003725,Student_037,ASM004,Q0048,varies,True,,2025-10-07T00:00:00
R003726,Student_037,ASM004,Q0012,varies,True,,2025-10-07T00:00:00
R003727,Student_037,ASM004,Q0002,varies,True,,2025-10-07T00:00:00
R003728,Student_037,ASM004,Q0129,varies,True,,2025-10-07T00:00:00
R003729,Student_037,ASM004,Q0120,varies,True,,2025-10-07T00:00:00
R003730,Student_037,ASM004,Q0113,varies,True,,2025-10-07T00:00:00
R003731,Student_037,ASM004,Q0103,varies,True,,2025-10-07T00:00:00
R003732,Student_037,ASM004,Q0181,varies,True,,2025-10-07T00:00:00
R003733,Student_037,ASM004,Q0035,varies,True,,2025-10-07T00:00:00
R003734,Student_037,ASM004,Q0109,incorrect_careless,False,careless,2025-10-07T00:00:00
R003735,Student_037,ASM004,Q0085,incorrect_formula_selection,False,formula_selection,2025-10-07T00:00:00
R003736,Student_037,ASM004,Q0093,incorrect_sign_error,False,sign_error,2025-10-07T00:00:00
R003737,Student_037,ASM004,Q0121,varies,True,,2025-10-07T00:00:00
R003738,Student_037,ASM004,Q0049,varies,True,,2025-10-07T00:00:00
R003739,Student_037,ASM004,Q0077,varies,True,,2025-10-07T00:00:00
R003740,Student_037,ASM004,Q0062,varies,True,,2025-10-07T00:00:00
R003741,Student_038,ASM004,Q0034,incorrect_arithmetic,False,arithmetic,2025-10-07T00:00:00
R003742,Student_038,ASM004,Q0083,varies,True,,2025-10-07T00:00:00
R003743,Student_038,ASM004,Q0167,varies,True,,2025-10-07T00:00:00
R003744,Student_038,ASM004,Q0142,varies,True,,2025-10-07T00:00:00
R003745,Student_038,ASM004,Q0048,varies,True,,2025-10-07T00:00:00
R003746,Student_038,ASM004,Q0012,varies,True,,2025-10-07T00:00:00
R003747,Student_038,ASM004,Q0002,varies,True,,2025-10-07T00:00:00
R003748,Student_038,ASM004,Q0129,incorrect_area_perimeter_confusion,False,area_perimeter_confusion,2025-10-07T00:00:00
R003749,Student_038,ASM004,Q0120,varies,True,,2025-10-07T00:00:00
R003750,Student_038,ASM004,Q0113,varies,True,,2025-10-07T00:00:00
R003751,Student_038,ASM004,Q0103,incorrect_careless,False,careless,2025-10-07T00:00:00
R003752,Student_038,ASM004,Q0181,varies,True,,2025-10-07T00:00:00
R003753,Student_038,ASM004,Q0035,varies,True,,2025-10-07T00:00:00
R003754,Student_038,ASM004,Q0109,varies,True,,2025-10-07T00:00:00
R003755,Student_038,ASM004,Q0085,varies,True,,2025-10-07T00:00:00
R003756,Student_038,ASM004,Q0093,varies,True,,2025-10-07T00:00:00
R003757,Student_038,ASM004,Q0121,varies,True,,2025-10-07T00:00:00
R003758,Student_038,ASM004,Q0049,varies,True,,2025-10-07T00:00:00
R003759,Student_038,ASM004,Q0077,incorrect_arithmetic,False,arithmetic,2025-10-07T00:00:00
R003760,Student_038,ASM004,Q0062,varies,True,,2025-10-07T00:00:00
R003761,Student_039,ASM004,Q0034,varies,True,,2025-10-07T00:00:00
R003762,Student_039,ASM004,Q0083,varies,True,,2025-10-07T00:00:00
R003763,Student_039,ASM004,Q0167,varies,True,,2025-10-07T00:00:00
R003764,Student_039,ASM004,Q0142,varies,True,,2025-10-07T00:00:00
R003765,Student_039,ASM004,Q0048,incorrect_arithmetic,False,arithmetic,2025-10-07T00:00:00
R003766,Student_039,ASM004,Q0012,varies,True,,2025-10-07T00:00:00
R003767,Student_039,ASM004,Q0002,varies,True,,2025-10-07T00:00:00
R003768,Student_039,ASM004,Q0129,varies,True,,2025-10-07T00:00:00
R003769,Student_039,ASM004,Q0120,varies,True,,2025-10-07T00:00:00
R003770,Student_039,ASM004,Q0113,varies,True,,2025-10-07T00:00:00
R003771,Student_039,ASM004,Q0103,varies,True,,2025-10-07T00:00:00
R003772,Student_039,ASM004,Q0181,varies,True,,2025-10-07T00:00:00
R003773,Student_039,ASM004,Q0035,varies,True,,2025-10-07T00:00:00
R003774,Student_039,ASM004,Q0109,varies,True,,2025-10-07T00:00:00
R003775,Student_039,ASM004,Q0085,varies,True,,2025-10-07T00:00:00
R003776,Student_039,ASM004,Q0093,varies,True,,2025-10-07T00:00:00
R003777,Student_039,ASM004,Q0121,varies,True,,2025-10-07T00:00:00
R003778,Student_039,ASM004,Q0049,varies,True,,2025-10-07T00:00:00
R003779,Student_039,ASM004,Q0077,varies,True,,2025-10-07T00:00:00
R003780,Student_039,ASM004,Q0062,incorrect_careless,False,careless,2025-10-07T00:00:00
R003781,Student_040,ASM004,Q0034,varies,True,,2025-10-07T00:00:00
R003782,Student_040,ASM004,Q0083,varies,True,,2025-10-07T00:00:00
R003783,Student_040,ASM004,Q0167,varies,True,,2025-10-07T00:00:00
R003784,Student_040,ASM004,Q0142,varies,True,,2025-10-07T00:00:00
R003785,Student_040,ASM004,Q0048,varies,True,,2025-10-07T00:00:00
R003786,Student_040,ASM004,Q0012,incorrect_simplification,False,simplification,2025-10-07T00:00:00
R003787,Student_040,ASM004,Q0002,varies,True,,2025-10-07T00:00:00
R003788,Student_040,ASM004,Q0129,incorrect_arithmetic,False,arithmetic,2025-10-07T00:00:00
R003789,Student_040,ASM004,Q0120,varies,True,,2025-10-07T00:00:00
R003790,Student_040,ASM004,Q0113,varies,True,,2025-10-07T00:00:00
R003791,Student_040,ASM004,Q0103,varies,True,,2025-10-07T00:00:00
R003792,Student_040,ASM004,Q0181,incorrect_arithmetic,False,arithmetic,2025-10-07T00:00:00
R003793,Student_040,ASM004,Q0035,varies,True,,2025-10-07T00:00:00
R003794,Student_040,ASM004,Q0109,varies,True,,2025-10-07T00:00:00
R003795,Student_040,ASM004,Q0085,varies,True,,2025-10-07T00:00:00
R003796,Student_040,ASM004,Q0093,incorrect_conceptual,False,conceptual,2025-10-07T00:00:00
R003797,Student_040,ASM004,Q0121,varies,True,,2025-10-07T00:00:00
R003798,Student_040,ASM004,Q0049,varies,True,,2025-10-07T00:00:00
R003799,Student_040,ASM004,Q0077,varies,True,,2025-10-07T00:00:00
R003800,Student_040,ASM004,Q0062,incorrect_decimal_placement,False,decimal_placement,2025-10-07T00:00:00
R003801,Student_041,ASM004,Q0034,varies,True,,2025-10-07T00:00:00
R003802,Student_041,ASM004,Q0083,varies,True,,2025-10-07T00:00:00
R003803,Student_041,ASM004,Q0167,varies,True,,2025-10-07T00:00:00
R003804,Student_041,ASM004,Q0142,varies,True,,2025-10-07T00:00:00
R003805,Student_041,ASM004,Q0048,varies,True,,2025-10-07T00:00:00
R003806,Student_041,ASM004,Q0012,varies,True,,2025-10-07T00:00:00
R003807,Student_041,ASM004,Q0002,varies,True,,2025-10-07T00:00:00
R003808,Student_041,ASM004,Q0129,varies,True,,2025-10-07T00:00:00
R003809,Student_041,ASM004,Q0120,varies,True,,2025-10-07T00:00:00
R003810,Student_041,ASM004,Q0113,varies,True,,2025-10-07T00:00:00
R003811,Student_041,ASM004,Q0103,varies,True,,2025-10-07T00:00:00
R003812,Student_041,ASM004,Q0181,varies,True,,2025-10-07T00:00:00
R003813,Student_041,ASM004,Q0035,varies,True,,2025-10-07T00:00:00
R003814,Student_041,ASM004,Q0109,varies,True,,2025-10-07T00:00:00
R003815,Student_041,ASM004,Q0085,varies,True,,2025-10-07T00:00:00
R003816,Student_041,ASM004,Q0093,varies,True,,2025-10-07T00:00:00
R003817,Student_041,ASM004,Q0121,varies,True,,2025-10-07T00:00:00
R003818,Student_041,ASM004,Q0049,varies,True,,2025-10-07T00:00:00
R003819,Student_041,ASM004,Q0077,varies,True,,2025-10-07T00:00:00
R003820,Student_041,ASM004,Q0062,varies,True,,2025-10-07T00:00:00
R003821,Student_042,ASM004,Q0034,varies,True,,2025-10-07T00:00:00
R003822,Student_042,ASM004,Q0083,varies,True,,2025-10-07T00:00:00
R003823,Student_042,ASM004,Q0167,varies,True,,2025-10-07T00:00:00
R003824,Student_042,ASM004,Q0142,varies,True,,2025-10-07T00:00:00
R003825,Student_042,ASM004,Q0048,varies,True,,2025-10-07T00:00:00
R003826,Student_042,ASM004,Q0012,varies,True,,2025-10-07T00:00:00
R003827,Student_042,ASM004,Q0002,varies,True,,2025-10-07T00:00:00
R003828,Student_042,ASM004,Q0129,varies,True,,2025-10-07T00:00:00
R003829,Student_042,ASM004,Q0120,incorrect_conceptual,False,conceptual,2025-10-07T00:00:00
R003830,Student_042,ASM004,Q0113,varies,True,,2025-10-07T00:00:00
R003831,Student_042,ASM004,Q0103,varies,True,,2025-10-07T00:00:00
R003832,Student_042,ASM004,Q0181,incorrect_arithmetic,False,arithmetic,2025-10-07T00:00:00
R003833,Student_042,ASM004,Q0035,varies,True,,2025-10-07T00:00:00
R003834,Student_042,ASM004,Q0109,varies,True,,2025-10-07T00:00:00
R003835,Student_042,ASM004,Q0085,varies,True,,2025-10-07T00:00:00
R003836,Student_042,ASM004,Q0093,incorrect_conceptual,False,conceptual,2025-10-07T00:00:00
R003837,Student_042,ASM004,Q0121,varies,True,,2025-10-07T00:00:00
R003838,Student_042,ASM004,Q0049,varies,True,,2025-10-07T00:00:00
R003839,Student_042,ASM004,Q0077,varies,True,,2025-10-07T00:00:00
R003840,Student_042,ASM004,Q0062,incorrect_arithmetic,False,arithmetic,2025-10-07T00:00:00
R003841,Student_043,ASM004,Q0034,varies,True,,2025-10-07T00:00:00
R003842,Student_043,ASM004,Q0083,incorrect_formula_selection,False,formula_selection,2025-10-07T00:00:00
R003843,Student_043,ASM004,Q0167,varies,True,,2025-10-07T00:00:00
R003844,Student_043,ASM004,Q0142,varies,True,,2025-10-07T00:00:00
R003845,Student_043,ASM004,Q0048,varies,True,,2025-10-07T00:00:00
R003846,Student_043,ASM004,Q0012,varies,True,,2025-10-07T00:00:00
R003847,Student_043,ASM004,Q0002,varies,True,,2025-10-07T00:00:00
R003848,Student_043,ASM004,Q0129,varies,True,,2025-10-07T00:00:00
R003849,Student_043,ASM004,Q0120,varies,True,,2025-10-07T00:00:00
R003850,Student_043,ASM004,Q0113,varies,True,,2025-10-07T00:00:00
R003851,Student_043,ASM004,Q0103,incorrect_sign_error,False,sign_error,2025-10-07T00:00:00
R003852,Student_043,ASM004,Q0181,varies,True,,2025-10-07T00:00:00
R003853,Student_043,ASM004,Q0035,varies,True,,2025-10-07T00:00:00
R003854,Student_043,ASM004,Q0109,varies,True,,2025-10-07T00:00:00
R003855,Student_043,ASM004,Q0085,varies,True,,2025-10-07T00:00:00
R003856,Student_043,ASM004,Q0093,varies,True,,2025-10-07T00:00:00
R003857,Student_043,ASM004,Q0121,incorrect_arithmetic,False,arithmetic,2025-10-07T00:00:00
R003858,Student_043,ASM004,Q0049,varies,True,,2025-10-07T00:00:00
R003859,Student_043,ASM004,Q0077,varies,True,,2025-10-07T00:00:00
R003860,Student_043,ASM004,Q0062,varies,True,,2025-10-07T00:00:00
R003861,Student_044,ASM004,Q0034,varies,True,,2025-10-07T00:00:00
R003862,Student_044,ASM004,Q0083,varies,True,,2025-10-07T00:00:00
R003863,Student_044,ASM004,Q0167,varies,True,,2025-10-07T00:00:00
R003864,Student_044,ASM004,Q0142,varies,True,,2025-10-07T00:00:00
R003865,Student_044,ASM004,Q0048,varies,True,,2025-10-07T00:00:00
R003866,Student_044,ASM004,Q0012,varies,True,,2025-10-07T00:00:00
R003867,Student_044,ASM004,Q0002,incorrect_simplification,False,simplification,2025-10-07T00:00:00
R003868,Student_044,ASM004,Q0129,varies,True,,2025-10-07T00:00:00
R003869,Student_044,ASM004,Q0120,incorrect_careless,False,careless,2025-10-07T00:00:00
R003870,Student_044,ASM004,Q0113,incorrect_arithmetic,False,arithmetic,2025-10-07T00:00:00
R003871,Student_044,ASM004,Q0103,varies,True,,2025-10-07T00:00:00
R003872,Student_044,ASM004,Q0181,varies,True,,2025-10-07T00:00:00
R003873,Student_044,ASM004,Q0035,incorrect_simplification,False,simplification,2025-10-07T00:00:00
R003874,Student_044,ASM004,Q0109,varies,True,,2025-10-07T00:00:00
R003875,Student_044,ASM004,Q0085,varies,True,,2025-10-07T00:00:00
R003876,Student_044,ASM004,Q0093,incorrect_conceptual,False,conceptual,2025-10-07T00:00:00
R003877,Student_044,ASM004,Q0121,varies,True,,2025-10-07T00:00:00
R003878,Student_044,ASM004,Q0049,varies,True,,2025-10-07T00:00:00
R003879,Student_044,ASM004,Q0077,varies,True,,2025-10-07T00:00:00
R003880,Student_044,ASM004,Q0062,varies,True,,2025-10-07T00:00:00
R003881,Student_045,ASM004,Q0034,varies,True,,2025-10-07T00:00:00
R003882,Student_045,ASM004,Q0083,varies,True,,2025-10-07T00:00:00
R003883,Student_045,ASM004,Q0167,varies,True,,2025-10-07T00:00:00
R003884,Student_045,ASM004,Q0142,varies,True,,2025-10-07T00:00:00
R003885,Student_045,ASM004,Q0048,incorrect_careless,False,careless,2025-10-07T00:00:00
R003886,Student_045,ASM004,Q0012,incorrect_simplification,False,simplification,2025-10-07T00:00:00
R003887,Student_045,ASM004,Q0002,varies,True,,2025-10-07T00:00:00
R003888,Student_045,ASM004,Q0129,varies,True,,2025-10-07T00:00:00
R003889,Student_045,ASM004,Q0120,varies,True,,2025-10-07T00:00:00
R003890,Student_045,ASM004,Q0113,varies,True,,2025-10-07T00:00:00
R003891,Student_045,ASM004,Q0103,varies,True,,2025-10-07T00:00:00
R003892,Student_045,ASM004,Q0181,varies,True,,2025-10-07T00:00:00
R003893,Student_045,ASM004,Q0035,incorrect_simplification,False,simplification,2025-10-07T00:00:00
R003894,Student_045,ASM004,Q0109,varies,True,,2025-10-07T00:00:00
R003895,Student_045,ASM004,Q0085,varies,True,,2025-10-07T00:00:00
R003896,Student_045,ASM004,Q0093,varies,True,,2025-10-07T00:00:00
R003897,Student_045,ASM004,Q0121,varies,True,,2025-10-07T00:00:00
R003898,Student_045,ASM004,Q0049,incorrect_careless,False,careless,2025-10-07T00:00:00
R003899,Student_045,ASM004,Q0077,varies,True,,2025-10-07T00:00:00
R003900,Student_045,ASM004,Q0062,varies,True,,2025-10-07T00:00:00
R003901,Student_046,ASM004,Q0034,incorrect_conceptual,False,conceptual,2025-10-07T00:00:00
R003902,Student_046,ASM004,Q0083,incorrect_careless,False,careless,2025-10-07T00:00:00
R003903,Student_046,ASM004,Q0167,varies,True,,2025-10-07T00:00:00
R003904,Student_046,ASM004,Q0142,varies,True,,2025-10-07T00:00:00
R003905,Student_046,ASM004,Q0048,varies,True,,2025-10-07T00:00:00
R003906,Student_046,ASM004,Q0012,varies,True,,2025-10-07T00:00:00
R003907,Student_046,ASM004,Q0002,varies,True,,2025-10-07T00:00:00
R003908,Student_046,ASM004,Q0129,incorrect_area_perimeter_confusion,False,area_perimeter_confusion,2025-10-07T00:00:00
R003909,Student_046,ASM004,Q0120,incorrect_conceptual,False,conceptual,2025-10-07T00:00:00
R003910,Student_046,ASM004,Q0113,varies,True,,2025-10-07T00:00:00
R003911,Student_046,ASM004,Q0103,varies,True,,2025-10-07T00:00:00
R003912,Student_046,ASM004,Q0181,incorrect_careless,False,careless,2025-10-07T00:00:00
R003913,Student_046,ASM004,Q0035,incorrect_simplification,False,simplification,2025-10-07T00:00:00
R003914,Student_046,ASM004,Q0109,varies,True,,2025-10-07T00:00:00
R003915,Student_046,ASM004,Q0085,varies,True,,2025-10-07T00:00:00
R003916,Student_046,ASM004,Q0093,varies,True,,2025-10-07T00:00:00
R003917,Student_046,ASM004,Q0121,varies,True,,2025-10-07T00:00:00
R003918,Student_046,ASM004,Q0049,incorrect_arithmetic,False,arithmetic,2025-10-07T00:00:00
R003919,Student_046,ASM004,Q0077,incorrect_conceptual,False,conceptual,2025-10-07T00:00:00
R003920,Student_046,ASM004,Q0062,incorrect_decimal_placement,False,decimal_placement,2025-10-07T00:00:00
R003921,Student_047,ASM004,Q0034,varies,True,,2025-10-07T00:00:00
R003922,Student_047,ASM004,Q0083,varies,True,,2025-10-07T00:00:00
R003923,Student_047,ASM004,Q0167,varies,True,,2025-10-07T00:00:00
R003924,Student_047,ASM004,Q0142,varies,True,,2025-10-07T00:00:00
R003925,Student_047,ASM004,Q0048,varies,True,,2025-10-07T00:00:00
R003926,Student_047,ASM004,Q0012,varies,True,,2025-10-07T00:00:00
R003927,Student_047,ASM004,Q0002,varies,True,,2025-10-07T00:00:00
R003928,Student_047,ASM004,Q0129,varies,True,,2025-10-07T00:00:00
R003929,Student_047,ASM004,Q0120,varies,True,,2025-10-07T00:00:00
R003930,Student_047,ASM004,Q0113,varies,True,,2025-10-07T00:00:00
R003931,Student_047,ASM004,Q0103,varies,True,,2025-10-07T00:00:00
R003932,Student_047,ASM004,Q0181,varies,True,,2025-10-07T00:00:00
R003933,Student_047,ASM004,Q0035,varies,True,,2025-10-07T00:00:00
R003934,Student_047,ASM004,Q0109,varies,True,,2025-10-07T00:00:00
R003935,Student_047,ASM004,Q0085,varies,True,,2025-10-07T00:00:00
R003936,Student_047,ASM004,Q0093,varies,True,,2025-10-07T00:00:00
R003937,Student_047,ASM004,Q0121,varies,True,,2025-10-07T00:00:00
R003938,Student_047,ASM004,Q0049,varies,True,,2025-10-07T00:00:00
R003939,Student_047,ASM004,Q0077,varies,True,,2025-10-07T00:00:00
R003940,Student_047,ASM004,Q0062,varies,True,,2025-10-07T00:00:00
R003941,Student_048,ASM004,Q0034,varies,True,,2025-10-07T00:00:00
R003942,Student_048,ASM004,Q0083,varies,True,,2025-10-07T00:00:00
R003943,Student_048,ASM004,Q0167,varies,True,,2025-10-07T00:00:00
R003944,Student_048,ASM004,Q0142,incorrect_conceptual,False,conceptual,2025-10-07T00:00:00
R003945,Student_048,ASM004,Q0048,varies,True,,2025-10-07T00:00:00
R003946,Student_048,ASM004,Q0012,varies,True,,2025-10-07T00:00:00
R003947,Student_048,ASM004,Q0002,varies,True,,2025-10-07T00:00:00
R003948,Student_048,ASM004,Q0129,varies,True,,2025-10-07T00:00:00
R003949,Student_048,ASM004,Q0120,varies,True,,2025-10-07T00:00:00
R003950,Student_048,ASM004,Q0113,varies,True,,2025-10-07T00:00:00
R003951,Student_048,ASM004,Q0103,varies,True,,2025-10-07T00:00:00
R003952,Student_048,ASM004,Q0181,varies,True,,2025-10-07T00:00:00
R003953,Student_048,ASM004,Q0035,incorrect_simplification,False,simplification,2025-10-07T00:00:00
R003954,Student_048,ASM004,Q0109,varies,True,,2025-10-07T00:00:00
R003955,Student_048,ASM004,Q0085,varies,True,,2025-10-07T00:00:00
R003956,Student_048,ASM004,Q0093,varies,True,,2025-10-07T00:00:00
R003957,Student_048,ASM004,Q0121,varies,True,,2025-10-07T00:00:00
R003958,Student_048,ASM004,Q0049,varies,True,,2025-10-07T00:00:00
R003959,Student_048,ASM004,Q0077,varies,True,,2025-10-07T00:00:00
R003960,Student_048,ASM004,Q0062,varies,True,,2025-10-07T00:00:00
R003961,Student_049,ASM004,Q0034,varies,True,,2025-10-07T00:00:00
R003962,Student_049,ASM004,Q0083,incorrect_formula_selection,False,formula_selection,2025-10-07T00:00:00
R003963,Student_049,ASM004,Q0167,varies,True,,2025-10-07T00:00:00
R003964,Student_049,ASM004,Q0142,varies,True,,2025-10-07T00:00:00
R003965,Student_049,ASM004,Q0048,varies,True,,2025-10-07T00:00:00
R003966,Student_049,ASM004,Q0012,incorrect_denominator_handling,False,denominator_handling,2025-10-07T00:00:00
R003967,Student_049,ASM004,Q0002,varies,True,,2025-10-07T00:00:00
R003968,Student_049,ASM004,Q0129,incorrect_unit_conversion,False,unit_conversion,2025-10-07T00:00:00
R003969,Student_049,ASM004,Q0120,varies,True,,2025-10-07T00:00:00
R003970,Student_049,ASM004,Q0113,varies,True,,2025-10-07T00:00:00
R003971,Student_049,ASM004,Q0103,incorrect_formula_selection,False,formula_selection,2025-10-07T00:00:00
R003972,Student_049,ASM004,Q0181,varies,True,,2025-10-07T00:00:00
R003973,Student_049,ASM004,Q0035,varies,True,,2025-10-07T00:00:00
R003974,Student_049,ASM004,Q0109,varies,True,,2025-10-07T00:00:00
R003975,Student_049,ASM004,Q0085,varies,True,,2025-10-07T00:00:00
R003976,Student_049,ASM004,Q0093,incorrect_conceptual,False,conceptual,2025-10-07T00:00:00
R003977,Student_049,ASM004,Q0121,varies,True,,2025-10-07T00:00:00
R003978,Student_049,ASM004,Q0049,varies,True,,2025-10-07T00:00:00
R003979,Student_049,ASM004,Q0077,varies,True,,2025-10-07T00:00:00
R003980,Student_049,ASM004,Q0062,varies,True,,2025-10-07T00:00:00
R003981,Student_050,ASM004,Q0034,varies,True,,2025-10-07T00:00:00
R003982,Student_050,ASM004,Q0083,varies,True,,2025-10-07T00:00:00
R003983,Student_050,ASM004,Q0167,varies,True,,2025-10-07T00:00:00
R003984,Student_050,ASM004,Q0142,incorrect_arithmetic,False,arithmetic,2025-10-07T00:00:00
R003985,Student_050,ASM004,Q0048,varies,True,,2025-10-07T00:00:00
R003986,Student_050,ASM004,Q0012,varies,True,,2025-10-07T00:00:00
R003987,Student_050,ASM004,Q0002,varies,True,,2025-10-07T00:00:00
R003988,Student_050,ASM004,Q0129,incorrect_arithmetic,False,arithmetic,2025-10-07T00:00:00
R003989,Student_050,ASM004,Q0120,incorrect_conceptual,False,conceptual,2025-10-07T00:00:00
R003990,Student_050,ASM004,Q0113,varies,True,,2025-10-07T00:00:00
R003991,Student_050,ASM004,Q0103,varies,True,,2025-10-07T00:00:00
R003992,Student_050,ASM004,Q0181,varies,True,,2025-10-07T00:00:00
R003993,Student_050,ASM004,Q0035,incorrect_simplification,False,simplification,2025-10-07T00:00:00
R003994,Student_050,ASM004,Q0109,varies,True,,2025-10-07T00:00:00
R003995,Student_050,ASM004,Q0085,varies,True,,2025-10-07T00:00:00
R003996,Student_050,ASM004,Q0093,varies,True,,2025-10-07T00:00:00
R003997,Student_050,ASM004,Q0121,incorrect_careless,False,careless,2025-10-07T00:00:00
R003998,Student_050,ASM004,Q0049,varies,True,,2025-10-07T00:00:00
R003999,Student_050,ASM004,Q0077,varies,True,,2025-10-07T00:00:00
R004000,Student_050,ASM004,Q0062,varies,True,,2025-10-07T00:00:00
R004001,Student_001,ASM005,Q0026,varies,True,,2025-10-28T00:00:00
R004002,Student_001,ASM005,Q0007,varies,True,,2025-10-28T00:00:00
R004003,Student_001,ASM005,Q0094,varies,True,,2025-10-28T00:00:00
R004004,Student_001,ASM005,Q0121,varies,True,,2025-10-28T00:00:00
R004005,Student_001,ASM005,Q0174,varies,True,,2025-10-28T00:00:00
R004006,Student_001,ASM005,Q0172,varies,True,,2025-10-28T00:00:00
R004007,Student_001,ASM005,Q0120,varies,True,,2025-10-28T00:00:00
R004008,Student_001,ASM005,Q0090,varies,True,,2025-10-28T00:00:00
R004009,Student_001,ASM005,Q0180,varies,True,,2025-10-28T00:00:00
R004010,Student_001,ASM005,Q0004,varies,True,,2025-10-28T00:00:00
R004011,Student_001,ASM005,Q0055,varies,True,,2025-10-28T00:00:00
R004012,Student_001,ASM005,Q0116,varies,True,,2025-10-28T00:00:00
R004013,Student_001,ASM005,Q0029,varies,True,,2025-10-28T00:00:00
R004014,Student_001,ASM005,Q0040,varies,True,,2025-10-28T00:00:00
R004015,Student_001,ASM005,Q0178,varies,True,,2025-10-28T00:00:00
R004016,Student_001,ASM005,Q0056,incorrect_arithmetic,False,arithmetic,2025-10-28T00:00:00
R004017,Student_001,ASM005,Q0112,varies,True,,2025-10-28T00:00:00
R004018,Student_001,ASM005,Q0027,incorrect_denominator_handling,False,denominator_handling,2025-10-28T00:00:00
R004019,Student_001,ASM005,Q0022,varies,True,,2025-10-28T00:00:00
R004020,Student_001,ASM005,Q0018,varies,True,,2025-10-28T00:00:00
R004021,Student_002,ASM005,Q0026,varies,True,,2025-10-28T00:00:00
R004022,Student_002,ASM005,Q0007,varies,True,,2025-10-28T00:00:00
R004023,Student_002,ASM005,Q0094,varies,True,,2025-10-28T00:00:00
R004024,Student_002,ASM005,Q0121,varies,True,,2025-10-28T00:00:00
R004025,Student_002,ASM005,Q0174,incorrect_careless,False,careless,2025-10-28T00:00:00
R004026,Student_002,ASM005,Q0172,varies,True,,2025-10-28T00:00:00
R004027,Student_002,ASM005,Q0120,varies,True,,2025-10-28T00:00:00
R004028,Student_002,ASM005,Q0090,incorrect_conceptual,False,conceptual,2025-10-28T00:00:00
R004029,Student_002,ASM005,Q0180,incorrect_careless,False,careless,2025-10-28T00:00:00
R004030,Student_002,ASM005,Q0004,varies,True,,2025-10-28T00:00:00
R004031,Student_002,ASM005,Q0055,varies,True,,2025-10-28T00:00:00
R004032,Student_002,ASM005,Q0116,varies,True,,2025-10-28T00:00:00
R004033,Student_002,ASM005,Q0029,varies,True,,2025-10-28T00:00:00
R004034,Student_002,ASM005,Q0040,varies,True,,2025-10-28T00:00:00
R004035,Student_002,ASM005,Q0178,varies,True,,2025-10-28T00:00:00
R004036,Student_002,ASM005,Q0056,varies,True,,2025-10-28T00:00:00
R004037,Student_002,ASM005,Q0112,varies,True,,2025-10-28T00:00:00
R004038,Student_002,ASM005,Q0027,varies,True,,2025-10-28T00:00:00
R004039,Student_002,ASM005,Q0022,varies,True,,2025-10-28T00:00:00
R004040,Student_002,ASM005,Q0018,varies,True,,2025-10-28T00:00:00
R004041,Student_003,ASM005,Q0026,incorrect_denominator_handling,False,denominator_handling,2025-10-28T00:00:00
R004042,Student_003,ASM005,Q0007,varies,True,,2025-10-28T00:00:00
R004043,Student_003,ASM005,Q0094,varies,True,,2025-10-28T00:00:00
R004044,Student_003,ASM005,Q0121,varies,True,,2025-10-28T00:00:00
R004045,Student_003,ASM005,Q0174,varies,True,,2025-10-28T00:00:00
R004046,Student_003,ASM005,Q0172,varies,True,,2025-10-28T00:00:00
R004047,Student_003,ASM005,Q0120,varies,True,,2025-10-28T00:00:00
R004048,Student_003,ASM005,Q0090,varies,True,,2025-10-28T00:00:00
R004049,Student_003,ASM005,Q0180,varies,True,,2025-10-28T00:00:00
R004050,Student_003,ASM005,Q0004,varies,True,,2025-10-28T00:00:00
R004051,Student_003,ASM005,Q0055,varies,True,,2025-10-28T00:00:00
R004052,Student_003,ASM005,Q0116,varies,True,,2025-10-28T00:00:00
R004053,Student_003,ASM005,Q0029,varies,True,,2025-10-28T00:00:00
R004054,Student_003,ASM005,Q0040,varies,True,,2025-10-28T00:00:00
R004055,Student_003,ASM005,Q0178,varies,True,,2025-10-28T00:00:00
R004056,Student_003,ASM005,Q0056,varies,True,,2025-10-28T00:00:00
R004057,Student_003,ASM005,Q0112,varies,True,,2025-10-28T00:00:00
R004058,Student_003,ASM005,Q0027,incorrect_careless,False,careless,2025-10-28T00:00:00
R004059,Student_003,ASM005,Q0022,varies,True,,2025-10-28T00:00:00
R004060,Student_003,ASM005,Q0018,varies,True,,2025-10-28T00:00:00
R004061,Student_004,ASM005,Q0026,incorrect_arithmetic,False,arithmetic,2025-10-28T00:00:00
R004062,Student_004,ASM005,Q0007,varies,True,,2025-10-28T00:00:00
R004063,Student_004,ASM005,Q0094,incorrect_arithmetic,False,arithmetic,2025-10-28T00:00:00
R004064,Student_004,ASM005,Q0121,incorrect_conceptual,False,conceptual,2025-10-28T00:00:00
R004065,Student_004,ASM005,Q0174,varies,True,,2025-10-28T00:00:00
R004066,Student_004,ASM005,Q0172,varies,True,,2025-10-28T00:00:00
R004067,Student_004,ASM005,Q0120,varies,True,,2025-10-28T00:00:00
R004068,Student_004,ASM005,Q0090,varies,True,,2025-10-28T00:00:00
R004069,Student_004,ASM005,Q0180,varies,True,,2025-10-28T00:00:00
R004070,Student_004,ASM005,Q0004,incorrect_denominator_handling,False,denominator_handling,2025-10-28T00:00:00
R004071,Student_004,ASM005,Q0055,varies,True,,2025-10-28T00:00:00
R004072,Student_004,ASM005,Q0116,varies,True,,2025-10-28T00:00:00
R004073,Student_004,ASM005,Q0029,varies,True,,2025-10-28T00:00:00
R004074,Student_004,ASM005,Q0040,varies,True,,2025-10-28T00:00:00
R004075,Student_004,ASM005,Q0178,varies,True,,2025-10-28T00:00:00
R004076,Student_004,ASM005,Q0056,varies,True,,2025-10-28T00:00:00
R004077,Student_004,ASM005,Q0112,varies,True,,2025-10-28T00:00:00
R004078,Student_004,ASM005,Q0027,incorrect_denominator_handling,False,denominator_handling,2025-10-28T00:00:00
R004079,Student_004,ASM005,Q0022,varies,True,,2025-10-28T00:00:00
R004080,Student_004,ASM005,Q0018,incorrect_simplification,False,simplification,2025-10-28T00:00:00
R004081,Student_005,ASM005,Q0026,varies,True,,2025-10-28T00:00:00
R004082,Student_005,ASM005,Q0007,varies,True,,2025-10-28T00:00:00
R004083,Student_005,ASM005,Q0094,varies,True,,2025-10-28T00:00:00
R004084,Student_005,ASM005,Q0121,varies,True,,2025-10-28T00:00:00
R004085,Student_005,ASM005,Q0174,varies,True,,2025-10-28T00:00:00
R004086,Student_005,ASM005,Q0172,varies,True,,2025-10-28T00:00:00
R004087,Student_005,ASM005,Q0120,varies,True,,2025-10-28T00:00:00
R004088,Student_005,ASM005,Q0090,varies,True,,2025-10-28T00:00:00
R004089,Student_005,ASM005,Q0180,varies,True,,2025-10-28T00:00:00
R004090,Student_005,ASM005,Q0004,varies,True,,2025-10-28T00:00:00
R004091,Student_005,ASM005,Q0055,varies,True,,2025-10-28T00:00:00
R004092,Student_005,ASM005,Q0116,varies,True,,2025-10-28T00:00:00
R004093,Student_005,ASM005,Q0029,varies,True,,2025-10-28T00:00:00
R004094,Student_005,ASM005,Q0040,varies,True,,2025-10-28T00:00:00
R004095,Student_005,ASM005,Q0178,varies,True,,2025-10-28T00:00:00
R004096,Student_005,ASM005,Q0056,varies,True,,2025-10-28T00:00:00
R004097,Student_005,ASM005,Q0112,varies,True,,2025-10-28T00:00:00
R004098,Student_005,ASM005,Q0027,varies,True,,2025-10-28T00:00:00
R004099,Student_005,ASM005,Q0022,incorrect_denominator_handling,False,denominator_handling,2025-10-28T00:00:00
R004100,Student_005,ASM005,Q0018,varies,True,,2025-10-28T00:00:00
R004101,Student_006,ASM005,Q0026,incorrect_simplification,False,simplification,2025-10-28T00:00:00
R004102,Student_006,ASM005,Q0007,incorrect_denominator_handling,False,denominator_handling,2025-10-28T00:00:00
R004103,Student_006,ASM005,Q0094,varies,True,,2025-10-28T00:00:00
R004104,Student_006,ASM005,Q0121,varies,True,,2025-10-28T00:00:00
R004105,Student_006,ASM005,Q0174,varies,True,,2025-10-28T00:00:00
R004106,Student_006,ASM005,Q0172,varies,True,,2025-10-28T00:00:00
R004107,Student_006,ASM005,Q0120,varies,True,,2025-10-28T00:00:00
R004108,Student_006,ASM005,Q0090,varies,True,,2025-10-28T00:00:00
R004109,Student_006,ASM005,Q0180,varies,True,,2025-10-28T00:00:00
R004110,Student_006,ASM005,Q0004,varies,True,,2025-10-28T00:00:00
R004111,Student_006,ASM005,Q0055,varies,True,,2025-10-28T00:00:00
R004112,Student_006,ASM005,Q0116,varies,True,,2025-10-28T00:00:00
R004113,Student_006,ASM005,Q0029,varies,True,,2025-10-28T00:00:00
R004114,Student_006,ASM005,Q0040,varies,True,,2025-10-28T00:00:00
R004115,Student_006,ASM005,Q0178,incorrect_conceptual,False,conceptual,2025-10-28T00:00:00
R004116,Student_006,ASM005,Q0056,varies,True,,2025-10-28T00:00:00
R004117,Student_006,ASM005,Q0112,varies,True,,2025-10-28T00:00:00
R004118,Student_006,ASM005,Q0027,incorrect_simplification,False,simplification,2025-10-28T00:00:00
R004119,Student_006,ASM005,Q0022,incorrect_simplification,False,simplification,2025-10-28T00:00:00
R004120,Student_006,ASM005,Q0018,varies,True,,2025-10-28T00:00:00
R004121,Student_007,ASM005,Q0026,varies,True,,2025-10-28T00:00:00
R004122,Student_007,ASM005,Q0007,varies,True,,2025-10-28T00:00:00
R004123,Student_007,ASM005,Q0094,incorrect_sign_error,False,sign_error,2025-10-28T00:00:00
R004124,Student_007,ASM005,Q0121,varies,True,,2025-10-28T00:00:00
R004125,Student_007,ASM005,Q0174,varies,True,,2025-10-28T00:00:00
R004126,Student_007,ASM005,Q0172,varies,True,,2025-10-28T00:00:00
R004127,Student_007,ASM005,Q0120,varies,True,,2025-10-28T00:00:00
R004128,Student_007,ASM005,Q0090,incorrect_sign_error,False,sign_error,2025-10-28T00:00:00
R004129,Student_007,ASM005,Q0180,varies,True,,2025-10-28T00:00:00
R004130,Student_007,ASM005,Q0004,incorrect_denominator_handling,False,denominator_handling,2025-10-28T00:00:00
R004131,Student_007,ASM005,Q0055,varies,True,,2025-10-28T00:00:00
R004132,Student_007,ASM005,Q0116,incorrect_conceptual,False,conceptual,2025-10-28T00:00:00
R004133,Student_007,ASM005,Q0029,varies,True,,2025-10-28T00:00:00
R004134,Student_007,ASM005,Q0040,varies,True,,2025-10-28T00:00:00
R004135,Student_007,ASM005,Q0178,incorrect_conceptual,False,conceptual,2025-10-28T00:00:00
R004136,Student_007,ASM005,Q0056,varies,True,,2025-10-28T00:00:00
R004137,Student_007,ASM005,Q0112,varies,True,,2025-10-28T00:00:00
R004138,Student_007,ASM005,Q0027,varies,True,,2025-10-28T00:00:00
R004139,Student_007,ASM005,Q0022,incorrect_arithmetic,False,arithmetic,2025-10-28T00:00:00
R004140,Student_007,ASM005,Q0018,varies,True,,2025-10-28T00:00:00
R004141,Student_008,ASM005,Q0026,varies,True,,2025-10-28T00:00:00
R004142,Student_008,ASM005,Q0007,incorrect_denominator_handling,False,denominator_handling,2025-10-28T00:00:00
R004143,Student_008,ASM005,Q0094,incorrect_sign_error,False,sign_error,2025-10-28T00:00:00
R004144,Student_008,ASM005,Q0121,incorrect_arithmetic,False,arithmetic,2025-10-28T00:00:00
R004145,Student_008,ASM005,Q0174,varies,True,,2025-10-28T00:00:00
R004146,Student_008,ASM005,Q0172,varies,True,,2025-10-28T00:00:00
R004147,Student_008,ASM005,Q0120,varies,True,,2025-10-28T00:00:00
R004148,Student_008,ASM005,Q0090,varies,True,,2025-10-28T00:00:00
R004149,Student_008,ASM005,Q0180,varies,True,,2025-10-28T00:00:00
R004150,Student_008,ASM005,Q0004,varies,True,,2025-10-28T00:00:00
R004151,Student_008,ASM005,Q0055,varies,True,,2025-10-28T00:00:00
R004152,Student_008,ASM005,Q0116,varies,True,,2025-10-28T00:00:00
R004153,Student_008,ASM005,Q0029,varies,True,,2025-10-28T00:00:00
R004154,Student_008,ASM005,Q0040,varies,True,,2025-10-28T00:00:00
R004155,Student_008,ASM005,Q0178,varies,True,,2025-10-28T00:00:00
R004156,Student_008,ASM005,Q0056,varies,True,,2025-10-28T00:00:00
R004157,Student_008,ASM005,Q0112,varies,True,,2025-10-28T00:00:00
R004158,Student_008,ASM005,Q0027,incorrect_arithmetic,False,arithmetic,2025-10-28T00:00:00
R004159,Student_008,ASM005,Q0022,varies,True,,2025-10-28T00:00:00
R004160,Student_008,ASM005,Q0018,varies,True,,2025-10-28T00:00:00
R004161,Student_009,ASM005,Q0026,varies,True,,2025-10-28T00:00:00
R004162,Student_009,ASM005,Q0007,varies,True,,2025-10-28T00:00:00
R004163,Student_009,ASM005,Q0094,varies,True,,2025-10-28T00:00:00
R004164,Student_009,ASM005,Q0121,varies,True,,2025-10-28T00:00:00
R004165,Student_009,ASM005,Q0174,varies,True,,2025-10-28T00:00:00
R004166,Student_009,ASM005,Q0172,varies,True,,2025-10-28T00:00:00
R004167,Student_009,ASM005,Q0120,incorrect_conceptual,False,conceptual,2025-10-28T00:00:00
R004168,Student_009,ASM005,Q0090,varies,True,,2025-10-28T00:00:00
R004169,Student_009,ASM005,Q0180,varies,True,,2025-10-28T00:00:00
R004170,Student_009,ASM005,Q0004,varies,True,,2025-10-28T00:00:00
R004171,Student_009,ASM005,Q0055,incorrect_arithmetic,False,arithmetic,2025-10-28T00:00:00
R004172,Student_009,ASM005,Q0116,varies,True,,2025-10-28T00:00:00
R004173,Student_009,ASM005,Q0029,varies,True,,2025-10-28T00:00:00
R004174,Student_009,ASM005,Q0040,varies,True,,2025-10-28T00:00:00
R004175,Student_009,ASM005,Q0178,varies,True,,2025-10-28T00:00:00
R004176,Student_009,ASM005,Q0056,varies,True,,2025-10-28T00:00:00
R004177,Student_009,ASM005,Q0112,varies,True,,2025-10-28T00:00:00
R004178,Student_009,ASM005,Q0027,varies,True,,2025-10-28T00:00:00
R004179,Student_009,ASM005,Q0022,varies,True,,2025-10-28T00:00:00
R004180,Student_009,ASM005,Q0018,varies,True,,2025-10-28T00:00:00
R004181,Student_010,ASM005,Q0026,varies,True,,2025-10-28T00:00:00
R004182,Student_010,ASM005,Q0007,incorrect_denominator_handling,False,denominator_handling,2025-10-28T00:00:00
R004183,Student_010,ASM005,Q0094,incorrect_arithmetic,False,arithmetic,2025-10-28T00:00:00
R004184,Student_010,ASM005,Q0121,varies,True,,2025-10-28T00:00:00
R004185,Student_010,ASM005,Q0174,varies,True,,2025-10-28T00:00:00
R004186,Student_010,ASM005,Q0172,varies,True,,2025-10-28T00:00:00
R004187,Student_010,ASM005,Q0120,incorrect_arithmetic,False,arithmetic,2025-10-28T00:00:00
R004188,Student_010,ASM005,Q0090,varies,True,,2025-10-28T00:00:00
R004189,Student_010,ASM005,Q0180,incorrect_careless,False,careless,2025-10-28T00:00:00
R004190,Student_010,ASM005,Q0004,incorrect_denominator_handling,False,denominator_handling,2025-10-28T00:00:00
R004191,Student_010,ASM005,Q0055,varies,True,,2025-10-28T00:00:00
R004192,Student_010,ASM005,Q0116,incorrect_arithmetic,False,arithmetic,2025-10-28T00:00:00
R004193,Student_010,ASM005,Q0029,incorrect_denominator_handling,False,denominator_handling,2025-10-28T00:00:00
R004194,Student_010,ASM005,Q0040,incorrect_conceptual,False,conceptual,2025-10-28T00:00:00
R004195,Student_010,ASM005,Q0178,varies,True,,2025-10-28T00:00:00
R004196,Student_010,ASM005,Q0056,varies,True,,2025-10-28T00:00:00
R004197,Student_010,ASM005,Q0112,incorrect_conceptual,False,conceptual,2025-10-28T00:00:00
R004198,Student_010,ASM005,Q0027,incorrect_careless,False,careless,2025-10-28T00:00:00
R004199,Student_010,ASM005,Q0022,varies,True,,2025-10-28T00:00:00
R004200,Student_010,ASM005,Q0018,incorrect_denominator_handling,False,denominator_handling,2025-10-28T00:00:00
R004201,Student_011,ASM005,Q0026,varies,True,,2025-10-28T00:00:00
R004202,Student_011,ASM005,Q0007,varies,True,,2025-10-28T00:00:00
R004203,Student_011,ASM005,Q0094,varies,True,,2025-10-28T00:00:00
R004204,Student_011,ASM005,Q0121,varies,True,,2025-10-28T00:00:00
R004205,Student_011,ASM005,Q0174,varies,True,,2025-10-28T00:00:00
R004206,Student_011,ASM005,Q0172,varies,True,,2025-10-28T00:00:00
R004207,Student_011,ASM005,Q0120,varies,True,,2025-10-28T00:00:00
R004208,Student_011,ASM005,Q0090,varies,True,,2025-10-28T00:00:00
R004209,Student_011,ASM005,Q0180,varies,True,,2025-10-28T00:00:00
R004210,Student_011,ASM005,Q0004,varies,True,,2025-10-28T00:00:00
R004211,Student_011,ASM005,Q0055,varies,True,,2025-10-28T00:00:00
R004212,Student_011,ASM005,Q0116,varies,True,,2025-10-28T00:00:00
R004213,Student_011,ASM005,Q0029,varies,True,,2025-10-28T00:00:00
R004214,Student_011,ASM005,Q0040,varies,True,,2025-10-28T00:00:00
R004215,Student_011,ASM005,Q0178,varies,True,,2025-10-28T00:00:00
R004216,Student_011,ASM005,Q0056,varies,True,,2025-10-28T00:00:00
R004217,Student_011,ASM005,Q0112,varies,True,,2025-10-28T00:00:00
R004218,Student_011,ASM005,Q0027,varies,True,,2025-10-28T00:00:00
R004219,Student_011,ASM005,Q0022,varies,True,,2025-10-28T00:00:00
R004220,Student_011,ASM005,Q0018,varies,True,,2025-10-28T00:00:00
R004221,Student_012,ASM005,Q0026,incorrect_simplification,False,simplification,2025-10-28T00:00:00
R004222,Student_012,ASM005,Q0007,varies,True,,2025-10-28T00:00:00
R004223,Student_012,ASM005,Q0094,incorrect_sign_error,False,sign_error,2025-10-28T00:00:00
R004224,Student_012,ASM005,Q0121,varies,True,,2025-10-28T00:00:00
R004225,Student_012,ASM005,Q0174,varies,True,,2025-10-28T00:00:00
R004226,Student_012,ASM005,Q0172,varies,True,,2025-10-28T00:00:00
R004227,Student_012,ASM005,Q0120,varies,True,,2025-10-28T00:00:00
R004228,Student_012,ASM005,Q0090,varies,True,,2025-10-28T00:00:00
R004229,Student_012,ASM005,Q0180,varies,True,,2025-10-28T00:00:00
R004230,Student_012,ASM005,Q0004,varies,True,,2025-10-28T00:00:00
R004231,Student_012,ASM005,Q0055,varies,True,,2025-10-28T00:00:00
R004232,Student_012,ASM005,Q0116,varies,True,,2025-10-28T00:00:00
R004233,Student_012,ASM005,Q0029,varies,True,,2025-10-28T00:00:00
R004234,Student_012,ASM005,Q0040,varies,True,,2025-10-28T00:00:00
R004235,Student_012,ASM005,Q0178,varies,True,,2025-10-28T00:00:00
R004236,Student_012,ASM005,Q0056,varies,True,,2025-10-28T00:00:00
R004237,Student_012,ASM005,Q0112,varies,True,,2025-10-28T00:00:00
R004238,Student_012,ASM005,Q0027,varies,True,,2025-10-28T00:00:00
R004239,Student_012,ASM005,Q0022,incorrect_denominator_handling,False,denominator_handling,2025-10-28T00:00:00
R004240,Student_012,ASM005,Q0018,incorrect_simplification,False,simplification,2025-10-28T00:00:00
R004241,Student_013,ASM005,Q0026,varies,True,,2025-10-28T00:00:00
R004242,Student_013,ASM005,Q0007,varies,True,,2025-10-28T00:00:00
R004243,Student_013,ASM005,Q0094,varies,True,,2025-10-28T00:00:00
R004244,Student_013,ASM005,Q0121,varies,True,,2025-10-28T00:00:00
R004245,Student_013,ASM005,Q0174,incorrect_careless,False,careless,2025-10-28T00:00:00
R004246,Student_013,ASM005,Q0172,varies,True,,2025-10-28T00:00:00
R004247,Student_013,ASM005,Q0120,incorrect_conceptual,False,conceptual,2025-10-28T00:00:00
R004248,Student_013,ASM005,Q0090,varies,True,,2025-10-28T00:00:00
R004249,Student_013,ASM005,Q0180,varies,True,,2025-10-28T00:00:00
R004250,Student_013,ASM005,Q0004,varies,True,,2025-10-28T00:00:00
R004251,Student_013,ASM005,Q0055,varies,True,,2025-10-28T00:00:00
R004252,Student_013,ASM005,Q0116,varies,True,,2025-10-28T00:00:00
R004253,Student_013,ASM005,Q0029,varies,True,,2025-10-28T00:00:00
R004254,Student_013,ASM005,Q0040,varies,True,,2025-10-28T00:00:00
R004255,Student_013,ASM005,Q0178,varies,True,,2025-10-28T00:00:00
R004256,Student_013,ASM005,Q0056,varies,True,,2025-10-28T00:00:00
R004257,Student_013,ASM005,Q0112,varies,True,,2025-10-28T00:00:00
R004258,Student_013,ASM005,Q0027,varies,True,,2025-10-28T00:00:00
R004259,Student_013,ASM005,Q0022,varies,True,,2025-10-28T00:00:00
R004260,Student_013,ASM005,Q0018,varies,True,,2025-10-28T00:00:00
R004261,Student_014,ASM005,Q0026,varies,True,,2025-10-28T00:00:00
R004262,Student_014,ASM005,Q0007,varies,True,,2025-10-28T00:00:00
R004263,Student_014,ASM005,Q0094,varies,True,,2025-10-28T00:00:00
R004264,Student_014,ASM005,Q0121,varies,True,,2025-10-28T00:00:00
R004265,Student_014,ASM005,Q0174,varies,True,,2025-10-28T00:00:00
R004266,Student_014,ASM005,Q0172,varies,True,,2025-10-28T00:00:00
R004267,Student_014,ASM005,Q0120,varies,True,,2025-10-28T00:00:00
R004268,Student_014,ASM005,Q0090,varies,True,,2025-10-28T00:00:00
R004269,Student_014,ASM005,Q0180,varies,True,,2025-10-28T00:00:00
R004270,Student_014,ASM005,Q0004,varies,True,,2025-10-28T00:00:00
R004271,Student_014,ASM005,Q0055,incorrect_decimal_placement,False,decimal_placement,2025-10-28T00:00:00
R004272,Student_014,ASM005,Q0116,varies,True,,2025-10-28T00:00:00
R004273,Student_014,ASM005,Q0029,varies,True,,2025-10-28T00:00:00
R004274,Student_014,ASM005,Q0040,varies,True,,2025-10-28T00:00:00
R004275,Student_014,ASM005,Q0178,incorrect_conceptual,False,conceptual,2025-10-28T00:00:00
R004276,Student_014,ASM005,Q0056,varies,True,,2025-10-28T00:00:00
R004277,Student_014,ASM005,Q0112,varies,True,,2025-10-28T00:00:00
R004278,Student_014,ASM005,Q0027,varies,True,,2025-10-28T00:00:00
R004279,Student_014,ASM005,Q0022,varies,True,,2025-10-28T00:00:00
R004280,Student_014,ASM005,Q0018,varies,True,,2025-10-28T00:00:00
R004281,Student_015,ASM005,Q0026,varies,True,,2025-10-28T00:00:00
R004282,Student_015,ASM005,Q0007,varies,True,,2025-10-28T00:00:00
R004283,Student_015,ASM005,Q0094,varies,True,,2025-10-28T00:00:00
R004284,Student_015,ASM005,Q0121,varies,True,,2025-10-28T00:00:00
R004285,Student_015,ASM005,Q0174,varies,True,,2025-10-28T00:00:00
R004286,Student_015,ASM005,Q0172,varies,True,,2025-10-28T00:00:00
R004287,Student_015,ASM005,Q0120,varies,True,,2025-10-28T00:00:00
R004288,Student_015,ASM005,Q0090,incorrect_conceptual,False,conceptual,2025-10-28T00:00:00
R004289,Student_015,ASM005,Q0180,varies,True,,2025-10-28T00:00:00
R004290,Student_015,ASM005,Q0004,varies,True,,2025-10-28T00:00:00
R004291,Student_015,ASM005,Q0055,incorrect_decimal_placement,False,decimal_placement,2025-10-28T00:00:00
R004292,Student_015,ASM005,Q0116,varies,True,,2025-10-28T00:00:00
R004293,Student_015,ASM005,Q0029,incorrect_arithmetic,False,arithmetic,2025-10-28T00:00:00
R004294,Student_015,ASM005,Q0040,varies,True,,2025-10-28T00:00:00
R004295,Student_015,ASM005,Q0178,varies,True,,2025-10-28T00:00:00
R004296,Student_015,ASM005,Q0056,varies,True,,2025-10-28T00:00:00
R004297,Student_015,ASM005,Q0112,varies,True,,2025-10-28T00:00:00
R004298,Student_015,ASM005,Q0027,incorrect_careless,False,careless,2025-10-28T00:00:00
R004299,Student_015,ASM005,Q0022,varies,True,,2025-10-28T00:00:00
R004300,Student_015,ASM005,Q0018,varies,True,,2025-10-28T00:00:00
R004301,Student_016,ASM005,Q0026,incorrect_denominator_handling,False,denominator_handling,2025-10-28T00:00:00
R004302,Student_016,ASM005,Q0007,incorrect_denominator_handling,False,denominator_handling,2025-10-28T00:00:00
R004303,Student_016,ASM005,Q0094,varies,True,,2025-10-28T00:00:00
R004304,Student_016,ASM005,Q0121,varies,True,,2025-10-28T00:00:00
R004305,Student_016,ASM005,Q0174,varies,True,,2025-10-28T00:00:00
R004306,Student_016,ASM005,Q0172,varies,True,,2025-10-28T00:00:00
R004307,Student_016,ASM005,Q0120,varies,True,,2025-10-28T00:00:00
R004308,Student_016,ASM005,Q0090,incorrect_formula_selection,False,formula_selection,2025-10-28T00:00:00
R004309,Student_016,ASM005,Q0180,varies,True,,2025-10-28T00:00:00
R004310,Student_016,ASM005,Q0004,varies,True,,2025-10-28T00:00:00
R004311,Student_016,ASM005,Q0055,varies,True,,2025-10-28T00:00:00
R004312,Student_016,ASM005,Q0116,incorrect_careless,False,careless,2025-10-28T00:00:00
R004313,Student_016,ASM005,Q0029,varies,True,,2025-10-28T00:00:00
R004314,Student_016,ASM005,Q0040,varies,True,,2025-10-28T00:00:00
R004315,Student_016,ASM005,Q0178,varies,True,,2025-10-28T00:00:00
R004316,Student_016,ASM005,Q0056,varies,True,,2025-10-28T00:00:00
R004317,Student_016,ASM005,Q0112,incorrect_arithmetic,False,arithmetic,2025-10-28T00:00:00
R004318,Student_016,ASM005,Q0027,incorrect_arithmetic,False,arithmetic,2025-10-28T00:00:00
R004319,Student_016,ASM005,Q0022,varies,True,,2025-10-28T00:00:00
R004320,Student_016,ASM005,Q0018,incorrect_simplification,False,simplification,2025-10-28T00:00:00
R004321,Student_017,ASM005,Q0026,varies,True,,2025-10-28T00:00:00
R004322,Student_017,ASM005,Q0007,varies,True,,2025-10-28T00:00:00
R004323,Student_017,ASM005,Q0094,varies,True,,2025-10-28T00:00:00
R004324,Student_017,ASM005,Q0121,varies,True,,2025-10-28T00:00:00
R004325,Student_017,ASM005,Q0174,varies,True,,2025-10-28T00:00:00
R004326,Student_017,ASM005,Q0172,varies,True,,2025-10-28T00:00:00
R004327,Student_017,ASM005,Q0120,varies,True,,2025-10-28T00:00:00
R004328,Student_017,ASM005,Q0090,varies,True,,2025-10-28T00:00:00
R004329,Student_017,ASM005,Q0180,varies,True,,2025-10-28T00:00:00
R004330,Student_017,ASM005,Q0004,varies,True,,2025-10-28T00:00:00
R004331,Student_017,ASM005,Q0055,varies,True,,2025-10-28T00:00:00
R004332,Student_017,ASM005,Q0116,varies,True,,2025-10-28T00:00:00
R004333,Student_017,ASM005,Q0029,varies,True,,2025-10-28T00:00:00
R004334,Student_017,ASM005,Q0040,varies,True,,2025-10-28T00:00:00
R004335,Student_017,ASM005,Q0178,varies,True,,2025-10-28T00:00:00
R004336,Student_017,ASM005,Q0056,varies,True,,2025-10-28T00:00:00
R004337,Student_017,ASM005,Q0112,varies,True,,2025-10-28T00:00:00
R004338,Student_017,ASM005,Q0027,varies,True,,2025-10-28T00:00:00
R004339,Student_017,ASM005,Q0022,varies,True,,2025-10-28T00:00:00
R004340,Student_017,ASM005,Q0018,varies,True,,2025-10-28T00:00:00
R004341,Student_018,ASM005,Q0026,incorrect_arithmetic,False,arithmetic,2025-10-28T00:00:00
R004342,Student_018,ASM005,Q0007,incorrect_denominator_handling,False,denominator_handling,2025-10-28T00:00:00
R004343,Student_018,ASM005,Q0094,varies,True,,2025-10-28T00:00:00
R004344,Student_018,ASM005,Q0121,incorrect_conceptual,False,conceptual,2025-10-28T00:00:00
R004345,Student_018,ASM005,Q0174,varies,True,,2025-10-28T00:00:00
R004346,Student_018,ASM005,Q0172,varies,True,,2025-10-28T00:00:00
R004347,Student_018,ASM005,Q0120,varies,True,,2025-10-28T00:00:00
R004348,Student_018,ASM005,Q0090,varies,True,,2025-10-28T00:00:00
R004349,Student_018,ASM005,Q0180,varies,True,,2025-10-28T00:00:00
R004350,Student_018,ASM005,Q0004,varies,True,,2025-10-28T00:00:00
R004351,Student_018,ASM005,Q0055,varies,True,,2025-10-28T00:00:00
R004352,Student_018,ASM005,Q0116,varies,True,,2025-10-28T00:00:00
R004353,Student_018,ASM005,Q0029,incorrect_careless,False,careless,2025-10-28T00:00:00
R004354,Student_018,ASM005,Q0040,varies,True,,2025-10-28T00:00:00
R004355,Student_018,ASM005,Q0178,varies,True,,2025-10-28T00:00:00
R004356,Student_018,ASM005,Q0056,varies,True,,2025-10-28T00:00:00
R004357,Student_018,ASM005,Q0112,varies,True,,2025-10-28T00:00:00
R004358,Student_018,ASM005,Q0027,varies,True,,2025-10-28T00:00:00
R004359,Student_018,ASM005,Q0022,varies,True,,2025-10-28T00:00:00
R004360,Student_018,ASM005,Q0018,varies,True,,2025-10-28T00:00:00
R004361,Student_019,ASM005,Q0026,varies,True,,2025-10-28T00:00:00
R004362,Student_019,ASM005,Q0007,varies,True,,2025-10-28T00:00:00
R004363,Student_019,ASM005,Q0094,varies,True,,2025-10-28T00:00:00
R004364,Student_019,ASM005,Q0121,varies,True,,2025-10-28T00:00:00
R004365,Student_019,ASM005,Q0174,varies,True,,2025-10-28T00:00:00
R004366,Student_019,ASM005,Q0172,varies,True,,2025-10-28T00:00:00
R004367,Student_019,ASM005,Q0120,varies,True,,2025-10-28T00:00:00
R004368,Student_019,ASM005,Q0090,varies,True,,2025-10-28T00:00:00
R004369,Student_019,ASM005,Q0180,varies,True,,2025-10-28T00:00:00
R004370,Student_019,ASM005,Q0004,varies,True,,2025-10-28T00:00:00
R004371,Student_019,ASM005,Q0055,varies,True,,2025-10-28T00:00:00
R004372,Student_019,ASM005,Q0116,varies,True,,2025-10-28T00:00:00
R004373,Student_019,ASM005,Q0029,varies,True,,2025-10-28T00:00:00
R004374,Student_019,ASM005,Q0040,varies,True,,2025-10-28T00:00:00
R004375,Student_019,ASM005,Q0178,varies,True,,2025-10-28T00:00:00
R004376,Student_019,ASM005,Q0056,varies,True,,2025-10-28T00:00:00
R004377,Student_019,ASM005,Q0112,varies,True,,2025-10-28T00:00:00
R004378,Student_019,ASM005,Q0027,incorrect_arithmetic,False,arithmetic,2025-10-28T00:00:00
R004379,Student_019,ASM005,Q0022,varies,True,,2025-10-28T00:00:00
R004380,Student_019,ASM005,Q0018,varies,True,,2025-10-28T00:00:00
R004381,Student_020,ASM005,Q0026,varies,True,,2025-10-28T00:00:00
R004382,Student_020,ASM005,Q0007,varies,True,,2025-10-28T00:00:00
R004383,Student_020,ASM005,Q0094,varies,True,,2025-10-28T00:00:00
R004384,Student_020,ASM005,Q0121,incorrect_careless,False,careless,2025-10-28T00:00:00
R004385,Student_020,ASM005,Q0174,varies,True,,2025-10-28T00:00:00
R004386,Student_020,ASM005,Q0172,varies,True,,2025-10-28T00:00:00
R004387,Student_020,ASM005,Q0120,varies,True,,2025-10-28T00:00:00
R004388,Student_020,ASM005,Q0090,varies,True,,2025-10-28T00:00:00
R004389,Student_020,ASM005,Q0180,incorrect_conceptual,False,conceptual,2025-10-28T00:00:00
R004390,Student_020,ASM005,Q0004,varies,True,,2025-10-28T00:00:00
R004391,Student_020,ASM005,Q0055,varies,True,,2025-10-28T00:00:00
R004392,Student_020,ASM005,Q0116,incorrect_arithmetic,False,arithmetic,2025-10-28T00:00:00
R004393,Student_020,ASM005,Q0029,varies,True,,2025-10-28T00:00:00
R004394,Student_020,ASM005,Q0040,varies,True,,2025-10-28T00:00:00
R004395,Student_020,ASM005,Q0178,varies,True,,2025-10-28T00:00:00
R004396,Student_020,ASM005,Q0056,varies,True,,2025-10-28T00:00:00
R004397,Student_020,ASM005,Q0112,varies,True,,2025-10-28T00:00:00
R004398,Student_020,ASM005,Q0027,varies,True,,2025-10-28T00:00:00
R004399,Student_020,ASM005,Q0022,varies,True,,2025-10-28T00:00:00
R004400,Student_020,ASM005,Q0018,varies,True,,2025-10-28T00:00:00
R004401,Student_021,ASM005,Q0026,varies,True,,2025-10-28T00:00:00
R004402,Student_021,ASM005,Q0007,varies,True,,2025-10-28T00:00:00
R004403,Student_021,ASM005,Q0094,varies,True,,2025-10-28T00:00:00
R004404,Student_021,ASM005,Q0121,incorrect_conceptual,False,conceptual,2025-10-28T00:00:00
R004405,Student_021,ASM005,Q0174,varies,True,,2025-10-28T00:00:00
R004406,Student_021,ASM005,Q0172,varies,True,,2025-10-28T00:00:00
R004407,Student_021,ASM005,Q0120,varies,True,,2025-10-28T00:00:00
R004408,Student_021,ASM005,Q0090,varies,True,,2025-10-28T00:00:00
R004409,Student_021,ASM005,Q0180,varies,True,,2025-10-28T00:00:00
R004410,Student_021,ASM005,Q0004,varies,True,,2025-10-28T00:00:00
R004411,Student_021,ASM005,Q0055,varies,True,,2025-10-28T00:00:00
R004412,Student_021,ASM005,Q0116,varies,True,,2025-10-28T00:00:00
R004413,Student_021,ASM005,Q0029,varies,True,,2025-10-28T00:00:00
R004414,Student_021,ASM005,Q0040,varies,True,,2025-10-28T00:00:00
R004415,Student_021,ASM005,Q0178,varies,True,,2025-10-28T00:00:00
R004416,Student_021,ASM005,Q0056,varies,True,,2025-10-28T00:00:00
R004417,Student_021,ASM005,Q0112,varies,True,,2025-10-28T00:00:00
R004418,Student_021,ASM005,Q0027,varies,True,,2025-10-28T00:00:00
R004419,Student_021,ASM005,Q0022,varies,True,,2025-10-28T00:00:00
R004420,Student_021,ASM005,Q0018,varies,True,,2025-10-28T00:00:00
R004421,Student_022,ASM005,Q0026,incorrect_arithmetic,False,arithmetic,2025-10-28T00:00:00
R004422,Student_022,ASM005,Q0007,incorrect_denominator_handling,False,denominator_handling,2025-10-28T00:00:00
R004423,Student_022,ASM005,Q0094,varies,True,,2025-10-28T00:00:00
R004424,Student_022,ASM005,Q0121,incorrect_arithmetic,False,arithmetic,2025-10-28T00:00:00
R004425,Student_022,ASM005,Q0174,incorrect_conceptual,False,conceptual,2025-10-28T00:00:00
R004426,Student_022,ASM005,Q0172,varies,True,,2025-10-28T00:00:00
R004427,Student_022,ASM005,Q0120,incorrect_conceptual,False,conceptual,2025-10-28T00:00:00
R004428,Student_022,ASM005,Q0090,varies,True,,2025-10-28T00:00:00
R004429,Student_022,ASM005,Q0180,incorrect_conceptual,False,conceptual,2025-10-28T00:00:00
R004430,Student_022,ASM005,Q0004,incorrect_simplification,False,simplification,2025-10-28T00:00:00
R004431,Student_022,ASM005,Q0055,varies,True,,2025-10-28T00:00:00
R004432,Student_022,ASM005,Q0116,incorrect_conceptual,False,conceptual,2025-10-28T00:00:00
R004433,Student_022,ASM005,Q0029,incorrect_denominator_handling,False,denominator_handling,2025-10-28T00:00:00
R004434,Student_022,ASM005,Q0040,varies,True,,2025-10-28T00:00:00
R004435,Student_022,ASM005,Q0178,varies,True,,2025-10-28T00:00:00
R004436,Student_022,ASM005,Q0056,incorrect_decimal_placement,False,decimal_placement,2025-10-28T00:00:00
R004437,Student_022,ASM005,Q0112,varies,True,,2025-10-28T00:00:00
R004438,Student_022,ASM005,Q0027,varies,True,,2025-10-28T00:00:00
R004439,Student_022,ASM005,Q0022,varies,True,,2025-10-28T00:00:00
R004440,Student_022,ASM005,Q0018,varies,True,,2025-10-28T00:00:00
R004441,Student_023,ASM005,Q0026,varies,True,,2025-10-28T00:00:00
R004442,Student_023,ASM005,Q0007,incorrect_denominator_handling,False,denominator_handling,2025-10-28T00:00:00
R004443,Student_023,ASM005,Q0094,varies,True,,2025-10-28T00:00:00
R004444,Student_023,ASM005,Q0121,varies,True,,2025-10-28T00:00:00
R004445,Student_023,ASM005,Q0174,varies,True,,2025-10-28T00:00:00
R004446,Student_023,ASM005,Q0172,varies,True,,2025-10-28T00:00:00
R004447,Student_023,ASM005,Q0120,varies,True,,2025-10-28T00:00:00
R004448,Student_023,ASM005,Q0090,varies,True,,2025-10-28T00:00:00
R004449,Student_023,ASM005,Q0180,varies,True,,2025-10-28T00:00:00
R004450,Student_023,ASM005,Q0004,varies,True,,2025-10-28T00:00:00
R004451,Student_023,ASM005,Q0055,varies,True,,2025-10-28T00:00:00
R004452,Student_023,ASM005,Q0116,varies,True,,2025-10-28T00:00:00
R004453,Student_023,ASM005,Q0029,incorrect_arithmetic,False,arithmetic,2025-10-28T00:00:00
R004454,Student_023,ASM005,Q0040,varies,True,,2025-10-28T00:00:00
R004455,Student_023,ASM005,Q0178,varies,True,,2025-10-28T00:00:00
R004456,Student_023,ASM005,Q0056,varies,True,,2025-10-28T00:00:00
R004457,Student_023,ASM005,Q0112,varies,True,,2025-10-28T00:00:00
R004458,Student_023,ASM005,Q0027,varies,True,,2025-10-28T00:00:00
R004459,Student_023,ASM005,Q0022,varies,True,,2025-10-28T00:00:00
R004460,Student_023,ASM005,Q0018,varies,True,,2025-10-28T00:00:00
R004461,Student_024,ASM005,Q0026,varies,True,,2025-10-28T00:00:00
R004462,Student_024,ASM005,Q0007,varies,True,,2025-10-28T00:00:00
R004463,Student_024,ASM005,Q0094,varies,True,,2025-10-28T00:00:00
R004464,Student_024,ASM005,Q0121,varies,True,,2025-10-28T00:00:00
R004465,Student_024,ASM005,Q0174,varies,True,,2025-10-28T00:00:00
R004466,Student_024,ASM005,Q0172,varies,True,,2025-10-28T00:00:00
R004467,Student_024,ASM005,Q0120,varies,True,,2025-10-28T00:00:00
R004468,Student_024,ASM005,Q0090,varies,True,,2025-10-28T00:00:00
R004469,Student_024,ASM005,Q0180,varies,True,,2025-10-28T00:00:00
R004470,Student_024,ASM005,Q0004,varies,True,,2025-10-28T00:00:00
R004471,Student_024,ASM005,Q0055,varies,True,,2025-10-28T00:00:00
R004472,Student_024,ASM005,Q0116,varies,True,,2025-10-28T00:00:00
R004473,Student_024,ASM005,Q0029,varies,True,,2025-10-28T00:00:00
R004474,Student_024,ASM005,Q0040,varies,True,,2025-10-28T00:00:00
R004475,Student_024,ASM005,Q0178,varies,True,,2025-10-28T00:00:00
R004476,Student_024,ASM005,Q0056,varies,True,,2025-10-28T00:00:00
R004477,Student_024,ASM005,Q0112,varies,True,,2025-10-28T00:00:00
R004478,Student_024,ASM005,Q0027,incorrect_denominator_handling,False,denominator_handling,2025-10-28T00:00:00
R004479,Student_024,ASM005,Q0022,incorrect_simplification,False,simplification,2025-10-28T00:00:00
R004480,Student_024,ASM005,Q0018,incorrect_denominator_handling,False,denominator_handling,2025-10-28T00:00:00
R004481,Student_025,ASM005,Q0026,incorrect_arithmetic,False,arithmetic,2025-10-28T00:00:00
R004482,Student_025,ASM005,Q0007,varies,True,,2025-10-28T00:00:00
R004483,Student_025,ASM005,Q0094,incorrect_formula_selection,False,formula_selection,2025-10-28T00:00:00
R004484,Student_025,ASM005,Q0121,varies,True,,2025-10-28T00:00:00
R004485,Student_025,ASM005,Q0174,varies,True,,2025-10-28T00:00:00
R004486,Student_025,ASM005,Q0172,varies,True,,2025-10-28T00:00:00
R004487,Student_025,ASM005,Q0120,varies,True,,2025-10-28T00:00:00
R004488,Student_025,ASM005,Q0090,varies,True,,2025-10-28T00:00:00
R004489,Student_025,ASM005,Q0180,varies,True,,2025-10-28T00:00:00
R004490,Student_025,ASM005,Q0004,varies,True,,2025-10-28T00:00:00
R004491,Student_025,ASM005,Q0055,varies,True,,2025-10-28T00:00:00
R004492,Student_025,ASM005,Q0116,varies,True,,2025-10-28T00:00:00
R004493,Student_025,ASM005,Q0029,varies,True,,2025-10-28T00:00:00
R004494,Student_025,ASM005,Q0040,varies,True,,2025-10-28T00:00:00
R004495,Student_025,ASM005,Q0178,varies,True,,2025-10-28T00:00:00
R004496,Student_025,ASM005,Q0056,incorrect_arithmetic,False,arithmetic,2025-10-28T00:00:00
R004497,Student_025,ASM005,Q0112,incorrect_careless,False,careless,2025-10-28T00:00:00
R004498,Student_025,ASM005,Q0027,varies,True,,2025-10-28T00:00:00
R004499,Student_025,ASM005,Q0022,varies,True,,2025-10-28T00:00:00
R004500,Student_025,ASM005,Q0018,incorrect_denominator_handling,False,denominator_handling,2025-10-28T00:00:00
R004501,Student_026,ASM005,Q0026,varies,True,,2025-10-28T00:00:00
R004502,Student_026,ASM005,Q0007,incorrect_denominator_handling,False,denominator_handling,2025-10-28T00:00:00
R004503,Student_026,ASM005,Q0094,incorrect_arithmetic,False,arithmetic,2025-10-28T00:00:00
R004504,Student_026,ASM005,Q0121,varies,True,,2025-10-28T00:00:00
R004505,Student_026,ASM005,Q0174,varies,True,,2025-10-28T00:00:00
R004506,Student_026,ASM005,Q0172,incorrect_arithmetic,False,arithmetic,2025-10-28T00:00:00
R004507,Student_026,ASM005,Q0120,varies,True,,2025-10-28T00:00:00
R004508,Student_026,ASM005,Q0090,varies,True,,2025-10-28T00:00:00
R004509,Student_026,ASM005,Q0180,varies,True,,2025-10-28T00:00:00
R004510,Student_026,ASM005,Q0004,incorrect_denominator_handling,False,denominator_handling,2025-10-28T00:00:00
R004511,Student_026,ASM005,Q0055,incorrect_decimal_placement,False,decimal_placement,2025-10-28T00:00:00
R004512,Student_026,ASM005,Q0116,incorrect_conceptual,False,conceptual,2025-10-28T00:00:00
R004513,Student_026,ASM005,Q0029,varies,True,,2025-10-28T00:00:00
R004514,Student_026,ASM005,Q0040,varies,True,,2025-10-28T00:00:00
R004515,Student_026,ASM005,Q0178,varies,True,,2025-10-28T00:00:00
R004516,Student_026,ASM005,Q0056,varies,True,,2025-10-28T00:00:00
R004517,Student_026,ASM005,Q0112,varies,True,,2025-10-28T00:00:00
R004518,Student_026,ASM005,Q0027,incorrect_arithmetic,False,arithmetic,2025-10-28T00:00:00
R004519,Student_026,ASM005,Q0022,varies,True,,2025-10-28T00:00:00
R004520,Student_026,ASM005,Q0018,varies,True,,2025-10-28T00:00:00
R004521,Student_027,ASM005,Q0026,varies,True,,2025-10-28T00:00:00
R004522,Student_027,ASM005,Q0007,varies,True,,2025-10-28T00:00:00
R004523,Student_027,ASM005,Q0094,varies,True,,2025-10-28T00:00:00
R004524,Student_027,ASM005,Q0121,varies,True,,2025-10-28T00:00:00
R004525,Student_027,ASM005,Q0174,varies,True,,2025-10-28T00:00:00
R004526,Student_027,ASM005,Q0172,incorrect_arithmetic,False,arithmetic,2025-10-28T00:00:00
R004527,Student_027,ASM005,Q0120,varies,True,,2025-10-28T00:00:00
R004528,Student_027,ASM005,Q0090,varies,True,,2025-10-28T00:00:00
R004529,Student_027,ASM005,Q0180,varies,True,,2025-10-28T00:00:00
R004530,Student_027,ASM005,Q0004,varies,True,,2025-10-28T00:00:00
R004531,Student_027,ASM005,Q0055,incorrect_careless,False,careless,2025-10-28T00:00:00
R004532,Student_027,ASM005,Q0116,varies,True,,2025-10-28T00:00:00
R004533,Student_027,ASM005,Q0029,varies,True,,2025-10-28T00:00:00
R004534,Student_027,ASM005,Q0040,varies,True,,2025-10-28T00:00:00
R004535,Student_027,ASM005,Q0178,varies,True,,2025-10-28T00:00:00
R004536,Student_027,ASM005,Q0056,varies,True,,2025-10-28T00:00:00
R004537,Student_027,ASM005,Q0112,varies,True,,2025-10-28T00:00:00
R004538,Student_027,ASM005,Q0027,varies,True,,2025-10-28T00:00:00
R004539,Student_027,ASM005,Q0022,incorrect_denominator_handling,False,denominator_handling,2025-10-28T00:00:00
R004540,Student_027,ASM005,Q0018,varies,True,,2025-10-28T00:00:00
R004541,Student_028,ASM005,Q0026,varies,True,,2025-10-28T00:00:00
R004542,Student_028,ASM005,Q0007,incorrect_denominator_handling,False,denominator_handling,2025-10-28T00:00:00
R004543,Student_028,ASM005,Q0094,varies,True,,2025-10-28T00:00:00
R004544,Student_028,ASM005,Q0121,varies,True,,2025-10-28T00:00:00
R004545,Student_028,ASM005,Q0174,varies,True,,2025-10-28T00:00:00
R004546,Student_028,ASM005,Q0172,varies,True,,2025-10-28T00:00:00
R004547,Student_028,ASM005,Q0120,incorrect_careless,False,careless,2025-10-28T00:00:00
R004548,Student_028,ASM005,Q0090,incorrect_arithmetic,False,arithmetic,2025-10-28T00:00:00
R004549,Student_028,ASM005,Q0180,varies,True,,2025-10-28T00:00:00
R004550,Student_028,ASM005,Q0004,varies,True,,2025-10-28T00:00:00
R004551,Student_028,ASM005,Q0055,varies,True,,2025-10-28T00:00:00
R004552,Student_028,ASM005,Q0116,varies,True,,2025-10-28T00:00:00
R004553,Student_028,ASM005,Q0029,varies,True,,2025-10-28T00:00:00
R004554,Student_028,ASM005,Q0040,varies,True,,2025-10-28T00:00:00
R004555,Student_028,ASM005,Q0178,varies,True,,2025-10-28T00:00:00
R004556,Student_028,ASM005,Q0056,varies,True,,2025-10-28T00:00:00
R004557,Student_028,ASM005,Q0112,incorrect_careless,False,careless,2025-10-28T00:00:00
R004558,Student_028,ASM005,Q0027,incorrect_arithmetic,False,arithmetic,2025-10-28T00:00:00
R004559,Student_028,ASM005,Q0022,varies,True,,2025-10-28T00:00:00
R004560,Student_028,ASM005,Q0018,varies,True,,2025-10-28T00:00:00
R004561,Student_029,ASM005,Q0026,varies,True,,2025-10-28T00:00:00
R004562,Student_029,ASM005,Q0007,varies,True,,2025-10-28T00:00:00
R004563,Student_029,ASM005,Q0094,varies,True,,2025-10-28T00:00:00
R004564,Student_029,ASM005,Q0121,varies,True,,2025-10-28T00:00:00
R004565,Student_029,ASM005,Q0174,varies,True,,2025-10-28T00:00:00
R004566,Student_029,ASM005,Q0172,varies,True,,2025-10-28T00:00:00
R004567,Student_029,ASM005,Q0120,varies,True,,2025-10-28T00:00:00
R004568,Student_029,ASM005,Q0090,varies,True,,2025-10-28T00:00:00
R004569,Student_029,ASM005,Q0180,varies,True,,2025-10-28T00:00:00
R004570,Student_029,ASM005,Q0004,varies,True,,2025-10-28T00:00:00
R004571,Student_029,ASM005,Q0055,varies,True,,2025-10-28T00:00:00
R004572,Student_029,ASM005,Q0116,varies,True,,2025-10-28T00:00:00
R004573,Student_029,ASM005,Q0029,varies,True,,2025-10-28T00:00:00
R004574,Student_029,ASM005,Q0040,varies,True,,2025-10-28T00:00:00
R004575,Student_029,ASM005,Q0178,varies,True,,2025-10-28T00:00:00
R004576,Student_029,ASM005,Q0056,varies,True,,2025-10-28T00:00:00
R004577,Student_029,ASM005,Q0112,incorrect_arithmetic,False,arithmetic,2025-10-28T00:00:00
R004578,Student_029,ASM005,Q0027,varies,True,,2025-10-28T00:00:00
R004579,Student_029,ASM005,Q0022,varies,True,,2025-10-28T00:00:00
R004580,Student_029,ASM005,Q0018,varies,True,,2025-10-28T00:00:00
R004581,Student_030,ASM005,Q0026,incorrect_arithmetic,False,arithmetic,2025-10-28T00:00:00
R004582,Student_030,ASM005,Q0007,incorrect_simplification,False,simplification,2025-10-28T00:00:00
R004583,Student_030,ASM005,Q0094,varies,True,,2025-10-28T00:00:00
R004584,Student_030,ASM005,Q0121,varies,True,,2025-10-28T00:00:00
R004585,Student_030,ASM005,Q0174,varies,True,,2025-10-28T00:00:00
R004586,Student_030,ASM005,Q0172,varies,True,,2025-10-28T00:00:00
R004587,Student_030,ASM005,Q0120,varies,True,,2025-10-28T00:00:00
R004588,Student_030,ASM005,Q0090,varies,True,,2025-10-28T00:00:00
R004589,Student_030,ASM005,Q0180,varies,True,,2025-10-28T00:00:00
R004590,Student_030,ASM005,Q0004,varies,True,,2025-10-28T00:00:00
R004591,Student_030,ASM005,Q0055,varies,True,,2025-10-28T00:00:00
R004592,Student_030,ASM005,Q0116,varies,True,,2025-10-28T00:00:00
R004593,Student_030,ASM005,Q0029,varies,True,,2025-10-28T00:00:00
R004594,Student_030,ASM005,Q0040,varies,True,,2025-10-28T00:00:00
R004595,Student_030,ASM005,Q0178,varies,True,,2025-10-28T00:00:00
R004596,Student_030,ASM005,Q0056,varies,True,,2025-10-28T00:00:00
R004597,Student_030,ASM005,Q0112,varies,True,,2025-10-28T00:00:00
R004598,Student_030,ASM005,Q0027,varies,True,,2025-10-28T00:00:00
R004599,Student_030,ASM005,Q0022,varies,True,,2025-10-28T00:00:00
R004600,Student_030,ASM005,Q0018,varies,True,,2025-10-28T00:00:00
R004601,Student_031,ASM005,Q0026,varies,True,,2025-10-28T00:00:00
R004602,Student_031,ASM005,Q0007,varies,True,,2025-10-28T00:00:00
R004603,Student_031,ASM005,Q0094,varies,True,,2025-10-28T00:00:00
R004604,Student_031,ASM005,Q0121,varies,True,,2025-10-28T00:00:00
R004605,Student_031,ASM005,Q0174,varies,True,,2025-10-28T00:00:00
R004606,Student_031,ASM005,Q0172,varies,True,,2025-10-28T00:00:00
R004607,Student_031,ASM005,Q0120,incorrect_careless,False,careless,2025-10-28T00:00:00
R004608,Student_031,ASM005,Q0090,incorrect_formula_selection,False,formula_selection,2025-10-28T00:00:00
R004609,Student_031,ASM005,Q0180,varies,True,,2025-10-28T00:00:00
R004610,Student_031,ASM005,Q0004,varies,True,,2025-10-28T00:00:00
R004611,Student_031,ASM005,Q0055,varies,True,,2025-10-28T00:00:00
R004612,Student_031,ASM005,Q0116,varies,True,,2025-10-28T00:00:00
R004613,Student_031,ASM005,Q0029,varies,True,,2025-10-28T00:00:00
R004614,Student_031,ASM005,Q0040,incorrect_conceptual,False,conceptual,2025-10-28T00:00:00
R004615,Student_031,ASM005,Q0178,varies,True,,2025-10-28T00:00:00
R004616,Student_031,ASM005,Q0056,varies,True,,2025-10-28T00:00:00
R004617,Student_031,ASM005,Q0112,varies,True,,2025-10-28T00:00:00
R004618,Student_031,ASM005,Q0027,varies,True,,2025-10-28T00:00:00
R004619,Student_031,ASM005,Q0022,varies,True,,2025-10-28T00:00:00
R004620,Student_031,ASM005,Q0018,incorrect_denominator_handling,False,denominator_handling,2025-10-28T00:00:00
R004621,Student_032,ASM005,Q0026,incorrect_arithmetic,False,arithmetic,2025-10-28T00:00:00
R004622,Student_032,ASM005,Q0007,incorrect_denominator_handling,False,denominator_handling,2025-10-28T00:00:00
R004623,Student_032,ASM005,Q0094,varies,True,,2025-10-28T00:00:00
R004624,Student_032,ASM005,Q0121,varies,True,,2025-10-28T00:00:00
R004625,Student_032,ASM005,Q0174,incorrect_careless,False,careless,2025-10-28T00:00:00
R004626,Student_032,ASM005,Q0172,varies,True,,2025-10-28T00:00:00
R004627,Student_032,ASM005,Q0120,varies,True,,2025-10-28T00:00:00
R004628,Student_032,ASM005,Q0090,varies,True,,2025-10-28T00:00:00
R004629,Student_032,ASM005,Q0180,incorrect_careless,False,careless,2025-10-28T00:00:00
R004630,Student_032,ASM005,Q0004,incorrect_denominator_handling,False,denominator_handling,2025-10-28T00:00:00
R004631,Student_032,ASM005,Q0055,varies,True,,2025-10-28T00:00:00
R004632,Student_032,ASM005,Q0116,varies,True,,2025-10-28T00:00:00
R004633,Student_032,ASM005,Q0029,varies,True,,2025-10-28T00:00:00
R004634,Student_032,ASM005,Q0040,varies,True,,2025-10-28T00:00:00
R004635,Student_032,ASM005,Q0178,varies,True,,2025-10-28T00:00:00
R004636,Student_032,ASM005,Q0056,varies,True,,2025-10-28T00:00:00
R004637,Student_032,ASM005,Q0112,varies,True,,2025-10-28T00:00:00
R004638,Student_032,ASM005,Q0027,incorrect_denominator_handling,False,denominator_handling,2025-10-28T00:00:00
R004639,Student_032,ASM005,Q0022,varies,True,,2025-10-28T00:00:00
R004640,Student_032,ASM005,Q0018,varies,True,,2025-10-28T00:00:00
R004641,Student_033,ASM005,Q0026,varies,True,,2025-10-28T00:00:00
R004642,Student_033,ASM005,Q0007,varies,True,,2025-10-28T00:00:00
R004643,Student_033,ASM005,Q0094,varies,True,,2025-10-28T00:00:00
R004644,Student_033,ASM005,Q0121,varies,True,,2025-10-28T00:00:00
R004645,Student_033,ASM005,Q0174,varies,True,,2025-10-28T00:00:00
R004646,Student_033,ASM005,Q0172,varies,True,,2025-10-28T00:00:00
R004647,Student_033,ASM005,Q0120,varies,True,,2025-10-28T00:00:00
R004648,Student_033,ASM005,Q0090,varies,True,,2025-10-28T00:00:00
R004649,Student_033,ASM005,Q0180,varies,True,,2025-10-28T00:00:00
R004650,Student_033,ASM005,Q0004,varies,True,,2025-10-28T00:00:00
R004651,Student_033,ASM005,Q0055,varies,True,,2025-10-28T00:00:00
R004652,Student_033,ASM005,Q0116,varies,True,,2025-10-28T00:00:00
R004653,Student_033,ASM005,Q0029,varies,True,,2025-10-28T00:00:00
R004654,Student_033,ASM005,Q0040,varies,True,,2025-10-28T00:00:00
R004655,Student_033,ASM005,Q0178,varies,True,,2025-10-28T00:00:00
R004656,Student_033,ASM005,Q0056,varies,True,,2025-10-28T00:00:00
R004657,Student_033,ASM005,Q0112,varies,True,,2025-10-28T00:00:00
R004658,Student_033,ASM005,Q0027,incorrect_arithmetic,False,arithmetic,2025-10-28T00:00:00
R004659,Student_033,ASM005,Q0022,varies,True,,2025-10-28T00:00:00
R004660,Student_033,ASM005,Q0018,incorrect_simplification,False,simplification,2025-10-28T00:00:00
R004661,Student_034,ASM005,Q0026,varies,True,,2025-10-28T00:00:00
R004662,Student_034,ASM005,Q0007,incorrect_denominator_handling,False,denominator_handling,2025-10-28T00:00:00
R004663,Student_034,ASM005,Q0094,incorrect_arithmetic,False,arithmetic,2025-10-28T00:00:00
R004664,Student_034,ASM005,Q0121,varies,True,,2025-10-28T00:00:00
R004665,Student_034,ASM005,Q0174,varies,True,,2025-10-28T00:00:00
R004666,Student_034,ASM005,Q0172,varies,True,,2025-10-28T00:00:00
R004667,Student_034,ASM005,Q0120,varies,True,,2025-10-28T00:00:00
R004668,Student_034,ASM005,Q0090,varies,True,,2025-10-28T00:00:00
R004669,Student_034,ASM005,Q0180,varies,True,,2025-10-28T00:00:00
R004670,Student_034,ASM005,Q0004,varies,True,,2025-10-28T00:00:00
R004671,Student_034,ASM005,Q0055,varies,True,,2025-10-28T00:00:00
R004672,Student_034,ASM005,Q0116,incorrect_careless,False,careless,2025-10-28T00:00:00
R004673,Student_034,ASM005,Q0029,varies,True,,2025-10-28T00:00:00
R004674,Student_034,ASM005,Q0040,varies,True,,2025-10-28T00:00:00
R004675,Student_034,ASM005,Q0178,varies,True,,2025-10-28T00:00:00
R004676,Student_034,ASM005,Q0056,varies,True,,2025-10-28T00:00:00
R004677,Student_034,ASM005,Q0112,incorrect_careless,False,careless,2025-10-28T00:00:00
R004678,Student_034,ASM005,Q0027,varies,True,,2025-10-28T00:00:00
R004679,Student_034,ASM005,Q0022,varies,True,,2025-10-28T00:00:00
R004680,Student_034,ASM005,Q0018,varies,True,,2025-10-28T00:00:00
R004681,Student_035,ASM005,Q0026,varies,True,,2025-10-28T00:00:00
R004682,Student_035,ASM005,Q0007,varies,True,,2025-10-28T00:00:00
R004683,Student_035,ASM005,Q0094,varies,True,,2025-10-28T00:00:00
R004684,Student_035,ASM005,Q0121,varies,True,,2025-10-28T00:00:00
R004685,Student_035,ASM005,Q0174,varies,True,,2025-10-28T00:00:00
R004686,Student_035,ASM005,Q0172,varies,True,,2025-10-28T00:00:00
R004687,Student_035,ASM005,Q0120,varies,True,,2025-10-28T00:00:00
R004688,Student_035,ASM005,Q0090,varies,True,,2025-10-28T00:00:00
R004689,Student_035,ASM005,Q0180,varies,True,,2025-10-28T00:00:00
R004690,Student_035,ASM005,Q0004,varies,True,,2025-10-28T00:00:00
R004691,Student_035,ASM005,Q0055,varies,True,,2025-10-28T00:00:00
R004692,Student_035,ASM005,Q0116,varies,True,,2025-10-28T00:00:00
R004693,Student_035,ASM005,Q0029,varies,True,,2025-10-28T00:00:00
R004694,Student_035,ASM005,Q0040,varies,True,,2025-10-28T00:00:00
R004695,Student_035,ASM005,Q0178,varies,True,,2025-10-28T00:00:00
R004696,Student_035,ASM005,Q0056,varies,True,,2025-10-28T00:00:00
R004697,Student_035,ASM005,Q0112,varies,True,,2025-10-28T00:00:00
R004698,Student_035,ASM005,Q0027,varies,True,,2025-10-28T00:00:00
R004699,Student_035,ASM005,Q0022,varies,True,,2025-10-28T00:00:00
R004700,Student_035,ASM005,Q0018,varies,True,,2025-10-28T00:00:00
R004701,Student_036,ASM005,Q0026,varies,True,,2025-10-28T00:00:00
R004702,Student_036,ASM005,Q0007,varies,True,,2025-10-28T00:00:00
R004703,Student_036,ASM005,Q0094,varies,True,,2025-10-28T00:00:00
R004704,Student_036,ASM005,Q0121,varies,True,,2025-10-28T00:00:00
R004705,Student_036,ASM005,Q0174,varies,True,,2025-10-28T00:00:00
R004706,Student_036,ASM005,Q0172,incorrect_careless,False,careless,2025-10-28T00:00:00
R004707,Student_036,ASM005,Q0120,varies,True,,2025-10-28T00:00:00
R004708,Student_036,ASM005,Q0090,varies,True,,2025-10-28T00:00:00
R004709,Student_036,ASM005,Q0180,varies,True,,2025-10-28T00:00:00
R004710,Student_036,ASM005,Q0004,incorrect_denominator_handling,False,denominator_handling,2025-10-28T00:00:00
R004711,Student_036,ASM005,Q0055,varies,True,,2025-10-28T00:00:00
R004712,Student_036,ASM005,Q0116,varies,True,,2025-10-28T00:00:00
R004713,Student_036,ASM005,Q0029,incorrect_simplification,False,simplification,2025-10-28T00:00:00
R004714,Student_036,ASM005,Q0040,incorrect_careless,False,careless,2025-10-28T00:00:00
R004715,Student_036,ASM005,Q0178,varies,True,,2025-10-28T00:00:00
R004716,Student_036,ASM005,Q0056,varies,True,,2025-10-28T00:00:00
R004717,Student_036,ASM005,Q0112,varies,True,,2025-10-28T00:00:00
R004718,Student_036,ASM005,Q0027,varies,True,,2025-10-28T00:00:00
R004719,Student_036,ASM005,Q0022,varies,True,,2025-10-28T00:00:00
R004720,Student_036,ASM005,Q0018,incorrect_simplification,False,simplification,2025-10-28T00:00:00
R004721,Student_037,ASM005,Q0026,varies,True,,2025-10-28T00:00:00
R004722,Student_037,ASM005,Q0007,varies,True,,2025-10-28T00:00:00
R004723,Student_037,ASM005,Q0094,incorrect_formula_selection,False,formula_selection,2025-10-28T00:00:00
R004724,Student_037,ASM005,Q0121,varies,True,,2025-10-28T00:00:00
R004725,Student_037,ASM005,Q0174,varies,True,,2025-10-28T00:00:00
R004726,Student_037,ASM005,Q0172,varies,True,,2025-10-28T00:00:00
R004727,Student_037,ASM005,Q0120,varies,True,,2025-10-28T00:00:00
R004728,Student_037,ASM005,Q0090,incorrect_sign_error,False,sign_error,2025-10-28T00:00:00
R004729,Student_037,ASM005,Q0180,varies,True,,2025-10-28T00:00:00
R004730,Student_037,ASM005,Q0004,varies,True,,2025-10-28T00:00:00
R004731,Student_037,ASM005,Q0055,varies,True,,2025-10-28T00:00:00
R004732,Student_037,ASM005,Q0116,varies,True,,2025-10-28T00:00:00
R004733,Student_037,ASM005,Q0029,varies,True,,2025-10-28T00:00:00
R004734,Student_037,ASM005,Q0040,varies,True,,2025-10-28T00:00:00
R004735,Student_037,ASM005,Q0178,varies,True,,2025-10-28T00:00:00
R004736,Student_037,ASM005,Q0056,incorrect_decimal_placement,False,decimal_placement,2025-10-28T00:00:00
R004737,Student_037,ASM005,Q0112,varies,True,,2025-10-28T00:00:00
R004738,Student_037,ASM005,Q0027,varies,True,,2025-10-28T00:00:00
R004739,Student_037,ASM005,Q0022,varies,True,,2025-10-28T00:00:00
R004740,Student_037,ASM005,Q0018,varies,True,,2025-10-28T00:00:00
R004741,Student_038,ASM005,Q0026,varies,True,,2025-10-28T00:00:00
R004742,Student_038,ASM005,Q0007,varies,True,,2025-10-28T00:00:00
R004743,Student_038,ASM005,Q0094,varies,True,,2025-10-28T00:00:00
R004744,Student_038,ASM005,Q0121,incorrect_conceptual,False,conceptual,2025-10-28T00:00:00
R004745,Student_038,ASM005,Q0174,varies,True,,2025-10-28T00:00:00
R004746,Student_038,ASM005,Q0172,incorrect_careless,False,careless,2025-10-28T00:00:00
R004747,Student_038,ASM005,Q0120,varies,True,,2025-10-28T00:00:00
R004748,Student_038,ASM005,Q0090,varies,True,,2025-10-28T00:00:00
R004749,Student_038,ASM005,Q0180,varies,True,,2025-10-28T00:00:00
R004750,Student_038,ASM005,Q0004,varies,True,,2025-10-28T00:00:00
R004751,Student_038,ASM005,Q0055,varies,True,,2025-10-28T00:00:00
R004752,Student_038,ASM005,Q0116,varies,True,,2025-10-28T00:00:00
R004753,Student_038,ASM005,Q0029,varies,True,,2025-10-28T00:00:00
R004754,Student_038,ASM005,Q0040,varies,True,,2025-10-28T00:00:00
R004755,Student_038,ASM005,Q0178,varies,True,,2025-10-28T00:00:00
R004756,Student_038,ASM005,Q0056,varies,True,,2025-10-28T00:00:00
R004757,Student_038,ASM005,Q0112,varies,True,,2025-10-28T00:00:00
R004758,Student_038,ASM005,Q0027,varies,True,,2025-10-28T00:00:00
R004759,Student_038,ASM005,Q0022,incorrect_denominator_handling,False,denominator_handling,2025-10-28T00:00:00
R004760,Student_038,ASM005,Q0018,incorrect_arithmetic,False,arithmetic,2025-10-28T00:00:00
R004761,Student_039,ASM005,Q0026,varies,True,,2025-10-28T00:00:00
R004762,Student_039,ASM005,Q0007,varies,True,,2025-10-28T00:00:00
R004763,Student_039,ASM005,Q0094,varies,True,,2025-10-28T00:00:00
R004764,Student_039,ASM005,Q0121,varies,True,,2025-10-28T00:00:00
R004765,Student_039,ASM005,Q0174,varies,True,,2025-10-28T00:00:00
R004766,Student_039,ASM005,Q0172,varies,True,,2025-10-28T00:00:00
R004767,Student_039,ASM005,Q0120,varies,True,,2025-10-28T00:00:00
R004768,Student_039,ASM005,Q0090,varies,True,,2025-10-28T00:00:00
R004769,Student_039,ASM005,Q0180,varies,True,,2025-10-28T00:00:00
R004770,Student_039,ASM005,Q0004,varies,True,,2025-10-28T00:00:00
R004771,Student_039,ASM005,Q0055,varies,True,,2025-10-28T00:00:00
R004772,Student_039,ASM005,Q0116,varies,True,,2025-10-28T00:00:00
R004773,Student_039,ASM005,Q0029,incorrect_denominator_handling,False,denominator_handling,2025-10-28T00:00:00
R004774,Student_039,ASM005,Q0040,varies,True,,2025-10-28T00:00:00
R004775,Student_039,ASM005,Q0178,varies,True,,2025-10-28T00:00:00
R004776,Student_039,ASM005,Q0056,varies,True,,2025-10-28T00:00:00
R004777,Student_039,ASM005,Q0112,incorrect_careless,False,careless,2025-10-28T00:00:00
R004778,Student_039,ASM005,Q0027,varies,True,,2025-10-28T00:00:00
R004779,Student_039,ASM005,Q0022,varies,True,,2025-10-28T00:00:00
R004780,Student_039,ASM005,Q0018,varies,True,,2025-10-28T00:00:00
R004781,Student_040,ASM005,Q0026,incorrect_careless,False,careless,2025-10-28T00:00:00
R004782,Student_040,ASM005,Q0007,varies,True,,2025-10-28T00:00:00
R004783,Student_040,ASM005,Q0094,incorrect_sign_error,False,sign_error,2025-10-28T00:00:00
R004784,Student_040,ASM005,Q0121,varies,True,,2025-10-28T00:00:00
R004785,Student_040,ASM005,Q0174,varies,True,,2025-10-28T00:00:00
R004786,Student_040,ASM005,Q0172,varies,True,,2025-10-28T00:00:00
R004787,Student_040,ASM005,Q0120,incorrect_arithmetic,False,arithmetic,2025-10-28T00:00:00
R004788,Student_040,ASM005,Q0090,varies,True,,2025-10-28T00:00:00
R004789,Student_040,ASM005,Q0180,varies,True,,2025-10-28T00:00:00
R004790,Student_040,ASM005,Q0004,varies,True,,2025-10-28T00:00:00
R004791,Student_040,ASM005,Q0055,incorrect_arithmetic,False,arithmetic,2025-10-28T00:00:00
R004792,Student_040,ASM005,Q0116,incorrect_arithmetic,False,arithmetic,2025-10-28T00:00:00
R004793,Student_040,ASM005,Q0029,varies,True,,2025-10-28T00:00:00
R004794,Student_040,ASM005,Q0040,varies,True,,2025-10-28T00:00:00
R004795,Student_040,ASM005,Q0178,varies,True,,2025-10-28T00:00:00
R004796,Student_040,ASM005,Q0056,varies,True,,2025-10-28T00:00:00
R004797,Student_040,ASM005,Q0112,varies,True,,2025-10-28T00:00:00
R004798,Student_040,ASM005,Q0027,incorrect_arithmetic,False,arithmetic,2025-10-28T00:00:00
R004799,Student_040,ASM005,Q0022,varies,True,,2025-10-28T00:00:00
R004800,Student_040,ASM005,Q0018,incorrect_simplification,False,simplification,2025-10-28T00:00:00
R004801,Student_041,ASM005,Q0026,varies,True,,2025-10-28T00:00:00
R004802,Student_041,ASM005,Q0007,varies,True,,2025-10-28T00:00:00
R004803,Student_041,ASM005,Q0094,varies,True,,2025-10-28T00:00:00
R004804,Student_041,ASM005,Q0121,varies,True,,2025-10-28T00:00:00
R004805,Student_041,ASM005,Q0174,varies,True,,2025-10-28T00:00:00
R004806,Student_041,ASM005,Q0172,varies,True,,2025-10-28T00:00:00
R004807,Student_041,ASM005,Q0120,varies,True,,2025-10-28T00:00:00
R004808,Student_041,ASM005,Q0090,varies,True,,2025-10-28T00:00:00
R004809,Student_041,ASM005,Q0180,varies,True,,2025-10-28T00:00:00
R004810,Student_041,ASM005,Q0004,varies,True,,2025-10-28T00:00:00
R004811,Student_041,ASM005,Q0055,varies,True,,2025-10-28T00:00:00
R004812,Student_041,ASM005,Q0116,varies,True,,2025-10-28T00:00:00
R004813,Student_041,ASM005,Q0029,varies,True,,2025-10-28T00:00:00
R004814,Student_041,ASM005,Q0040,varies,True,,2025-10-28T00:00:00
R004815,Student_041,ASM005,Q0178,varies,True,,2025-10-28T00:00:00
R004816,Student_041,ASM005,Q0056,varies,True,,2025-10-28T00:00:00
R004817,Student_041,ASM005,Q0112,varies,True,,2025-10-28T00:00:00
R004818,Student_041,ASM005,Q0027,varies,True,,2025-10-28T00:00:00
R004819,Student_041,ASM005,Q0022,varies,True,,2025-10-28T00:00:00
R004820,Student_041,ASM005,Q0018,varies,True,,2025-10-28T00:00:00
R004821,Student_042,ASM005,Q0026,incorrect_simplification,False,simplification,2025-10-28T00:00:00
R004822,Student_042,ASM005,Q0007,varies,True,,2025-10-28T00:00:00
R004823,Student_042,ASM005,Q0094,varies,True,,2025-10-28T00:00:00
R004824,Student_042,ASM005,Q0121,varies,True,,2025-10-28T00:00:00
R004825,Student_042,ASM005,Q0174,varies,True,,2025-10-28T00:00:00
R004826,Student_042,ASM005,Q0172,varies,True,,2025-10-28T00:00:00
R004827,Student_042,ASM005,Q0120,varies,True,,2025-10-28T00:00:00
R004828,Student_042,ASM005,Q0090,varies,True,,2025-10-28T00:00:00
R004829,Student_042,ASM005,Q0180,varies,True,,2025-10-28T00:00:00
R004830,Student_042,ASM005,Q0004,incorrect_denominator_handling,False,denominator_handling,2025-10-28T00:00:00
R004831,Student_042,ASM005,Q0055,varies,True,,2025-10-28T00:00:00
R004832,Student_042,ASM005,Q0116,varies,True,,2025-10-28T00:00:00
R004833,Student_042,ASM005,Q0029,varies,True,,2025-10-28T00:00:00
R004834,Student_042,ASM005,Q0040,incorrect_denominator_handling,False,denominator_handling,2025-10-28T00:00:00
R004835,Student_042,ASM005,Q0178,varies,True,,2025-10-28T00:00:00
R004836,Student_042,ASM005,Q0056,varies,True,,2025-10-28T00:00:00
R004837,Student_042,ASM005,Q0112,varies,True,,2025-10-28T00:00:00
R004838,Student_042,ASM005,Q0027,varies,True,,2025-10-28T00:00:00
R004839,Student_042,ASM005,Q0022,varies,True,,2025-10-28T00:00:00
R004840,Student_042,ASM005,Q0018,varies,True,,2025-10-28T00:00:00
R004841,Student_043,ASM005,Q0026,varies,True,,2025-10-28T00:00:00
R004842,Student_043,ASM005,Q0007,incorrect_denominator_handling,False,denominator_handling,2025-10-28T00:00:00
R004843,Student_043,ASM005,Q0094,varies,True,,2025-10-28T00:00:00
R004844,Student_043,ASM005,Q0121,varies,True,,2025-10-28T00:00:00
R004845,Student_043,ASM005,Q0174,varies,True,,2025-10-28T00:00:00
R004846,Student_043,ASM005,Q0172,varies,True,,2025-10-28T00:00:00
R004847,Student_043,ASM005,Q0120,varies,True,,2025-10-28T00:00:00
R004848,Student_043,ASM005,Q0090,incorrect_arithmetic,False,arithmetic,2025-10-28T00:00:00
R004849,Student_043,ASM005,Q0180,varies,True,,2025-10-28T00:00:00
R004850,Student_043,ASM005,Q0004,varies,True,,2025-10-28T00:00:00
R004851,Student_043,ASM005,Q0055,varies,True,,2025-10-28T00:00:00
R004852,Student_043,ASM005,Q0116,varies,True,,2025-10-28T00:00:00
R004853,Student_043,ASM005,Q0029,incorrect_denominator_handling,False,denominator_handling,2025-10-28T00:00:00
R004854,Student_043,ASM005,Q0040,varies,True,,2025-10-28T00:00:00
R004855,Student_043,ASM005,Q0178,varies,True,,2025-10-28T00:00:00
R004856,Student_043,ASM005,Q0056,varies,True,,2025-10-28T00:00:00
R004857,Student_043,ASM005,Q0112,varies,True,,2025-10-28T00:00:00
R004858,Student_043,ASM005,Q0027,incorrect_careless,False,careless,2025-10-28T00:00:00
R004859,Student_043,ASM005,Q0022,varies,True,,2025-10-28T00:00:00
R004860,Student_043,ASM005,Q0018,varies,True,,2025-10-28T00:00:00
R004861,Student_044,ASM005,Q0026,incorrect_denominator_handling,False,denominator_handling,2025-10-28T00:00:00
R004862,Student_044,ASM005,Q0007,varies,True,,2025-10-28T00:00:00
R004863,Student_044,ASM005,Q0094,varies,True,,2025-10-28T00:00:00
R004864,Student_044,ASM005,Q0121,varies,True,,2025-10-28T00:00:00
R004865,Student_044,ASM005,Q0174,incorrect_conceptual,False,conceptual,2025-10-28T00:00:00
R004866,Student_044,ASM005,Q0172,varies,True,,2025-10-28T00:00:00
R004867,Student_044,ASM005,Q0120,varies,True,,2025-10-28T00:00:00
R004868,Student_044,ASM005,Q0090,varies,True,,2025-10-28T00:00:00
R004869,Student_044,ASM005,Q0180,incorrect_arithmetic,False,arithmetic,2025-10-28T00:00:00
R004870,Student_044,ASM005,Q0004,incorrect_denominator_handling,False,denominator_handling,2025-10-28T00:00:00
R004871,Student_044,ASM005,Q0055,varies,True,,2025-10-28T00:00:00
R004872,Student_044,ASM005,Q0116,varies,True,,2025-10-28T00:00:00
R004873,Student_044,ASM005,Q0029,varies,True,,2025-10-28T00:00:00
R004874,Student_044,ASM005,Q0040,varies,True,,2025-10-28T00:00:00
R004875,Student_044,ASM005,Q0178,varies,True,,2025-10-28T00:00:00
R004876,Student_044,ASM005,Q0056,varies,True,,2025-10-28T00:00:00
R004877,Student_044,ASM005,Q0112,varies,True,,2025-10-28T00:00:00
R004878,Student_044,ASM005,Q0027,incorrect_arithmetic,False,arithmetic,2025-10-28T00:00:00
R004879,Student_044,ASM005,Q0022,incorrect_denominator_handling,False,denominator_handling,2025-10-28T00:00:00
R004880,Student_044,ASM005,Q0018,varies,True,,2025-10-28T00:00:00
R004881,Student_045,ASM005,Q0026,varies,True,,2025-10-28T00:00:00
R004882,Student_045,ASM005,Q0007,varies,True,,2025-10-28T00:00:00
R004883,Student_045,ASM005,Q0094,varies,True,,2025-10-28T00:00:00
R004884,Student_045,ASM005,Q0121,varies,True,,2025-10-28T00:00:00
R004885,Student_045,ASM005,Q0174,varies,True,,2025-10-28T00:00:00
R004886,Student_045,ASM005,Q0172,varies,True,,2025-10-28T00:00:00
R004887,Student_045,ASM005,Q0120,varies,True,,2025-10-28T00:00:00
R004888,Student_045,ASM005,Q0090,varies,True,,2025-10-28T00:00:00
R004889,Student_045,ASM005,Q0180,varies,True,,2025-10-28T00:00:00
R004890,Student_045,ASM005,Q0004,varies,True,,2025-10-28T00:00:00
R004891,Student_045,ASM005,Q0055,varies,True,,2025-10-28T00:00:00
R004892,Student_045,ASM005,Q0116,varies,True,,2025-10-28T00:00:00
R004893,Student_045,ASM005,Q0029,varies,True,,2025-10-28T00:00:00
R004894,Student_045,ASM005,Q0040,varies,True,,2025-10-28T00:00:00
R004895,Student_045,ASM005,Q0178,varies,True,,2025-10-28T00:00:00
R004896,Student_045,ASM005,Q0056,incorrect_arithmetic,False,arithmetic,2025-10-28T00:00:00
R004897,Student_045,ASM005,Q0112,varies,True,,2025-10-28T00:00:00
R004898,Student_045,ASM005,Q0027,varies,True,,2025-10-28T00:00:00
R004899,Student_045,ASM005,Q0022,varies,True,,2025-10-28T00:00:00
R004900,Student_045,ASM005,Q0018,incorrect_simplification,False,simplification,2025-10-28T00:00:00
R004901,Student_046,ASM005,Q0026,varies,True,,2025-10-28T00:00:00
R004902,Student_046,ASM005,Q0007,varies,True,,2025-10-28T00:00:00
R004903,Student_046,ASM005,Q0094,incorrect_arithmetic,False,arithmetic,2025-10-28T00:00:00
R004904,Student_046,ASM005,Q0121,varies,True,,2025-10-28T00:00:00
R004905,Student_046,ASM005,Q0174,varies,True,,2025-10-28T00:00:00
R004906,Student_046,ASM005,Q0172,varies,True,,2025-10-28T00:00:00
R004907,Student_046,ASM005,Q0120,varies,True,,2025-10-28T00:00:00
R004908,Student_046,ASM005,Q0090,incorrect_conceptual,False,conceptual,2025-10-28T00:00:00
R004909,Student_046,ASM005,Q0180,incorrect_arithmetic,False,arithmetic,2025-10-28T00:00:00
R004910,Student_046,ASM005,Q0004,varies,True,,2025-10-28T00:00:00
R004911,Student_046,ASM005,Q0055,varies,True,,2025-10-28T00:00:00
R004912,Student_046,ASM005,Q0116,incorrect_careless,False,careless,2025-10-28T00:00:00
R004913,Student_046,ASM005,Q0029,incorrect_denominator_handling,False,denominator_handling,2025-10-28T00:00:00
R004914,Student_046,ASM005,Q0040,varies,True,,2025-10-28T00:00:00
R004915,Student_046,ASM005,Q0178,varies,True,,2025-10-28T00:00:00
R004916,Student_046,ASM005,Q0056,varies,True,,2025-10-28T00:00:00
R004917,Student_046,ASM005,Q0112,varies,True,,2025-10-28T00:00:00
R004918,Student_046,ASM005,Q0027,incorrect_denominator_handling,False,denominator_handling,2025-10-28T00:00:00
R004919,Student_046,ASM005,Q0022,incorrect_arithmetic,False,arithmetic,2025-10-28T00:00:00
R004920,Student_046,ASM005,Q0018,varies,True,,2025-10-28T00:00:00
R004921,Student_047,ASM005,Q0026,varies,True,,2025-10-28T00:00:00
R004922,Student_047,ASM005,Q0007,varies,True,,2025-10-28T00:00:00
R004923,Student_047,ASM005,Q0094,varies,True,,2025-10-28T00:00:00
R004924,Student_047,ASM005,Q0121,varies,True,,2025-10-28T00:00:00
R004925,Student_047,ASM005,Q0174,varies,True,,2025-10-28T00:00:00
R004926,Student_047,ASM005,Q0172,varies,True,,2025-10-28T00:00:00
R004927,Student_047,ASM005,Q0120,varies,True,,2025-10-28T00:00:00
R004928,Student_047,ASM005,Q0090,varies,True,,2025-10-28T00:00:00
R004929,Student_047,ASM005,Q0180,varies,True,,2025-10-28T00:00:00
R004930,Student_047,ASM005,Q0004,varies,True,,2025-10-28T00:00:00
R004931,Student_047,ASM005,Q0055,varies,True,,2025-10-28T00:00:00
R004932,Student_047,ASM005,Q0116,varies,True,,2025-10-28T00:00:00
R004933,Student_047,ASM005,Q0029,varies,True,,2025-10-28T00:00:00
R004934,Student_047,ASM005,Q0040,varies,True,,2025-10-28T00:00:00
R004935,Student_047,ASM005,Q0178,varies,True,,2025-10-28T00:00:00
R004936,Student_047,ASM005,Q0056,varies,True,,2025-10-28T00:00:00
R004937,Student_047,ASM005,Q0112,varies,True,,2025-10-28T00:00:00
R004938,Student_047,ASM005,Q0027,varies,True,,2025-10-28T00:00:00
R004939,Student_047,ASM005,Q0022,varies,True,,2025-10-28T00:00:00
R004940,Student_047,ASM005,Q0018,varies,True,,2025-10-28T00:00:00
R004941,Student_048,ASM005,Q0026,incorrect_denominator_handling,False,denominator_handling,2025-10-28T00:00:00
R004942,Student_048,ASM005,Q0007,incorrect_denominator_handling,False,denominator_handling,2025-10-28T00:00:00
R004943,Student_048,ASM005,Q0094,varies,True,,2025-10-28T00:00:00
R004944,Student_048,ASM005,Q0121,varies,True,,2025-10-28T00:00:00
R004945,Student_048,ASM005,Q0174,varies,True,,2025-10-28T00:00:00
R004946,Student_048,ASM005,Q0172,varies,True,,2025-10-28T00:00:00
R004947,Student_048,ASM005,Q0120,varies,True,,2025-10-28T00:00:00
R004948,Student_048,ASM005,Q0090,varies,True,,2025-10-28T00:00:00
R004949,Student_048,ASM005,Q0180,varies,True,,2025-10-28T00:00:00
R004950,Student_048,ASM005,Q0004,incorrect_denominator_handling,False,denominator_handling,2025-10-28T00:00:00
R004951,Student_048,ASM005,Q0055,varies,True,,2025-10-28T00:00:00
R004952,Student_048,ASM005,Q0116,varies,True,,2025-10-28T00:00:00
R004953,Student_048,ASM005,Q0029,varies,True,,2025-10-28T00:00:00
R004954,Student_048,ASM005,Q0040,varies,True,,2025-10-28T00:00:00
R004955,Student_048,ASM005,Q0178,varies,True,,2025-10-28T00:00:00
R004956,Student_048,ASM005,Q0056,varies,True,,2025-10-28T00:00:00
R004957,Student_048,ASM005,Q0112,varies,True,,2025-10-28T00:00:00
R004958,Student_048,ASM005,Q0027,varies,True,,2025-10-28T00:00:00
R004959,Student_048,ASM005,Q0022,incorrect_simplification,False,simplification,2025-10-28T00:00:00
R004960,Student_048,ASM005,Q0018,incorrect_simplification,False,simplification,2025-10-28T00:00:00
R004961,Student_049,ASM005,Q0026,varies,True,,2025-10-28T00:00:00
R004962,Student_049,ASM005,Q0007,incorrect_simplification,False,simplification,2025-10-28T00:00:00
R004963,Student_049,ASM005,Q0094,incorrect_sign_error,False,sign_error,2025-10-28T00:00:00
R004964,Student_049,ASM005,Q0121,varies,True,,2025-10-28T00:00:00
R004965,Student_049,ASM005,Q0174,varies,True,,2025-10-28T00:00:00
R004966,Student_049,ASM005,Q0172,varies,True,,2025-10-28T00:00:00
R004967,Student_049,ASM005,Q0120,varies,True,,2025-10-28T00:00:00
R004968,Student_049,ASM005,Q0090,incorrect_conceptual,False,conceptual,2025-10-28T00:00:00
R004969,Student_049,ASM005,Q0180,varies,True,,2025-10-28T00:00:00
R004970,Student_049,ASM005,Q0004,varies,True,,2025-10-28T00:00:00
R004971,Student_049,ASM005,Q0055,varies,True,,2025-10-28T00:00:00
R004972,Student_049,ASM005,Q0116,varies,True,,2025-10-28T00:00:00
R004973,Student_049,ASM005,Q0029,varies,True,,2025-10-28T00:00:00
R004974,Student_049,ASM005,Q0040,varies,True,,2025-10-28T00:00:00
R004975,Student_049,ASM005,Q0178,varies,True,,2025-10-28T00:00:00
R004976,Student_049,ASM005,Q0056,varies,True,,2025-10-28T00:00:00
R004977,Student_049,ASM005,Q0112,incorrect_conceptual,False,conceptual,2025-10-28T00:00:00
R004978,Student_049,ASM005,Q0027,varies,True,,2025-10-28T00:00:00
R004979,Student_049,ASM005,Q0022,varies,True,,2025-10-28T00:00:00
R004980,Student_049,ASM005,Q0018,varies,True,,2025-10-28T00:00:00
R004981,Student_050,ASM005,Q0026,varies,True,,2025-10-28T00:00:00
R004982,Student_050,ASM005,Q0007,varies,True,,2025-10-28T00:00:00
R004983,Student_050,ASM005,Q0094,varies,True,,2025-10-28T00:00:00
R004984,Student_050,ASM005,Q0121,varies,True,,2025-10-28T00:00:00
R004985,Student_050,ASM005,Q0174,varies,True,,2025-10-28T00:00:00
R004986,Student_050,ASM005,Q0172,varies,True,,2025-10-28T00:00:00
R004987,Student_050,ASM005,Q0120,varies,True,,2025-10-28T00:00:00
R004988,Student_050,ASM005,Q0090,varies,True,,2025-10-28T00:00:00
R004989,Student_050,ASM005,Q0180,incorrect_conceptual,False,conceptual,2025-10-28T00:00:00
R004990,Student_050,ASM005,Q0004,incorrect_arithmetic,False,arithmetic,2025-10-28T00:00:00
R004991,Student_050,ASM005,Q0055,varies,True,,2025-10-28T00:00:00
R004992,Student_050,ASM005,Q0116,varies,True,,2025-10-28T00:00:00
R004993,Student_050,ASM005,Q0029,varies,True,,2025-10-28T00:00:00
R004994,Student_050,ASM005,Q0040,varies,True,,2025-10-28T00:00:00
R004995,Student_050,ASM005,Q0178,incorrect_conceptual,False,conceptual,2025-10-28T00:00:00
R004996,Student_050,ASM005,Q0056,varies,True,,2025-10-28T00:00:00
R004997,Student_050,ASM005,Q0112,varies,True,,2025-10-28T00:00:00
R004998,Student_050,ASM005,Q0027,varies,True,,2025-10-28T00:00:00
R004999,Student_050,ASM005,Q0022,incorrect_denominator_handling,False,denominator_handling,2025-10-28T00:00:00
R005000,Student_050,ASM005,Q0018,incorrect_simplification,False,simplification,2025-10-28T00:00:00
R005001,Student_001,ASM006,Q0020,varies,True,,2025-11-18T00:00:00
R005002,Student_001,ASM006,Q0144,varies,True,,2025-11-18T00:00:00
R005003,Student_001,ASM006,Q0098,varies,True,,2025-11-18T00:00:00
R005004,Student_001,ASM006,Q0039,varies,True,,2025-11-18T00:00:00
R005005,Student_001,ASM006,Q0166,varies,True,,2025-11-18T00:00:00
R005006,Student_001,ASM006,Q0062,incorrect_careless,False,careless,2025-11-18T00:00:00
R005007,Student_001,ASM006,Q0012,varies,True,,2025-11-18T00:00:00
R005008,Student_001,ASM006,Q0005,varies,True,,2025-11-18T00:00:00
R005009,Student_001,ASM006,Q0085,varies,True,,2025-11-18T00:00:00
R005010,Student_001,ASM006,Q0014,varies,True,,2025-11-18T00:00:00
R005011,Student_001,ASM006,Q0089,varies,True,,2025-11-18T00:00:00
R005012,Student_001,ASM006,Q0093,varies,True,,2025-11-18T00:00:00
R005013,Student_001,ASM006,Q0013,varies,True,,2025-11-18T00:00:00
R005014,Student_001,ASM006,Q0060,varies,True,,2025-11-18T00:00:00
R005015,Student_001,ASM006,Q0132,incorrect_area_perimeter_confusion,False,area_perimeter_confusion,2025-11-18T00:00:00
R005016,Student_001,ASM006,Q0088,incorrect_sign_error,False,sign_error,2025-11-18T00:00:00
R005017,Student_001,ASM006,Q0109,varies,True,,2025-11-18T00:00:00
R005018,Student_001,ASM006,Q0100,varies,True,,2025-11-18T00:00:00
R005019,Student_001,ASM006,Q0055,varies,True,,2025-11-18T00:00:00
R005020,Student_001,ASM006,Q0072,varies,True,,2025-11-18T00:00:00
R005021,Student_002,ASM006,Q0020,varies,True,,2025-11-18T00:00:00
R005022,Student_002,ASM006,Q0144,incorrect_arithmetic,False,arithmetic,2025-11-18T00:00:00
R005023,Student_002,ASM006,Q0098,varies,True,,2025-11-18T00:00:00
R005024,Student_002,ASM006,Q0039,incorrect_arithmetic,False,arithmetic,2025-11-18T00:00:00
R005025,Student_002,ASM006,Q0166,varies,True,,2025-11-18T00:00:00
R005026,Student_002,ASM006,Q0062,varies,True,,2025-11-18T00:00:00
R005027,Student_002,ASM006,Q0012,varies,True,,2025-11-18T00:00:00
R005028,Student_002,ASM006,Q0005,varies,True,,2025-11-18T00:00:00
R005029,Student_002,ASM006,Q0085,varies,True,,2025-11-18T00:00:00
R005030,Student_002,ASM006,Q0014,varies,True,,2025-11-18T00:00:00
R005031,Student_002,ASM006,Q0089,varies,True,,2025-11-18T00:00:00
R005032,Student_002,ASM006,Q0093,incorrect_arithmetic,False,arithmetic,2025-11-18T00:00:00
R005033,Student_002,ASM006,Q0013,incorrect_arithmetic,False,arithmetic,2025-11-18T00:00:00
R005034,Student_002,ASM006,Q0060,varies,True,,2025-11-18T00:00:00
R005035,Student_002,ASM006,Q0132,incorrect_arithmetic,False,arithmetic,2025-11-18T00:00:00
R005036,Student_002,ASM006,Q0088,varies,True,,2025-11-18T00:00:00
R005037,Student_002,ASM006,Q0109,varies,True,,2025-11-18T00:00:00
R005038,Student_002,ASM006,Q0100,incorrect_sign_error,False,sign_error,2025-11-18T00:00:00
R005039,Student_002,ASM006,Q0055,varies,True,,2025-11-18T00:00:00
R005040,Student_002,ASM006,Q0072,incorrect_decimal_placement,False,decimal_placement,2025-11-18T00:00:00
R005041,Student_003,ASM006,Q0020,varies,True,,2025-11-18T00:00:00
R005042,Student_003,ASM006,Q0144,varies,True,,2025-11-18T00:00:00
R005043,Student_003,ASM006,Q0098,varies,True,,2025-11-18T00:00:00
R005044,Student_003,ASM006,Q0039,incorrect_simplification,False,simplification,2025-11-18T00:00:00
R005045,Student_003,ASM006,Q0166,varies,True,,2025-11-18T00:00:00
R005046,Student_003,ASM006,Q0062,incorrect_arithmetic,False,arithmetic,2025-11-18T00:00:00
R005047,Student_003,ASM006,Q0012,varies,True,,2025-11-18T00:00:00
R005048,Student_003,ASM006,Q0005,varies,True,,2025-11-18T00:00:00
R005049,Student_003,ASM006,Q0085,varies,True,,2025-11-18T00:00:00
R005050,Student_003,ASM006,Q0014,varies,True,,2025-11-18T00:00:00
R005051,Student_003,ASM006,Q0089,varies,True,,2025-11-18T00:00:00
R005052,Student_003,ASM006,Q0093,incorrect_arithmetic,False,arithmetic,2025-11-18T00:00:00
R005053,Student_003,ASM006,Q0013,varies,True,,2025-11-18T00:00:00
R005054,Student_003,ASM006,Q0060,varies,True,,2025-11-18T00:00:00
R005055,Student_003,ASM006,Q0132,varies,True,,2025-11-18T00:00:00
R005056,Student_003,ASM006,Q0088,varies,True,,2025-11-18T00:00:00
R005057,Student_003,ASM006,Q0109,varies,True,,2025-11-18T00:00:00
R005058,Student_003,ASM006,Q0100,varies,True,,2025-11-18T00:00:00
R005059,Student_003,ASM006,Q0055,varies,True,,2025-11-18T00:00:00
R005060,Student_003,ASM006,Q0072,varies,True,,2025-11-18T00:00:00
R005061,Student_004,ASM006,Q0020,varies,True,,2025-11-18T00:00:00
R005062,Student_004,ASM006,Q0144,varies,True,,2025-11-18T00:00:00
R005063,Student_004,ASM006,Q0098,incorrect_arithmetic,False,arithmetic,2025-11-18T00:00:00
R005064,Student_004,ASM006,Q0039,incorrect_simplification,False,simplification,2025-11-18T00:00:00
R005065,Student_004,ASM006,Q0166,varies,True,,2025-11-18T00:00:00
R005066,Student_004,ASM006,Q0062,varies,True,,2025-11-18T00:00:00
R005067,Student_004,ASM006,Q0012,incorrect_denominator_handling,False,denominator_handling,2025-11-18T00:00:00
R005068,Student_004,ASM006,Q0005,incorrect_denominator_handling,False,denominator_handling,2025-11-18T00:00:00
R005069,Student_004,ASM006,Q0085,varies,True,,2025-11-18T00:00:00
R005070,Student_004,ASM006,Q0014,incorrect_simplification,False,simplification,2025-11-18T00:00:00
R005071,Student_004,ASM006,Q0089,incorrect_arithmetic,False,arithmetic,2025-11-18T00:00:00
R005072,Student_004,ASM006,Q0093,incorrect_conceptual,False,conceptual,2025-11-18T00:00:00
R005073,Student_004,ASM006,Q0013,varies,True,,2025-11-18T00:00:00
R005074,Student_004,ASM006,Q0060,varies,True,,2025-11-18T00:00:00
R005075,Student_004,ASM006,Q0132,incorrect_unit_conversion,False,unit_conversion,2025-11-18T00:00:00
R005076,Student_004,ASM006,Q0088,varies,True,,2025-11-18T00:00:00
R005077,Student_004,ASM006,Q0109,varies,True,,2025-11-18T00:00:00
R005078,Student_004,ASM006,Q0100,incorrect_sign_error,False,sign_error,2025-11-18T00:00:00
R005079,Student_004,ASM006,Q0055,varies,True,,2025-11-18T00:00:00
R005080,Student_004,ASM006,Q0072,varies,True,,2025-11-18T00:00:00
R005081,Student_005,ASM006,Q0020,varies,True,,2025-11-18T00:00:00
R005082,Student_005,ASM006,Q0144,varies,True,,2025-11-18T00:00:00
R005083,Student_005,ASM006,Q0098,varies,True,,2025-11-18T00:00:00
R005084,Student_005,ASM006,Q0039,varies,True,,2025-11-18T00:00:00
R005085,Student_005,ASM006,Q0166,varies,True,,2025-11-18T00:00:00
R005086,Student_005,ASM006,Q0062,varies,True,,2025-11-18T00:00:00
R005087,Student_005,ASM006,Q0012,varies,True,,2025-11-18T00:00:00
R005088,Student_005,ASM006,Q0005,varies,True,,2025-11-18T00:00:00
R005089,Student_005,ASM006,Q0085,incorrect_conceptual,False,conceptual,2025-11-18T00:00:00
R005090,Student_005,ASM006,Q0014,varies,True,,2025-11-18T00:00:00
R005091,Student_005,ASM006,Q0089,varies,True,,2025-11-18T00:00:00
R005092,Student_005,ASM006,Q0093,varies,True,,2025-11-18T00:00:00
R005093,Student_005,ASM006,Q0013,varies,True,,2025-11-18T00:00:00
R005094,Student_005,ASM006,Q0060,varies,True,,2025-11-18T00:00:00
R005095,Student_005,ASM006,Q0132,varies,True,,2025-11-18T00:00:00
R005096,Student_005,ASM006,Q0088,incorrect_arithmetic,False,arithmetic,2025-11-18T00:00:00
R005097,Student_005,ASM006,Q0109,varies,True,,2025-11-18T00:00:00
R005098,Student_005,ASM006,Q0100,varies,True,,2025-11-18T00:00:00
R005099,Student_005,ASM006,Q0055,varies,True,,2025-11-18T00:00:00
R005100,Student_005,ASM006,Q0072,varies,True,,2025-11-18T00:00:00
R005101,Student_006,ASM006,Q0020,varies,True,,2025-11-18T00:00:00
R005102,Student_006,ASM006,Q0144,varies,True,,2025-11-18T00:00:00
R005103,Student_006,ASM006,Q0098,varies,True,,2025-11-18T00:00:00
R005104,Student_006,ASM006,Q0039,varies,True,,2025-11-18T00:00:00
R005105,Student_006,ASM006,Q0166,incorrect_conceptual,False,conceptual,2025-11-18T00:00:00
R005106,Student_006,ASM006,Q0062,varies,True,,2025-11-18T00:00:00
R005107,Student_006,ASM006,Q0012,varies,True,,2025-11-18T00:00:00
R005108,Student_006,ASM006,Q0005,varies,True,,2025-11-18T00:00:00
R005109,Student_006,ASM006,Q0085,varies,True,,2025-11-18T00:00:00
R005110,Student_006,ASM006,Q0014,varies,True,,2025-11-18T00:00:00
R005111,Student_006,ASM006,Q0089,varies,True,,2025-11-18T00:00:00
R005112,Student_006,ASM006,Q0093,varies,True,,2025-11-18T00:00:00
R005113,Student_006,ASM006,Q0013,varies,True,,2025-11-18T00:00:00
R005114,Student_006,ASM006,Q0060,varies,True,,2025-11-18T00:00:00
R005115,Student_006,ASM006,Q0132,varies,True,,2025-11-18T00:00:00
R005116,Student_006,ASM006,Q0088,varies,True,,2025-11-18T00:00:00
R005117,Student_006,ASM006,Q0109,varies,True,,2025-11-18T00:00:00
R005118,Student_006,ASM006,Q0100,varies,True,,2025-11-18T00:00:00
R005119,Student_006,ASM006,Q0055,varies,True,,2025-11-18T00:00:00
R005120,Student_006,ASM006,Q0072,varies,True,,2025-11-18T00:00:00
R005121,Student_007,ASM006,Q0020,incorrect_denominator_handling,False,denominator_handling,2025-11-18T00:00:00
R005122,Student_007,ASM006,Q0144,varies,True,,2025-11-18T00:00:00
R005123,Student_007,ASM006,Q0098,incorrect_formula_selection,False,formula_selection,2025-11-18T00:00:00
R005124,Student_007,ASM006,Q0039,varies,True,,2025-11-18T00:00:00
R005125,Student_007,ASM006,Q0166,varies,True,,2025-11-18T00:00:00
R005126,Student_007,ASM006,Q0062,varies,True,,2025-11-18T00:00:00
R005127,Student_007,ASM006,Q0012,varies,True,,2025-11-18T00:00:00
R005128,Student_007,ASM006,Q0005,varies,True,,2025-11-18T00:00:00
R005129,Student_007,ASM006,Q0085,varies,True,,2025-11-18T00:00:00
R005130,Student_007,ASM006,Q0014,varies,True,,2025-11-18T00:00:00
R005131,Student_007,ASM006,Q0089,varies,True,,2025-11-18T00:00:00
R005132,Student_007,ASM006,Q0093,incorrect_formula_selection,False,formula_selection,2025-11-18T00:00:00
R005133,Student_007,ASM006,Q0013,varies,True,,2025-11-18T00:00:00
R005134,Student_007,ASM006,Q0060,incorrect_arithmetic,False,arithmetic,2025-11-18T00:00:00
R005135,Student_007,ASM006,Q0132,incorrect_unit_conversion,False,unit_conversion,2025-11-18T00:00:00
R005136,Student_007,ASM006,Q0088,incorrect_sign_error,False,sign_error,2025-11-18T00:00:00
R005137,Student_007,ASM006,Q0109,varies,True,,2025-11-18T00:00:00
R005138,Student_007,ASM006,Q0100,incorrect_formula_selection,False,formula_selection,2025-11-18T00:00:00
R005139,Student_007,ASM006,Q0055,varies,True,,2025-11-18T00:00:00
R005140,Student_007,ASM006,Q0072,varies,True,,2025-11-18T00:00:00
R005141,Student_008,ASM006,Q0020,varies,True,,2025-11-18T00:00:00
R005142,Student_008,ASM006,Q0144,varies,True,,2025-11-18T00:00:00
R005143,Student_008,ASM006,Q0098,varies,True,,2025-11-18T00:00:00
R005144,Student_008,ASM006,Q0039,incorrect_simplification,False,simplification,2025-11-18T00:00:00
R005145,Student_008,ASM006,Q0166,varies,True,,2025-11-18T00:00:00
R005146,Student_008,ASM006,Q0062,incorrect_decimal_placement,False,decimal_placement,2025-11-18T00:00:00
R005147,Student_008,ASM006,Q0012,varies,True,,2025-11-18T00:00:00
R005148,Student_008,ASM006,Q0005,varies,True,,2025-11-18T00:00:00
R005149,Student_008,ASM006,Q0085,varies,True,,2025-11-18T00:00:00
R005150,Student_008,ASM006,Q0014,incorrect_simplification,False,simplification,2025-11-18T00:00:00
R005151,Student_008,ASM006,Q0089,varies,True,,2025-11-18T00:00:00
R005152,Student_008,ASM006,Q0093,varies,True,,2025-11-18T00:00:00
R005153,Student_008,ASM006,Q0013,varies,True,,2025-11-18T00:00:00
R005154,Student_008,ASM006,Q0060,varies,True,,2025-11-18T00:00:00
R005155,Student_008,ASM006,Q0132,varies,True,,2025-11-18T00:00:00
R005156,Student_008,ASM006,Q0088,incorrect_arithmetic,False,arithmetic,2025-11-18T00:00:00
R005157,Student_008,ASM006,Q0109,varies,True,,2025-11-18T00:00:00
R005158,Student_008,ASM006,Q0100,incorrect_formula_selection,False,formula_selection,2025-11-18T00:00:00
R005159,Student_008,ASM006,Q0055,incorrect_decimal_placement,False,decimal_placement,2025-11-18T00:00:00
R005160,Student_008,ASM006,Q0072,varies,True,,2025-11-18T00:00:00
R005161,Student_009,ASM006,Q0020,varies,True,,2025-11-18T00:00:00
R005162,Student_009,ASM006,Q0144,varies,True,,2025-11-18T00:00:00
R005163,Student_009,ASM006,Q0098,varies,True,,2025-11-18T00:00:00
R005164,Student_009,ASM006,Q0039,incorrect_arithmetic,False,arithmetic,2025-11-18T00:00:00
R005165,Student_009,ASM006,Q0166,varies,True,,2025-11-18T00:00:00
R005166,Student_009,ASM006,Q0062,varies,True,,2025-11-18T00:00:00
R005167,Student_009,ASM006,Q0012,varies,True,,2025-11-18T00:00:00
R005168,Student_009,ASM006,Q0005,varies,True,,2025-11-18T00:00:00
R005169,Student_009,ASM006,Q0085,varies,True,,2025-11-18T00:00:00
R005170,Student_009,ASM006,Q0014,varies,True,,2025-11-18T00:00:00
R005171,Student_009,ASM006,Q0089,varies,True,,2025-11-18T00:00:00
R005172,Student_009,ASM006,Q0093,varies,True,,2025-11-18T00:00:00
R005173,Student_009,ASM006,Q0013,varies,True,,2025-11-18T00:00:00
R005174,Student_009,ASM006,Q0060,incorrect_decimal_placement,False,decimal_placement,2025-11-18T00:00:00
R005175,Student_009,ASM006,Q0132,varies,True,,2025-11-18T00:00:00
R005176,Student_009,ASM006,Q0088,varies,True,,2025-11-18T00:00:00
R005177,Student_009,ASM006,Q0109,varies,True,,2025-11-18T00:00:00
R005178,Student_009,ASM006,Q0100,varies,True,,2025-11-18T00:00:00
R005179,Student_009,ASM006,Q0055,varies,True,,2025-11-18T00:00:00
R005180,Student_009,ASM006,Q0072,varies,True,,2025-11-18T00:00:00
R005181,Student_010,ASM006,Q0020,incorrect_careless,False,careless,2025-11-18T00:00:00
R005182,Student_010,ASM006,Q0144,varies,True,,2025-11-18T00:00:00
R005183,Student_010,ASM006,Q0098,varies,True,,2025-11-18T00:00:00
R005184,Student_010,ASM006,Q0039,varies,True,,2025-11-18T00:00:00
R005185,Student_010,ASM006,Q0166,varies,True,,2025-11-18T00:00:00
R005186,Student_010,ASM006,Q0062,varies,True,,2025-11-18T00:00:00
R005187,Student_010,ASM006,Q0012,varies,True,,2025-11-18T00:00:00
R005188,Student_010,ASM006,Q0005,varies,True,,2025-11-18T00:00:00
R005189,Student_010,ASM006,Q0085,incorrect_arithmetic,False,arithmetic,2025-11-18T00:00:00
R005190,Student_010,ASM006,Q0014,varies,True,,2025-11-18T00:00:00
R005191,Student_010,ASM006,Q0089,incorrect_formula_selection,False,formula_selection,2025-11-18T00:00:00
R005192,Student_010,ASM006,Q0093,varies,True,,2025-11-18T00:00:00
R005193,Student_010,ASM006,Q0013,varies,True,,2025-11-18T00:00:00
R005194,Student_010,ASM006,Q0060,varies,True,,2025-11-18T00:00:00
R005195,Student_010,ASM006,Q0132,varies,True,,2025-11-18T00:00:00
R005196,Student_010,ASM006,Q0088,varies,True,,2025-11-18T00:00:00
R005197,Student_010,ASM006,Q0109,incorrect_conceptual,False,conceptual,2025-11-18T00:00:00
R005198,Student_010,ASM006,Q0100,incorrect_formula_selection,False,formula_selection,2025-11-18T00:00:00
R005199,Student_010,ASM006,Q0055,varies,True,,2025-11-18T00:00:00
R005200,Student_010,ASM006,Q0072,varies,True,,2025-11-18T00:00:00
R005201,Student_011,ASM006,Q0020,varies,True,,2025-11-18T00:00:00
R005202,Student_011,ASM006,Q0144,varies,True,,2025-11-18T00:00:00
R005203,Student_011,ASM006,Q0098,varies,True,,2025-11-18T00:00:00
R005204,Student_011,ASM006,Q0039,varies,True,,2025-11-18T00:00:00
R005205,Student_011,ASM006,Q0166,varies,True,,2025-11-18T00:00:00
R005206,Student_011,ASM006,Q0062,varies,True,,2025-11-18T00:00:00
R005207,Student_011,ASM006,Q0012,varies,True,,2025-11-18T00:00:00
R005208,Student_011,ASM006,Q0005,varies,True,,2025-11-18T00:00:00
R005209,Student_011,ASM006,Q0085,varies,True,,2025-11-18T00:00:00
R005210,Student_011,ASM006,Q0014,varies,True,,2025-11-18T00:00:00
R005211,Student_011,ASM006,Q0089,varies,True,,2025-11-18T00:00:00
R005212,Student_011,ASM006,Q0093,varies,True,,2025-11-18T00:00:00
R005213,Student_011,ASM006,Q0013,varies,True,,2025-11-18T00:00:00
R005214,Student_011,ASM006,Q0060,varies,True,,2025-11-18T00:00:00
R005215,Student_011,ASM006,Q0132,varies,True,,2025-11-18T00:00:00
R005216,Student_011,ASM006,Q0088,varies,True,,2025-11-18T00:00:00
R005217,Student_011,ASM006,Q0109,varies,True,,2025-11-18T00:00:00
R005218,Student_011,ASM006,Q0100,varies,True,,2025-11-18T00:00:00
R005219,Student_011,ASM006,Q0055,varies,True,,2025-11-18T00:00:00
R005220,Student_011,ASM006,Q0072,varies,True,,2025-11-18T00:00:00
R005221,Student_012,ASM006,Q0020,varies,True,,2025-11-18T00:00:00
R005222,Student_012,ASM006,Q0144,varies,True,,2025-11-18T00:00:00
R005223,Student_012,ASM006,Q0098,incorrect_formula_selection,False,formula_selection,2025-11-18T00:00:00
R005224,Student_012,ASM006,Q0039,incorrect_simplification,False,simplification,2025-11-18T00:00:00
R005225,Student_012,ASM006,Q0166,varies,True,,2025-11-18T00:00:00
R005226,Student_012,ASM006,Q0062,varies,True,,2025-11-18T00:00:00
R005227,Student_012,ASM006,Q0012,incorrect_simplification,False,simplification,2025-11-18T00:00:00
R005228,Student_012,ASM006,Q0005,incorrect_simplification,False,simplification,2025-11-18T00:00:00
R005229,Student_012,ASM006,Q0085,varies,True,,2025-11-18T00:00:00
R005230,Student_012,ASM006,Q0014,varies,True,,2025-11-18T00:00:00
R005231,Student_012,ASM006,Q0089,varies,True,,2025-11-18T00:00:00
R005232,Student_012,ASM006,Q0093,incorrect_conceptual,False,conceptual,2025-11-18T00:00:00
R005233,Student_012,ASM006,Q0013,incorrect_simplification,False,simplification,2025-11-18T00:00:00
R005234,Student_012,ASM006,Q0060,varies,True,,2025-11-18T00:00:00
R005235,Student_012,ASM006,Q0132,varies,True,,2025-11-18T00:00:00
R005236,Student_012,ASM006,Q0088,varies,True,,2025-11-18T00:00:00
R005237,Student_012,ASM006,Q0109,varies,True,,2025-11-18T00:00:00
R005238,Student_012,ASM006,Q0100,varies,True,,2025-11-18T00:00:00
R005239,Student_012,ASM006,Q0055,varies,True,,2025-11-18T00:00:00
R005240,Student_012,ASM006,Q0072,varies,True,,2025-11-18T00:00:00
R005241,Student_013,ASM006,Q0020,varies,True,,2025-11-18T00:00:00
R005242,Student_013,ASM006,Q0144,varies,True,,2025-11-18T00:00:00
R005243,Student_013,ASM006,Q0098,varies,True,,2025-11-18T00:00:00
R005244,Student_013,ASM006,Q0039,varies,True,,2025-11-18T00:00:00
R005245,Student_013,ASM006,Q0166,varies,True,,2025-11-18T00:00:00
R005246,Student_013,ASM006,Q0062,varies,True,,2025-11-18T00:00:00
R005247,Student_013,ASM006,Q0012,varies,True,,2025-11-18T00:00:00
R005248,Student_013,ASM006,Q0005,varies,True,,2025-11-18T00:00:00
R005249,Student_013,ASM006,Q0085,incorrect_formula_selection,False,formula_selection,2025-11-18T00:00:00
R005250,Student_013,ASM006,Q0014,varies,True,,2025-11-18T00:00:00
R005251,Student_013,ASM006,Q0089,varies,True,,2025-11-18T00:00:00
R005252,Student_013,ASM006,Q0093,varies,True,,2025-11-18T00:00:00
R005253,Student_013,ASM006,Q0013,varies,True,,2025-11-18T00:00:00
R005254,Student_013,ASM006,Q0060,incorrect_arithmetic,False,arithmetic,2025-11-18T00:00:00
R005255,Student_013,ASM006,Q0132,varies,True,,2025-11-18T00:00:00
R005256,Student_013,ASM006,Q0088,varies,True,,2025-11-18T00:00:00
R005257,Student_013,ASM006,Q0109,varies,True,,2025-11-18T00:00:00
R005258,Student_013,ASM006,Q0100,incorrect_sign_error,False,sign_error,2025-11-18T00:00:00
R005259,Student_013,ASM006,Q0055,varies,True,,2025-11-18T00:00:00
R005260,Student_013,ASM006,Q0072,varies,True,,2025-11-18T00:00:00
R005261,Student_014,ASM006,Q0020,incorrect_denominator_handling,False,denominator_handling,2025-11-18T00:00:00
R005262,Student_014,ASM006,Q0144,incorrect_careless,False,careless,2025-11-18T00:00:00
R005263,Student_014,ASM006,Q0098,varies,True,,2025-11-18T00:00:00
R005264,Student_014,ASM006,Q0039,incorrect_conceptual,False,conceptual,2025-11-18T00:00:00
R005265,Student_014,ASM006,Q0166,incorrect_arithmetic,False,arithmetic,2025-11-18T00:00:00
R005266,Student_014,ASM006,Q0062,incorrect_careless,False,careless,2025-11-18T00:00:00
R005267,Student_014,ASM006,Q0012,varies,True,,2025-11-18T00:00:00
R005268,Student_014,ASM006,Q0005,varies,True,,2025-11-18T00:00:00
R005269,Student_014,ASM006,Q0085,varies,True,,2025-11-18T00:00:00
R005270,Student_014,ASM006,Q0014,varies,True,,2025-11-18T00:00:00
R005271,Student_014,ASM006,Q0089,varies,True,,2025-11-18T00:00:00
R005272,Student_014,ASM006,Q0093,varies,True,,2025-11-18T00:00:00
R005273,Student_014,ASM006,Q0013,varies,True,,2025-11-18T00:00:00
R005274,Student_014,ASM006,Q0060,varies,True,,2025-11-18T00:00:00
R005275,Student_014,ASM006,Q0132,incorrect_unit_conversion,False,unit_conversion,2025-11-18T00:00:00
R005276,Student_014,ASM006,Q0088,incorrect_formula_selection,False,formula_selection,2025-11-18T00:00:00
R005277,Student_014,ASM006,Q0109,varies,True,,2025-11-18T00:00:00
R005278,Student_014,ASM006,Q0100,varies,True,,2025-11-18T00:00:00
R005279,Student_014,ASM006,Q0055,incorrect_decimal_placement,False,decimal_placement,2025-11-18T00:00:00
R005280,Student_014,ASM006,Q0072,varies,True,,2025-11-18T00:00:00
R005281,Student_015,ASM006,Q0020,varies,True,,2025-11-18T00:00:00
R005282,Student_015,ASM006,Q0144,varies,True,,2025-11-18T00:00:00
R005283,Student_015,ASM006,Q0098,varies,True,,2025-11-18T00:00:00
R005284,Student_015,ASM006,Q0039,varies,True,,2025-11-18T00:00:00
R005285,Student_015,ASM006,Q0166,varies,True,,2025-11-18T00:00:00
R005286,Student_015,ASM006,Q0062,varies,True,,2025-11-18T00:00:00
R005287,Student_015,ASM006,Q0012,varies,True,,2025-11-18T00:00:00
R005288,Student_015,ASM006,Q0005,varies,True,,2025-11-18T00:00:00
R005289,Student_015,ASM006,Q0085,varies,True,,2025-11-18T00:00:00
R005290,Student_015,ASM006,Q0014,varies,True,,2025-11-18T00:00:00
R005291,Student_015,ASM006,Q0089,varies,True,,2025-11-18T00:00:00
R005292,Student_015,ASM006,Q0093,incorrect_conceptual,False,conceptual,2025-11-18T00:00:00
R005293,Student_015,ASM006,Q0013,varies,True,,2025-11-18T00:00:00
R005294,Student_015,ASM006,Q0060,varies,True,,2025-11-18T00:00:00
R005295,Student_015,ASM006,Q0132,incorrect_area_perimeter_confusion,False,area_perimeter_confusion,2025-11-18T00:00:00
R005296,Student_015,ASM006,Q0088,incorrect_conceptual,False,conceptual,2025-11-18T00:00:00
R005297,Student_015,ASM006,Q0109,varies,True,,2025-11-18T00:00:00
R005298,Student_015,ASM006,Q0100,varies,True,,2025-11-18T00:00:00
R005299,Student_015,ASM006,Q0055,varies,True,,2025-11-18T00:00:00
R005300,Student_015,ASM006,Q0072,varies,True,,2025-11-18T00:00:00
R005301,Student_016,ASM006,Q0020,varies,True,,2025-11-18T00:00:00
R005302,Student_016,ASM006,Q0144,incorrect_arithmetic,False,arithmetic,2025-11-18T00:00:00
R005303,Student_016,ASM006,Q0098,varies,True,,2025-11-18T00:00:00
R005304,Student_016,ASM006,Q0039,varies,True,,2025-11-18T00:00:00
R005305,Student_016,ASM006,Q0166,varies,True,,2025-11-18T00:00:00
R005306,Student_016,ASM006,Q0062,incorrect_careless,False,careless,2025-11-18T00:00:00
R005307,Student_016,ASM006,Q0012,varies,True,,2025-11-18T00:00:00
R005308,Student_016,ASM006,Q0005,varies,True,,2025-11-18T00:00:00
R005309,Student_016,ASM006,Q0085,incorrect_conceptual,False,conceptual,2025-11-18T00:00:00
R005310,Student_016,ASM006,Q0014,incorrect_denominator_handling,False,denominator_handling,2025-11-18T00:00:00
R005311,Student_016,ASM006,Q0089,incorrect_conceptual,False,conceptual,2025-11-18T00:00:00
R005312,Student_016,ASM006,Q0093,varies,True,,2025-11-18T00:00:00
R005313,Student_016,ASM006,Q0013,incorrect_arithmetic,False,arithmetic,2025-11-18T00:00:00
R005314,Student_016,ASM006,Q0060,incorrect_careless,False,careless,2025-11-18T00:00:00
R005315,Student_016,ASM006,Q0132,varies,True,,2025-11-18T00:00:00
R005316,Student_016,ASM006,Q0088,varies,True,,2025-11-18T00:00:00
R005317,Student_016,ASM006,Q0109,varies,True,,2025-11-18T00:00:00
R005318,Student_016,ASM006,Q0100,incorrect_sign_error,False,sign_error,2025-11-18T00:00:00
R005319,Student_016,ASM006,Q0055,incorrect_arithmetic,False,arithmetic,2025-11-18T00:00:00
R005320,Student_016,ASM006,Q0072,varies,True,,2025-11-18T00:00:00
R005321,Student_017,ASM006,Q0020,varies,True,,2025-11-18T00:00:00
R005322,Student_017,ASM006,Q0144,varies,True,,2025-11-18T00:00:00
R005323,Student_017,ASM006,Q0098,varies,True,,2025-11-18T00:00:00
R005324,Student_017,ASM006,Q0039,varies,True,,2025-11-18T00:00:00
R005325,Student_017,ASM006,Q0166,varies,True,,2025-11-18T00:00:00
R005326,Student_017,ASM006,Q0062,varies,True,,2025-11-18T00:00:00
R005327,Student_017,ASM006,Q0012,varies,True,,2025-11-18T00:00:00
R005328,Student_017,ASM006,Q0005,varies,True,,2025-11-18T00:00:00
R005329,Student_017,ASM006,Q0085,varies,True,,2025-11-18T00:00:00
R005330,Student_017,ASM006,Q0014,varies,True,,2025-11-18T00:00:00
R005331,Student_017,ASM006,Q0089,varies,True,,2025-11-18T00:00:00
R005332,Student_017,ASM006,Q0093,varies,True,,2025-11-18T00:00:00
R005333,Student_017,ASM006,Q0013,varies,True,,2025-11-18T00:00:00
R005334,Student_017,ASM006,Q0060,varies,True,,2025-11-18T00:00:00
R005335,Student_017,ASM006,Q0132,varies,True,,2025-11-18T00:00:00
R005336,Student_017,ASM006,Q0088,incorrect_formula_selection,False,formula_selection,2025-11-18T00:00:00
R005337,Student_017,ASM006,Q0109,varies,True,,2025-11-18T00:00:00
R005338,Student_017,ASM006,Q0100,varies,True,,2025-11-18T00:00:00
R005339,Student_017,ASM006,Q0055,varies,True,,2025-11-18T00:00:00
R005340,Student_017,ASM006,Q0072,varies,True,,2025-11-18T00:00:00
R005341,Student_018,ASM006,Q0020,varies,True,,2025-11-18T00:00:00
R005342,Student_018,ASM006,Q0144,varies,True,,2025-11-18T00:00:00
R005343,Student_018,ASM006,Q0098,varies,True,,2025-11-18T00:00:00
R005344,Student_018,ASM006,Q0039,incorrect_denominator_handling,False,denominator_handling,2025-11-18T00:00:00
R005345,Student_018,ASM006,Q0166,varies,True,,2025-11-18T00:00:00
R005346,Student_018,ASM006,Q0062,varies,True,,2025-11-18T00:00:00
R005347,Student_018,ASM006,Q0012,incorrect_denominator_handling,False,denominator_handling,2025-11-18T00:00:00
R005348,Student_018,ASM006,Q0005,incorrect_simplification,False,simplification,2025-11-18T00:00:00
R005349,Student_018,ASM006,Q0085,varies,True,,2025-11-18T00:00:00
R005350,Student_018,ASM006,Q0014,incorrect_simplification,False,simplification,2025-11-18T00:00:00
R005351,Student_018,ASM006,Q0089,varies,True,,2025-11-18T00:00:00
R005352,Student_018,ASM006,Q0093,varies,True,,2025-11-18T00:00:00
R005353,Student_018,ASM006,Q0013,incorrect_simplification,False,simplification,2025-11-18T00:00:00
R005354,Student_018,ASM006,Q0060,varies,True,,2025-11-18T00:00:00
R005355,Student_018,ASM006,Q0132,varies,True,,2025-11-18T00:00:00
R005356,Student_018,ASM006,Q0088,varies,True,,2025-11-18T00:00:00
R005357,Student_018,ASM006,Q0109,varies,True,,2025-11-18T00:00:00
R005358,Student_018,ASM006,Q0100,varies,True,,2025-11-18T00:00:00
R005359,Student_018,ASM006,Q0055,varies,True,,2025-11-18T00:00:00
R005360,Student_018,ASM006,Q0072,varies,True,,2025-11-18T00:00:00
R005361,Student_019,ASM006,Q0020,varies,True,,2025-11-18T00:00:00
R005362,Student_019,ASM006,Q0144,varies,True,,2025-11-18T00:00:00
R005363,Student_019,ASM006,Q0098,incorrect_formula_selection,False,formula_selection,2025-11-18T00:00:00
R005364,Student_019,ASM006,Q0039,varies,True,,2025-11-18T00:00:00
R005365,Student_019,ASM006,Q0166,varies,True,,2025-11-18T00:00:00
R005366,Student_019,ASM006,Q0062,varies,True,,2025-11-18T00:00:00
R005367,Student_019,ASM006,Q0012,varies,True,,2025-11-18T00:00:00
R005368,Student_019,ASM006,Q0005,varies,True,,2025-11-18T00:00:00
R005369,Student_019,ASM006,Q0085,incorrect_sign_error,False,sign_error,2025-11-18T00:00:00
R005370,Student_019,ASM006,Q0014,varies,True,,2025-11-18T00:00:00
R005371,Student_019,ASM006,Q0089,incorrect_sign_error,False,sign_error,2025-11-18T00:00:00
R005372,Student_019,ASM006,Q0093,incorrect_formula_selection,False,formula_selection,2025-11-18T00:00:00
R005373,Student_019,ASM006,Q0013,varies,True,,2025-11-18T00:00:00
R005374,Student_019,ASM006,Q0060,varies,True,,2025-11-18T00:00:00
R005375,Student_019,ASM006,Q0132,varies,True,,2025-11-18T00:00:00
R005376,Student_019,ASM006,Q0088,varies,True,,2025-11-18T00:00:00
R005377,Student_019,ASM006,Q0109,varies,True,,2025-11-18T00:00:00
R005378,Student_019,ASM006,Q0100,varies,True,,2025-11-18T00:00:00
R005379,Student_019,ASM006,Q0055,varies,True,,2025-11-18T00:00:00
R005380,Student_019,ASM006,Q0072,varies,True,,2025-11-18T00:00:00
R005381,Student_020,ASM006,Q0020,incorrect_denominator_handling,False,denominator_handling,2025-11-18T00:00:00
R005382,Student_020,ASM006,Q0144,varies,True,,2025-11-18T00:00:00
R005383,Student_020,ASM006,Q0098,incorrect_sign_error,False,sign_error,2025-11-18T00:00:00
R005384,Student_020,ASM006,Q0039,varies,True,,2025-11-18T00:00:00
R005385,Student_020,ASM006,Q0166,varies,True,,2025-11-18T00:00:00
R005386,Student_020,ASM006,Q0062,incorrect_decimal_placement,False,decimal_placement,2025-11-18T00:00:00
R005387,Student_020,ASM006,Q0012,varies,True,,2025-11-18T00:00:00
R005388,Student_020,ASM006,Q0005,varies,True,,2025-11-18T00:00:00
R005389,Student_020,ASM006,Q0085,varies,True,,2025-11-18T00:00:00
R005390,Student_020,ASM006,Q0014,incorrect_arithmetic,False,arithmetic,2025-11-18T00:00:00
R005391,Student_020,ASM006,Q0089,varies,True,,2025-11-18T00:00:00
R005392,Student_020,ASM006,Q0093,varies,True,,2025-11-18T00:00:00
R005393,Student_020,ASM006,Q0013,varies,True,,2025-11-18T00:00:00
R005394,Student_020,ASM006,Q0060,varies,True,,2025-11-18T00:00:00
R005395,Student_020,ASM006,Q0132,incorrect_unit_conversion,False,unit_conversion,2025-11-18T00:00:00
R005396,Student_020,ASM006,Q0088,varies,True,,2025-11-18T00:00:00
R005397,Student_020,ASM006,Q0109,varies,True,,2025-11-18T00:00:00
R005398,Student_020,ASM006,Q0100,incorrect_arithmetic,False,arithmetic,2025-11-18T00:00:00
R005399,Student_020,ASM006,Q0055,varies,True,,2025-11-18T00:00:00
R005400,Student_020,ASM006,Q0072,incorrect_decimal_placement,False,decimal_placement,2025-11-18T00:00:00
R005401,Student_021,ASM006,Q0020,varies,True,,2025-11-18T00:00:00
R005402,Student_021,ASM006,Q0144,varies,True,,2025-11-18T00:00:00
R005403,Student_021,ASM006,Q0098,varies,True,,2025-11-18T00:00:00
R005404,Student_021,ASM006,Q0039,varies,True,,2025-11-18T00:00:00
R005405,Student_021,ASM006,Q0166,varies,True,,2025-11-18T00:00:00
R005406,Student_021,ASM006,Q0062,varies,True,,2025-11-18T00:00:00
R005407,Student_021,ASM006,Q0012,varies,True,,2025-11-18T00:00:00
R005408,Student_021,ASM006,Q0005,varies,True,,2025-11-18T00:00:00
R005409,Student_021,ASM006,Q0085,varies,True,,2025-11-18T00:00:00
R005410,Student_021,ASM006,Q0014,varies,True,,2025-11-18T00:00:00
R005411,Student_021,ASM006,Q0089,incorrect_arithmetic,False,arithmetic,2025-11-18T00:00:00
R005412,Student_021,ASM006,Q0093,varies,True,,2025-11-18T00:00:00
R005413,Student_021,ASM006,Q0013,varies,True,,2025-11-18T00:00:00
R005414,Student_021,ASM006,Q0060,varies,True,,2025-11-18T00:00:00
R005415,Student_021,ASM006,Q0132,varies,True,,2025-11-18T00:00:00
R005416,Student_021,ASM006,Q0088,varies,True,,2025-11-18T00:00:00
R005417,Student_021,ASM006,Q0109,varies,True,,2025-11-18T00:00:00
R005418,Student_021,ASM006,Q0100,varies,True,,2025-11-18T00:00:00
R005419,Student_021,ASM006,Q0055,varies,True,,2025-11-18T00:00:00
R005420,Student_021,ASM006,Q0072,varies,True,,2025-11-18T00:00:00
R005421,Student_022,ASM006,Q0020,varies,True,,2025-11-18T00:00:00
R005422,Student_022,ASM006,Q0144,incorrect_arithmetic,False,arithmetic,2025-11-18T00:00:00
R005423,Student_022,ASM006,Q0098,varies,True,,2025-11-18T00:00:00
R005424,Student_022,ASM006,Q0039,varies,True,,2025-11-18T00:00:00
R005425,Student_022,ASM006,Q0166,varies,True,,2025-11-18T00:00:00
R005426,Student_022,ASM006,Q0062,varies,True,,2025-11-18T00:00:00
R005427,Student_022,ASM006,Q0012,incorrect_simplification,False,simplification,2025-11-18T00:00:00
R005428,Student_022,ASM006,Q0005,incorrect_arithmetic,False,arithmetic,2025-11-18T00:00:00
R005429,Student_022,ASM006,Q0085,incorrect_conceptual,False,conceptual,2025-11-18T00:00:00
R005430,Student_022,ASM006,Q0014,incorrect_arithmetic,False,arithmetic,2025-11-18T00:00:00
R005431,Student_022,ASM006,Q0089,varies,True,,2025-11-18T00:00:00
R005432,Student_022,ASM006,Q0093,incorrect_formula_selection,False,formula_selection,2025-11-18T00:00:00
R005433,Student_022,ASM006,Q0013,varies,True,,2025-11-18T00:00:00
R005434,Student_022,ASM006,Q0060,varies,True,,2025-11-18T00:00:00
R005435,Student_022,ASM006,Q0132,incorrect_arithmetic,False,arithmetic,2025-11-18T00:00:00
R005436,Student_022,ASM006,Q0088,incorrect_formula_selection,False,formula_selection,2025-11-18T00:00:00
R005437,Student_022,ASM006,Q0109,incorrect_conceptual,False,conceptual,2025-11-18T00:00:00
R005438,Student_022,ASM006,Q0100,incorrect_formula_selection,False,formula_selection,2025-11-18T00:00:00
R005439,Student_022,ASM006,Q0055,incorrect_arithmetic,False,arithmetic,2025-11-18T00:00:00
R005440,Student_022,ASM006,Q0072,incorrect_arithmetic,False,arithmetic,2025-11-18T00:00:00
R005441,Student_023,ASM006,Q0020,varies,True,,2025-11-18T00:00:00
R005442,Student_023,ASM006,Q0144,varies,True,,2025-11-18T00:00:00
R005443,Student_023,ASM006,Q0098,varies,True,,2025-11-18T00:00:00
R005444,Student_023,ASM006,Q0039,varies,True,,2025-11-18T00:00:00
R005445,Student_023,ASM006,Q0166,varies,True,,2025-11-18T00:00:00
R005446,Student_023,ASM006,Q0062,varies,True,,2025-11-18T00:00:00
R005447,Student_023,ASM006,Q0012,varies,True,,2025-11-18T00:00:00
R005448,Student_023,ASM006,Q0005,varies,True,,2025-11-18T00:00:00
R005449,Student_023,ASM006,Q0085,varies,True,,2025-11-18T00:00:00
R005450,Student_023,ASM006,Q0014,varies,True,,2025-11-18T00:00:00
R005451,Student_023,ASM006,Q0089,varies,True,,2025-11-18T00:00:00
R005452,Student_023,ASM006,Q0093,varies,True,,2025-11-18T00:00:00
R005453,Student_023,ASM006,Q0013,varies,True,,2025-11-18T00:00:00
R005454,Student_023,ASM006,Q0060,varies,True,,2025-11-18T00:00:00
R005455,Student_023,ASM006,Q0132,varies,True,,2025-11-18T00:00:00
R005456,Student_023,ASM006,Q0088,varies,True,,2025-11-18T00:00:00
R005457,Student_023,ASM006,Q0109,varies,True,,2025-11-18T00:00:00
R005458,Student_023,ASM006,Q0100,varies,True,,2025-11-18T00:00:00
R005459,Student_023,ASM006,Q0055,varies,True,,2025-11-18T00:00:00
R005460,Student_023,ASM006,Q0072,varies,True,,2025-11-18T00:00:00
R005461,Student_024,ASM006,Q0020,varies,True,,2025-11-18T00:00:00
R005462,Student_024,ASM006,Q0144,varies,True,,2025-11-18T00:00:00
R005463,Student_024,ASM006,Q0098,varies,True,,2025-11-18T00:00:00
R005464,Student_024,ASM006,Q0039,incorrect_denominator_handling,False,denominator_handling,2025-11-18T00:00:00
R005465,Student_024,ASM006,Q0166,varies,True,,2025-11-18T00:00:00
R005466,Student_024,ASM006,Q0062,varies,True,,2025-11-18T00:00:00
R005467,Student_024,ASM006,Q0012,varies,True,,2025-11-18T00:00:00
R005468,Student_024,ASM006,Q0005,varies,True,,2025-11-18T00:00:00
R005469,Student_024,ASM006,Q0085,varies,True,,2025-11-18T00:00:00
R005470,Student_024,ASM006,Q0014,incorrect_simplification,False,simplification,2025-11-18T00:00:00
R005471,Student_024,ASM006,Q0089,varies,True,,2025-11-18T00:00:00
R005472,Student_024,ASM006,Q0093,incorrect_arithmetic,False,arithmetic,2025-11-18T00:00:00
R005473,Student_024,ASM006,Q0013,varies,True,,2025-11-18T00:00:00
R005474,Student_024,ASM006,Q0060,varies,True,,2025-11-18T00:00:00
R005475,Student_024,ASM006,Q0132,varies,True,,2025-11-18T00:00:00
R005476,Student_024,ASM006,Q0088,varies,True,,2025-11-18T00:00:00
R005477,Student_024,ASM006,Q0109,varies,True,,2025-11-18T00:00:00
R005478,Student_024,ASM006,Q0100,varies,True,,2025-11-18T00:00:00
R005479,Student_024,ASM006,Q0055,varies,True,,2025-11-18T00:00:00
R005480,Student_024,ASM006,Q0072,varies,True,,2025-11-18T00:00:00
R005481,Student_025,ASM006,Q0020,incorrect_denominator_handling,False,denominator_handling,2025-11-18T00:00:00
R005482,Student_025,ASM006,Q0144,varies,True,,2025-11-18T00:00:00
R005483,Student_025,ASM006,Q0098,incorrect_formula_selection,False,formula_selection,2025-11-18T00:00:00
R005484,Student_025,ASM006,Q0039,varies,True,,2025-11-18T00:00:00
R005485,Student_025,ASM006,Q0166,varies,True,,2025-11-18T00:00:00
R005486,Student_025,ASM006,Q0062,varies,True,,2025-11-18T00:00:00
R005487,Student_025,ASM006,Q0012,varies,True,,2025-11-18T00:00:00
R005488,Student_025,ASM006,Q0005,varies,True,,2025-11-18T00:00:00
R005489,Student_025,ASM006,Q0085,varies,True,,2025-11-18T00:00:00
R005490,Student_025,ASM006,Q0014,varies,True,,2025-11-18T00:00:00
R005491,Student_025,ASM006,Q0089,varies,True,,2025-11-18T00:00:00
R005492,Student_025,ASM006,Q0093,incorrect_sign_error,False,sign_error,2025-11-18T00:00:00
R005493,Student_025,ASM006,Q0013,incorrect_simplification,False,simplification,2025-11-18T00:00:00
R005494,Student_025,ASM006,Q0060,varies,True,,2025-11-18T00:00:00
R005495,Student_025,ASM006,Q0132,varies,True,,2025-11-18T00:00:00
R005496,Student_025,ASM006,Q0088,varies,True,,2025-11-18T00:00:00
R005497,Student_025,ASM006,Q0109,varies,True,,2025-11-18T00:00:00
R005498,Student_025,ASM006,Q0100,incorrect_sign_error,False,sign_error,2025-11-18T00:00:00
R005499,Student_025,ASM006,Q0055,varies,True,,2025-11-18T00:00:00
R005500,Student_025,ASM006,Q0072,incorrect_conceptual,False,conceptual,2025-11-18T00:00:00
R005501,Student_026,ASM006,Q0020,varies,True,,2025-11-18T00:00:00
R005502,Student_026,ASM006,Q0144,varies,True,,2025-11-18T00:00:00
R005503,Student_026,ASM006,Q0098,varies,True,,2025-11-18T00:00:00
R005504,Student_026,ASM006,Q0039,varies,True,,2025-11-18T00:00:00
R005505,Student_026,ASM006,Q0166,varies,True,,2025-11-18T00:00:00
R005506,Student_026,ASM006,Q0062,incorrect_arithmetic,False,arithmetic,2025-11-18T00:00:00
R005507,Student_026,ASM006,Q0012,varies,True,,2025-11-18T00:00:00
R005508,Student_026,ASM006,Q0005,incorrect_simplification,False,simplification,2025-11-18T00:00:00
R005509,Student_026,ASM006,Q0085,varies,True,,2025-11-18T00:00:00
R005510,Student_026,ASM006,Q0014,incorrect_simplification,False,simplification,2025-11-18T00:00:00
R005511,Student_026,ASM006,Q0089,varies,True,,2025-11-18T00:00:00
R005512,Student_026,ASM006,Q0093,varies,True,,2025-11-18T00:00:00
R005513,Student_026,ASM006,Q0013,incorrect_simplification,False,simplification,2025-11-18T00:00:00
R005514,Student_026,ASM006,Q0060,varies,True,,2025-11-18T00:00:00
R005515,Student_026,ASM006,Q0132,varies,True,,2025-11-18T00:00:00
R005516,Student_026,ASM006,Q0088,varies,True,,2025-11-18T00:00:00
R005517,Student_026,ASM006,Q0109,varies,True,,2025-11-18T00:00:00
R005518,Student_026,ASM006,Q0100,varies,True,,2025-11-18T00:00:00
R005519,Student_026,ASM006,Q0055,varies,True,,2025-11-18T00:00:00
R005520,Student_026,ASM006,Q0072,varies,True,,2025-11-18T00:00:00
R005521,Student_027,ASM006,Q0020,varies,True,,2025-11-18T00:00:00
R005522,Student_027,ASM006,Q0144,varies,True,,2025-11-18T00:00:00
R005523,Student_027,ASM006,Q0098,varies,True,,2025-11-18T00:00:00
R005524,Student_027,ASM006,Q0039,incorrect_simplification,False,simplification,2025-11-18T00:00:00
R005525,Student_027,ASM006,Q0166,varies,True,,2025-11-18T00:00:00
R005526,Student_027,ASM006,Q0062,varies,True,,2025-11-18T00:00:00
R005527,Student_027,ASM006,Q0012,varies,True,,2025-11-18T00:00:00
R005528,Student_027,ASM006,Q0005,varies,True,,2025-11-18T00:00:00
R005529,Student_027,ASM006,Q0085,varies,True,,2025-11-18T00:00:00
R005530,Student_027,ASM006,Q0014,varies,True,,2025-11-18T00:00:00
R005531,Student_027,ASM006,Q0089,varies,True,,2025-11-18T00:00:00
R005532,Student_027,ASM006,Q0093,varies,True,,2025-11-18T00:00:00
R005533,Student_027,ASM006,Q0013,varies,True,,2025-11-18T00:00:00
R005534,Student_027,ASM006,Q0060,varies,True,,2025-11-18T00:00:00
R005535,Student_027,ASM006,Q0132,varies,True,,2025-11-18T00:00:00
R005536,Student_027,ASM006,Q0088,varies,True,,2025-11-18T00:00:00
R005537,Student_027,ASM006,Q0109,varies,True,,2025-11-18T00:00:00
R005538,Student_027,ASM006,Q0100,varies,True,,2025-11-18T00:00:00
R005539,Student_027,ASM006,Q0055,varies,True,,2025-11-18T00:00:00
R005540,Student_027,ASM006,Q0072,varies,True,,2025-11-18T00:00:00
R005541,Student_028,ASM006,Q0020,incorrect_denominator_handling,False,denominator_handling,2025-11-18T00:00:00
R005542,Student_028,ASM006,Q0144,incorrect_careless,False,careless,2025-11-18T00:00:00
R005543,Student_028,ASM006,Q0098,varies,True,,2025-11-18T00:00:00
R005544,Student_028,ASM006,Q0039,incorrect_simplification,False,simplification,2025-11-18T00:00:00
R005545,Student_028,ASM006,Q0166,varies,True,,2025-11-18T00:00:00
R005546,Student_028,ASM006,Q0062,varies,True,,2025-11-18T00:00:00
R005547,Student_028,ASM006,Q0012,varies,True,,2025-11-18T00:00:00
R005548,Student_028,ASM006,Q0005,varies,True,,2025-11-18T00:00:00
R005549,Student_028,ASM006,Q0085,varies,True,,2025-11-18T00:00:00
R005550,Student_028,ASM006,Q0014,varies,True,,2025-11-18T00:00:00
R005551,Student_028,ASM006,Q0089,varies,True,,2025-11-18T00:00:00
R005552,Student_028,ASM006,Q0093,varies,True,,2025-11-18T00:00:00
R005553,Student_028,ASM006,Q0013,incorrect_simplification,False,simplification,2025-11-18T00:00:00
R005554,Student_028,ASM006,Q0060,varies,True,,2025-11-18T00:00:00
R005555,Student_028,ASM006,Q0132,incorrect_arithmetic,False,arithmetic,2025-11-18T00:00:00
R005556,Student_028,ASM006,Q0088,incorrect_arithmetic,False,arithmetic,2025-11-18T00:00:00
R005557,Student_028,ASM006,Q0109,varies,True,,2025-11-18T00:00:00
R005558,Student_028,ASM006,Q0100,incorrect_arithmetic,False,arithmetic,2025-11-18T00:00:00
R005559,Student_028,ASM006,Q0055,varies,True,,2025-11-18T00:00:00
R005560,Student_028,ASM006,Q0072,varies,True,,2025-11-18T00:00:00
R005561,Student_029,ASM006,Q0020,varies,True,,2025-11-18T00:00:00
R005562,Student_029,ASM006,Q0144,varies,True,,2025-11-18T00:00:00
R005563,Student_029,ASM006,Q0098,varies,True,,2025-11-18T00:00:00
R005564,Student_029,ASM006,Q0039,varies,True,,2025-11-18T00:00:00
R005565,Student_029,ASM006,Q0166,varies,True,,2025-11-18T00:00:00
R005566,Student_029,ASM006,Q0062,varies,True,,2025-11-18T00:00:00
R005567,Student_029,ASM006,Q0012,varies,True,,2025-11-18T00:00:00
R005568,Student_029,ASM006,Q0005,varies,True,,2025-11-18T00:00:00
R005569,Student_029,ASM006,Q0085,varies,True,,2025-11-18T00:00:00
R005570,Student_029,ASM006,Q0014,varies,True,,2025-11-18T00:00:00
R005571,Student_029,ASM006,Q0089,varies,True,,2025-11-18T00:00:00
R005572,Student_029,ASM006,Q0093,varies,True,,2025-11-18T00:00:00
R005573,Student_029,ASM006,Q0013,varies,True,,2025-11-18T00:00:00
R005574,Student_029,ASM006,Q0060,varies,True,,2025-11-18T00:00:00
R005575,Student_029,ASM006,Q0132,varies,True,,2025-11-18T00:00:00
R005576,Student_029,ASM006,Q0088,varies,True,,2025-11-18T00:00:00
R005577,Student_029,ASM006,Q0109,varies,True,,2025-11-18T00:00:00
R005578,Student_029,ASM006,Q0100,varies,True,,2025-11-18T00:00:00
R005579,Student_029,ASM006,Q0055,varies,True,,2025-11-18T00:00:00
R005580,Student_029,ASM006,Q0072,varies,True,,2025-11-18T00:00:00
R005581,Student_030,ASM006,Q0020,varies,True,,2025-11-18T00:00:00
R005582,Student_030,ASM006,Q0144,varies,True,,2025-11-18T00:00:00
R005583,Student_030,ASM006,Q0098,varies,True,,2025-11-18T00:00:00
R005584,Student_030,ASM006,Q0039,incorrect_denominator_handling,False,denominator_handling,2025-11-18T00:00:00
R005585,Student_030,ASM006,Q0166,varies,True,,2025-11-18T00:00:00
R005586,Student_030,ASM006,Q0062,incorrect_arithmetic,False,arithmetic,2025-11-18T00:00:00
R005587,Student_030,ASM006,Q0012,incorrect_simplification,False,simplification,2025-11-18T00:00:00
R005588,Student_030,ASM006,Q0005,incorrect_denominator_handling,False,denominator_handling,2025-11-18T00:00:00
R005589,Student_030,ASM006,Q0085,varies,True,,2025-11-18T00:00:00
R005590,Student_030,ASM006,Q0014,incorrect_simplification,False,simplification,2025-11-18T00:00:00
R005591,Student_030,ASM006,Q0089,varies,True,,2025-11-18T00:00:00
R005592,Student_030,ASM006,Q0093,varies,True,,2025-11-18T00:00:00
R005593,Student_030,ASM006,Q0013,varies,True,,2025-11-18T00:00:00
R005594,Student_030,ASM006,Q0060,varies,True,,2025-11-18T00:00:00
R005595,Student_030,ASM006,Q0132,varies,True,,2025-11-18T00:00:00
R005596,Student_030,ASM006,Q0088,varies,True,,2025-11-18T00:00:00
R005597,Student_030,ASM006,Q0109,incorrect_conceptual,False,conceptual,2025-11-18T00:00:00
R005598,Student_030,ASM006,Q0100,incorrect_formula_selection,False,formula_selection,2025-11-18T00:00:00
R005599,Student_030,ASM006,Q0055,varies,True,,2025-11-18T00:00:00
R005600,Student_030,ASM006,Q0072,incorrect_conceptual,False,conceptual,2025-11-18T00:00:00
R005601,Student_031,ASM006,Q0020,varies,True,,2025-11-18T00:00:00
R005602,Student_031,ASM006,Q0144,varies,True,,2025-11-18T00:00:00
R005603,Student_031,ASM006,Q0098,varies,True,,2025-11-18T00:00:00
R005604,Student_031,ASM006,Q0039,varies,True,,2025-11-18T00:00:00
R005605,Student_031,ASM006,Q0166,varies,True,,2025-11-18T00:00:00
R005606,Student_031,ASM006,Q0062,varies,True,,2025-11-18T00:00:00
R005607,Student_031,ASM006,Q0012,varies,True,,2025-11-18T00:00:00
R005608,Student_031,ASM006,Q0005,varies,True,,2025-11-18T00:00:00
R005609,Student_031,ASM006,Q0085,varies,True,,2025-11-18T00:00:00
R005610,Student_031,ASM006,Q0014,varies,True,,2025-11-18T00:00:00
R005611,Student_031,ASM006,Q0089,incorrect_formula_selection,False,formula_selection,2025-11-18T00:00:00
R005612,Student_031,ASM006,Q0093,incorrect_formula_selection,False,formula_selection,2025-11-18T00:00:00
R005613,Student_031,ASM006,Q0013,incorrect_denominator_handling,False,denominator_handling,2025-11-18T00:00:00
R005614,Student_031,ASM006,Q0060,varies,True,,2025-11-18T00:00:00
R005615,Student_031,ASM006,Q0132,incorrect_area_perimeter_confusion,False,area_perimeter_confusion,2025-11-18T00:00:00
R005616,Student_031,ASM006,Q0088,varies,True,,2025-11-18T00:00:00
R005617,Student_031,ASM006,Q0109,varies,True,,2025-11-18T00:00:00
R005618,Student_031,ASM006,Q0100,incorrect_sign_error,False,sign_error,2025-11-18T00:00:00
R005619,Student_031,ASM006,Q0055,incorrect_careless,False,careless,2025-11-18T00:00:00
R005620,Student_031,ASM006,Q0072,varies,True,,2025-11-18T00:00:00
R005621,Student_032,ASM006,Q0020,varies,True,,2025-11-18T00:00:00
R005622,Student_032,ASM006,Q0144,varies,True,,2025-11-18T00:00:00
R005623,Student_032,ASM006,Q0098,varies,True,,2025-11-18T00:00:00
R005624,Student_032,ASM006,Q0039,varies,True,,2025-11-18T00:00:00
R005625,Student_032,ASM006,Q0166,incorrect_conceptual,False,conceptual,2025-11-18T00:00:00
R005626,Student_032,ASM006,Q0062,varies,True,,2025-11-18T00:00:00
R005627,Student_032,ASM006,Q0012,incorrect_arithmetic,False,arithmetic,2025-11-18T00:00:00
R005628,Student_032,ASM006,Q0005,varies,True,,2025-11-18T00:00:00
R005629,Student_032,ASM006,Q0085,varies,True,,2025-11-18T00:00:00
R005630,Student_032,ASM006,Q0014,varies,True,,2025-11-18T00:00:00
R005631,Student_032,ASM006,Q0089,varies,True,,2025-11-18T00:00:00
R005632,Student_032,ASM006,Q0093,incorrect_formula_selection,False,formula_selection,2025-11-18T00:00:00
R005633,Student_032,ASM006,Q0013,varies,True,,2025-11-18T00:00:00
R005634,Student_032,ASM006,Q0060,varies,True,,2025-11-18T00:00:00
R005635,Student_032,ASM006,Q0132,varies,True,,2025-11-18T00:00:00
R005636,Student_032,ASM006,Q0088,incorrect_conceptual,False,conceptual,2025-11-18T00:00:00
R005637,Student_032,ASM006,Q0109,varies,True,,2025-11-18T00:00:00
R005638,Student_032,ASM006,Q0100,incorrect_formula_selection,False,formula_selection,2025-11-18T00:00:00
R005639,Student_032,ASM006,Q0055,varies,True,,2025-11-18T00:00:00
R005640,Student_032,ASM006,Q0072,varies,True,,2025-11-18T00:00:00
R005641,Student_033,ASM006,Q0020,varies,True,,2025-11-18T00:00:00
R005642,Student_033,ASM006,Q0144,varies,True,,2025-11-18T00:00:00
R005643,Student_033,ASM006,Q0098,varies,True,,2025-11-18T00:00:00
R005644,Student_033,ASM006,Q0039,incorrect_simplification,False,simplification,2025-11-18T00:00:00
R005645,Student_033,ASM006,Q0166,varies,True,,2025-11-18T00:00:00
R005646,Student_033,ASM006,Q0062,varies,True,,2025-11-18T00:00:00
R005647,Student_033,ASM006,Q0012,varies,True,,2025-11-18T00:00:00
R005648,Student_033,ASM006,Q0005,varies,True,,2025-11-18T00:00:00
R005649,Student_033,ASM006,Q0085,varies,True,,2025-11-18T00:00:00
R005650,Student_033,ASM006,Q0014,varies,True,,2025-11-18T00:00:00
R005651,Student_033,ASM006,Q0089,varies,True,,2025-11-18T00:00:00
R005652,Student_033,ASM006,Q0093,varies,True,,2025-11-18T00:00:00
R005653,Student_033,ASM006,Q0013,incorrect_simplification,False,simplification,2025-11-18T00:00:00
R005654,Student_033,ASM006,Q0060,varies,True,,2025-11-18T00:00:00
R005655,Student_033,ASM006,Q0132,varies,True,,2025-11-18T00:00:00
R005656,Student_033,ASM006,Q0088,varies,True,,2025-11-18T00:00:00
R005657,Student_033,ASM006,Q0109,varies,True,,2025-11-18T00:00:00
R005658,Student_033,ASM006,Q0100,varies,True,,2025-11-18T00:00:00
R005659,Student_033,ASM006,Q0055,varies,True,,2025-11-18T00:00:00
R005660,Student_033,ASM006,Q0072,varies,True,,2025-11-18T00:00:00
R005661,Student_034,ASM006,Q0020,varies,True,,2025-11-18T00:00:00
R005662,Student_034,ASM006,Q0144,varies,True,,2025-11-18T00:00:00
R005663,Student_034,ASM006,Q0098,varies,True,,2025-11-18T00:00:00
R005664,Student_034,ASM006,Q0039,incorrect_arithmetic,False,arithmetic,2025-11-18T00:00:00
R005665,Student_034,ASM006,Q0166,varies,True,,2025-11-18T00:00:00
R005666,Student_034,ASM006,Q0062,varies,True,,2025-11-18T00:00:00
R005667,Student_034,ASM006,Q0012,varies,True,,2025-11-18T00:00:00
R005668,Student_034,ASM006,Q0005,incorrect_denominator_handling,False,denominator_handling,2025-11-18T00:00:00
R005669,Student_034,ASM006,Q0085,varies,True,,2025-11-18T00:00:00
R005670,Student_034,ASM006,Q0014,varies,True,,2025-11-18T00:00:00
R005671,Student_034,ASM006,Q0089,varies,True,,2025-11-18T00:00:00
R005672,Student_034,ASM006,Q0093,incorrect_conceptual,False,conceptual,2025-11-18T00:00:00
R005673,Student_034,ASM006,Q0013,incorrect_simplification,False,simplification,2025-11-18T00:00:00
R005674,Student_034,ASM006,Q0060,incorrect_arithmetic,False,arithmetic,2025-11-18T00:00:00
R005675,Student_034,ASM006,Q0132,varies,True,,2025-11-18T00:00:00
R005676,Student_034,ASM006,Q0088,varies,True,,2025-11-18T00:00:00
R005677,Student_034,ASM006,Q0109,varies,True,,2025-11-18T00:00:00
R005678,Student_034,ASM006,Q0100,incorrect_formula_selection,False,formula_selection,2025-11-18T00:00:00
R005679,Student_034,ASM006,Q0055,varies,True,,2025-11-18T00:00:00
R005680,Student_034,ASM006,Q0072,incorrect_conceptual,False,conceptual,2025-11-18T00:00:00
R005681,Student_035,ASM006,Q0020,varies,True,,2025-11-18T00:00:00
R005682,Student_035,ASM006,Q0144,varies,True,,2025-11-18T00:00:00
R005683,Student_035,ASM006,Q0098,varies,True,,2025-11-18T00:00:00
R005684,Student_035,ASM006,Q0039,varies,True,,2025-11-18T00:00:00
R005685,Student_035,ASM006,Q0166,varies,True,,2025-11-18T00:00:00
R005686,Student_035,ASM006,Q0062,varies,True,,2025-11-18T00:00:00
R005687,Student_035,ASM006,Q0012,varies,True,,2025-11-18T00:00:00
R005688,Student_035,ASM006,Q0005,varies,True,,2025-11-18T00:00:00
R005689,Student_035,ASM006,Q0085,varies,True,,2025-11-18T00:00:00
R005690,Student_035,ASM006,Q0014,varies,True,,2025-11-18T00:00:00
R005691,Student_035,ASM006,Q0089,varies,True,,2025-11-18T00:00:00
R005692,Student_035,ASM006,Q0093,varies,True,,2025-11-18T00:00:00
R005693,Student_035,ASM006,Q0013,varies,True,,2025-11-18T00:00:00
R005694,Student_035,ASM006,Q0060,varies,True,,2025-11-18T00:00:00
R005695,Student_035,ASM006,Q0132,varies,True,,2025-11-18T00:00:00
R005696,Student_035,ASM006,Q0088,varies,True,,2025-11-18T00:00:00
R005697,Student_035,ASM006,Q0109,varies,True,,2025-11-18T00:00:00
R005698,Student_035,ASM006,Q0100,varies,True,,2025-11-18T00:00:00
R005699,Student_035,ASM006,Q0055,varies,True,,2025-11-18T00:00:00
R005700,Student_035,ASM006,Q0072,varies,True,,2025-11-18T00:00:00
R005701,Student_036,ASM006,Q0020,varies,True,,2025-11-18T00:00:00
R005702,Student_036,ASM006,Q0144,varies,True,,2025-11-18T00:00:00
R005703,Student_036,ASM006,Q0098,incorrect_sign_error,False,sign_error,2025-11-18T00:00:00
R005704,Student_036,ASM006,Q0039,incorrect_simplification,False,simplification,2025-11-18T00:00:00
R005705,Student_036,ASM006,Q0166,incorrect_conceptual,False,conceptual,2025-11-18T00:00:00
R005706,Student_036,ASM006,Q0062,incorrect_careless,False,careless,2025-11-18T00:00:00
R005707,Student_036,ASM006,Q0012,incorrect_simplification,False,simplification,2025-11-18T00:00:00
R005708,Student_036,ASM006,Q0005,varies,True,,2025-11-18T00:00:00
R005709,Student_036,ASM006,Q0085,varies,True,,2025-11-18T00:00:00
R005710,Student_036,ASM006,Q0014,incorrect_simplification,False,simplification,2025-11-18T00:00:00
R005711,Student_036,ASM006,Q0089,varies,True,,2025-11-18T00:00:00
R005712,Student_036,ASM006,Q0093,varies,True,,2025-11-18T00:00:00
R005713,Student_036,ASM006,Q0013,incorrect_simplification,False,simplification,2025-11-18T00:00:00
R005714,Student_036,ASM006,Q0060,varies,True,,2025-11-18T00:00:00
R005715,Student_036,ASM006,Q0132,varies,True,,2025-11-18T00:00:00
R005716,Student_036,ASM006,Q0088,varies,True,,2025-11-18T00:00:00
R005717,Student_036,ASM006,Q0109,varies,True,,2025-11-18T00:00:00
R005718,Student_036,ASM006,Q0100,varies,True,,2025-11-18T00:00:00
R005719,Student_036,ASM006,Q0055,varies,True,,2025-11-18T00:00:00
R005720,Student_036,ASM006,Q0072,varies,True,,2025-11-18T00:00:00
R005721,Student_037,ASM006,Q0020,varies,True,,2025-11-18T00:00:00
R005722,Student_037,ASM006,Q0144,varies,True,,2025-11-18T00:00:00
R005723,Student_037,ASM006,Q0098,varies,True,,2025-11-18T00:00:00
R005724,Student_037,ASM006,Q0039,varies,True,,2025-11-18T00:00:00
R005725,Student_037,ASM006,Q0166,incorrect_conceptual,False,conceptual,2025-11-18T00:00:00
R005726,Student_037,ASM006,Q0062,incorrect_arithmetic,False,arithmetic,2025-11-18T00:00:00
R005727,Student_037,ASM006,Q0012,varies,True,,2025-11-18T00:00:00
R005728,Student_037,ASM006,Q0005,varies,True,,2025-11-18T00:00:00
R005729,Student_037,ASM006,Q0085,incorrect_sign_error,False,sign_error,2025-11-18T00:00:00
R005730,Student_037,ASM006,Q0014,varies,True,,2025-11-18T00:00:00
R005731,Student_037,ASM006,Q0089,varies,True,,2025-11-18T00:00:00
R005732,Student_037,ASM006,Q0093,incorrect_formula_selection,False,formula_selection,2025-11-18T00:00:00
R005733,Student_037,ASM006,Q0013,varies,True,,2025-11-18T00:00:00
R005734,Student_037,ASM006,Q0060,varies,True,,2025-11-18T00:00:00
R005735,Student_037,ASM006,Q0132,varies,True,,2025-11-18T00:00:00
R005736,Student_037,ASM006,Q0088,incorrect_sign_error,False,sign_error,2025-11-18T00:00:00
R005737,Student_037,ASM006,Q0109,varies,True,,2025-11-18T00:00:00
R005738,Student_037,ASM006,Q0100,varies,True,,2025-11-18T00:00:00
R005739,Student_037,ASM006,Q0055,varies,True,,2025-11-18T00:00:00
R005740,Student_037,ASM006,Q0072,varies,True,,2025-11-18T00:00:00
R005741,Student_038,ASM006,Q0020,varies,True,,2025-11-18T00:00:00
R005742,Student_038,ASM006,Q0144,incorrect_careless,False,careless,2025-11-18T00:00:00
R005743,Student_038,ASM006,Q0098,incorrect_sign_error,False,sign_error,2025-11-18T00:00:00
R005744,Student_038,ASM006,Q0039,varies,True,,2025-11-18T00:00:00
R005745,Student_038,ASM006,Q0166,varies,True,,2025-11-18T00:00:00
R005746,Student_038,ASM006,Q0062,varies,True,,2025-11-18T00:00:00
R005747,Student_038,ASM006,Q0012,incorrect_denominator_handling,False,denominator_handling,2025-11-18T00:00:00
R005748,Student_038,ASM006,Q0005,incorrect_denominator_handling,False,denominator_handling,2025-11-18T00:00:00
R005749,Student_038,ASM006,Q0085,varies,True,,2025-11-18T00:00:00
R005750,Student_038,ASM006,Q0014,varies,True,,2025-11-18T00:00:00
R005751,Student_038,ASM006,Q0089,varies,True,,2025-11-18T00:00:00
R005752,Student_038,ASM006,Q0093,incorrect_formula_selection,False,formula_selection,2025-11-18T00:00:00
R005753,Student_038,ASM006,Q0013,varies,True,,2025-11-18T00:00:00
R005754,Student_038,ASM006,Q0060,varies,True,,2025-11-18T00:00:00
R005755,Student_038,ASM006,Q0132,varies,True,,2025-11-18T00:00:00
R005756,Student_038,ASM006,Q0088,incorrect_formula_selection,False,formula_selection,2025-11-18T00:00:00
R005757,Student_038,ASM006,Q0109,varies,True,,2025-11-18T00:00:00
R005758,Student_038,ASM006,Q0100,incorrect_sign_error,False,sign_error,2025-11-18T00:00:00
R005759,Student_038,ASM006,Q0055,incorrect_careless,False,careless,2025-11-18T00:00:00
R005760,Student_038,ASM006,Q0072,varies,True,,2025-11-18T00:00:00
R005761,Student_039,ASM006,Q0020,varies,True,,2025-11-18T00:00:00
R005762,Student_039,ASM006,Q0144,varies,True,,2025-11-18T00:00:00
R005763,Student_039,ASM006,Q0098,varies,True,,2025-11-18T00:00:00
R005764,Student_039,ASM006,Q0039,varies,True,,2025-11-18T00:00:00
R005765,Student_039,ASM006,Q0166,incorrect_unit_conversion,False,unit_conversion,2025-11-18T00:00:00
R005766,Student_039,ASM006,Q0062,varies,True,,2025-11-18T00:00:00
R005767,Student_039,ASM006,Q0012,incorrect_simplification,False,simplification,2025-11-18T00:00:00
R005768,Student_039,ASM006,Q0005,varies,True,,2025-11-18T00:00:00
R005769,Student_039,ASM006,Q0085,varies,True,,2025-11-18T00:00:00
R005770,Student_039,ASM006,Q0014,varies,True,,2025-11-18T00:00:00
R005771,Student_039,ASM006,Q0089,incorrect_conceptual,False,conceptual,2025-11-18T00:00:00
R005772,Student_039,ASM006,Q0093,varies,True,,2025-11-18T00:00:00
R005773,Student_039,ASM006,Q0013,varies,True,,2025-11-18T00:00:00
R005774,Student_039,ASM006,Q0060,varies,True,,2025-11-18T00:00:00
R005775,Student_039,ASM006,Q0132,varies,True,,2025-11-18T00:00:00
R005776,Student_039,ASM006,Q0088,varies,True,,2025-11-18T00:00:00
R005777,Student_039,ASM006,Q0109,varies,True,,2025-11-18T00:00:00
R005778,Student_039,ASM006,Q0100,varies,True,,2025-11-18T00:00:00
R005779,Student_039,ASM006,Q0055,varies,True,,2025-11-18T00:00:00
R005780,Student_039,ASM006,Q0072,varies,True,,2025-11-18T00:00:00
R005781,Student_040,ASM006,Q0020,varies,True,,2025-11-18T00:00:00
R005782,Student_040,ASM006,Q0144,incorrect_careless,False,careless,2025-11-18T00:00:00
R005783,Student_040,ASM006,Q0098,varies,True,,2025-11-18T00:00:00
R005784,Student_040,ASM006,Q0039,varies,True,,2025-11-18T00:00:00
R005785,Student_040,ASM006,Q0166,incorrect_arithmetic,False,arithmetic,2025-11-18T00:00:00
R005786,Student_040,ASM006,Q0062,varies,True,,2025-11-18T00:00:00
R005787,Student_040,ASM006,Q0012,varies,True,,2025-11-18T00:00:00
R005788,Student_040,ASM006,Q0005,varies,True,,2025-11-18T00:00:00
R005789,Student_040,ASM006,Q0085,incorrect_conceptual,False,conceptual,2025-11-18T00:00:00
R005790,Student_040,ASM006,Q0014,incorrect_arithmetic,False,arithmetic,2025-11-18T00:00:00
R005791,Student_040,ASM006,Q0089,incorrect_conceptual,False,conceptual,2025-11-18T00:00:00
R005792,Student_040,ASM006,Q0093,varies,True,,2025-11-18T00:00:00
R005793,Student_040,ASM006,Q0013,incorrect_simplification,False,simplification,2025-11-18T00:00:00
R005794,Student_040,ASM006,Q0060,varies,True,,2025-11-18T00:00:00
R005795,Student_040,ASM006,Q0132,varies,True,,2025-11-18T00:00:00
R005796,Student_040,ASM006,Q0088,varies,True,,2025-11-18T00:00:00
R005797,Student_040,ASM006,Q0109,varies,True,,2025-11-18T00:00:00
R005798,Student_040,ASM006,Q0100,incorrect_arithmetic,False,arithmetic,2025-11-18T00:00:00
R005799,Student_040,ASM006,Q0055,incorrect_arithmetic,False,arithmetic,2025-11-18T00:00:00
R005800,Student_040,ASM006,Q0072,incorrect_conceptual,False,conceptual,2025-11-18T00:00:00
R005801,Student_041,ASM006,Q0020,varies,True,,2025-11-18T00:00:00
R005802,Student_041,ASM006,Q0144,varies,True,,2025-11-18T00:00:00
R005803,Student_041,ASM006,Q0098,varies,True,,2025-11-18T00:00:00
R005804,Student_041,ASM006,Q0039,varies,True,,2025-11-18T00:00:00
R005805,Student_041,ASM006,Q0166,varies,True,,2025-11-18T00:00:00
R005806,Student_041,ASM006,Q0062,varies,True,,2025-11-18T00:00:00
R005807,Student_041,ASM006,Q0012,varies,True,,2025-11-18T00:00:00
R005808,Student_041,ASM006,Q0005,varies,True,,2025-11-18T00:00:00
R005809,Student_041,ASM006,Q0085,varies,True,,2025-11-18T00:00:00
R005810,Student_041,ASM006,Q0014,varies,True,,2025-11-18T00:00:00
R005811,Student_041,ASM006,Q0089,varies,True,,2025-11-18T00:00:00
R005812,Student_041,ASM006,Q0093,varies,True,,2025-11-18T00:00:00
R005813,Student_041,ASM006,Q0013,varies,True,,2025-11-18T00:00:00
R005814,Student_041,ASM006,Q0060,varies,True,,2025-11-18T00:00:00
R005815,Student_041,ASM006,Q0132,varies,True,,2025-11-18T00:00:00
R005816,Student_041,ASM006,Q0088,varies,True,,2025-11-18T00:00:00
R005817,Student_041,ASM006,Q0109,varies,True,,2025-11-18T00:00:00
R005818,Student_041,ASM006,Q0100,varies,True,,2025-11-18T00:00:00
R005819,Student_041,ASM006,Q0055,varies,True,,2025-11-18T00:00:00
R005820,Student_041,ASM006,Q0072,varies,True,,2025-11-18T00:00:00
R005821,Student_042,ASM006,Q0020,incorrect_arithmetic,False,arithmetic,2025-11-18T00:00:00
R005822,Student_042,ASM006,Q0144,varies,True,,2025-11-18T00:00:00
R005823,Student_042,ASM006,Q0098,varies,True,,2025-11-18T00:00:00
R005824,Student_042,ASM006,Q0039,incorrect_simplification,False,simplification,2025-11-18T00:00:00
R005825,Student_042,ASM006,Q0166,varies,True,,2025-11-18T00:00:00
R005826,Student_042,ASM006,Q0062,incorrect_decimal_placement,False,decimal_placement,2025-11-18T00:00:00
R005827,Student_042,ASM006,Q0012,varies,True,,2025-11-18T00:00:00
R005828,Student_042,ASM006,Q0005,varies,True,,2025-11-18T00:00:00
R005829,Student_042,ASM006,Q0085,varies,True,,2025-11-18T00:00:00
R005830,Student_042,ASM006,Q0014,varies,True,,2025-11-18T00:00:00
R005831,Student_042,ASM006,Q0089,varies,True,,2025-11-18T00:00:00
R005832,Student_042,ASM006,Q0093,varies,True,,2025-11-18T00:00:00
R005833,Student_042,ASM006,Q0013,varies,True,,2025-11-18T00:00:00
R005834,Student_042,ASM006,Q0060,varies,True,,2025-11-18T00:00:00
R005835,Student_042,ASM006,Q0132,varies,True,,2025-11-18T00:00:00
R005836,Student_042,ASM006,Q0088,varies,True,,2025-11-18T00:00:00
R005837,Student_042,ASM006,Q0109,varies,True,,2025-11-18T00:00:00
R005838,Student_042,ASM006,Q0100,varies,True,,2025-11-18T00:00:00
R005839,Student_042,ASM006,Q0055,varies,True,,2025-11-18T00:00:00
R005840,Student_042,ASM006,Q0072,varies,True,,2025-11-18T00:00:00
R005841,Student_043,ASM006,Q0020,varies,True,,2025-11-18T00:00:00
R005842,Student_043,ASM006,Q0144,varies,True,,2025-11-18T00:00:00
R005843,Student_043,ASM006,Q0098,varies,True,,2025-11-18T00:00:00
R005844,Student_043,ASM006,Q0039,varies,True,,2025-11-18T00:00:00
R005845,Student_043,ASM006,Q0166,varies,True,,2025-11-18T00:00:00
R005846,Student_043,ASM006,Q0062,varies,True,,2025-11-18T00:00:00
R005847,Student_043,ASM006,Q0012,varies,True,,2025-11-18T00:00:00
R005848,Student_043,ASM006,Q0005,varies,True,,2025-11-18T00:00:00
R005849,Student_043,ASM006,Q0085,varies,True,,2025-11-18T00:00:00
R005850,Student_043,ASM006,Q0014,varies,True,,2025-11-18T00:00:00
R005851,Student_043,ASM006,Q0089,incorrect_formula_selection,False,formula_selection,2025-11-18T00:00:00
R005852,Student_043,ASM006,Q0093,incorrect_conceptual,False,conceptual,2025-11-18T00:00:00
R005853,Student_043,ASM006,Q0013,varies,True,,2025-11-18T00:00:00
R005854,Student_043,ASM006,Q0060,varies,True,,2025-11-18T00:00:00
R005855,Student_043,ASM006,Q0132,varies,True,,2025-11-18T00:00:00
R005856,Student_043,ASM006,Q0088,incorrect_arithmetic,False,arithmetic,2025-11-18T00:00:00
R005857,Student_043,ASM006,Q0109,varies,True,,2025-11-18T00:00:00
R005858,Student_043,ASM006,Q0100,incorrect_arithmetic,False,arithmetic,2025-11-18T00:00:00
R005859,Student_043,ASM006,Q0055,varies,True,,2025-11-18T00:00:00
R005860,Student_043,ASM006,Q0072,varies,True,,2025-11-18T00:00:00
R005861,Student_044,ASM006,Q0020,incorrect_denominator_handling,False,denominator_handling,2025-11-18T00:00:00
R005862,Student_044,ASM006,Q0144,varies,True,,2025-11-18T00:00:00
R005863,Student_044,ASM006,Q0098,varies,True,,2025-11-18T00:00:00
R005864,Student_044,ASM006,Q0039,varies,True,,2025-11-18T00:00:00
R005865,Student_044,ASM006,Q0166,varies,True,,2025-11-18T00:00:00
R005866,Student_044,ASM006,Q0062,varies,True,,2025-11-18T00:00:00
R005867,Student_044,ASM006,Q0012,varies,True,,2025-11-18T00:00:00
R005868,Student_044,ASM006,Q0005,varies,True,,2025-11-18T00:00:00
R005869,Student_044,ASM006,Q0085,varies,True,,2025-11-18T00:00:00
R005870,Student_044,ASM006,Q0014,varies,True,,2025-11-18T00:00:00
R005871,Student_044,ASM006,Q0089,varies,True,,2025-11-18T00:00:00
R005872,Student_044,ASM006,Q0093,varies,True,,2025-11-18T00:00:00
R005873,Student_044,ASM006,Q0013,incorrect_denominator_handling,False,denominator_handling,2025-11-18T00:00:00
R005874,Student_044,ASM006,Q0060,varies,True,,2025-11-18T00:00:00
R005875,Student_044,ASM006,Q0132,varies,True,,2025-11-18T00:00:00
R005876,Student_044,ASM006,Q0088,varies,True,,2025-11-18T00:00:00
R005877,Student_044,ASM006,Q0109,incorrect_careless,False,careless,2025-11-18T00:00:00
R005878,Student_044,ASM006,Q0100,incorrect_arithmetic,False,arithmetic,2025-11-18T00:00:00
R005879,Student_044,ASM006,Q0055,varies,True,,2025-11-18T00:00:00
R005880,Student_044,ASM006,Q0072,varies,True,,2025-11-18T00:00:00
R005881,Student_045,ASM006,Q0020,incorrect_arithmetic,False,arithmetic,2025-11-18T00:00:00
R005882,Student_045,ASM006,Q0144,varies,True,,2025-11-18T00:00:00
R005883,Student_045,ASM006,Q0098,varies,True,,2025-11-18T00:00:00
R005884,Student_045,ASM006,Q0039,incorrect_arithmetic,False,arithmetic,2025-11-18T00:00:00
R005885,Student_045,ASM006,Q0166,varies,True,,2025-11-18T00:00:00
R005886,Student_045,ASM006,Q0062,varies,True,,2025-11-18T00:00:00
R005887,Student_045,ASM006,Q0012,varies,True,,2025-11-18T00:00:00
R005888,Student_045,ASM006,Q0005,varies,True,,2025-11-18T00:00:00
R005889,Student_045,ASM006,Q0085,varies,True,,2025-11-18T00:00:00
R005890,Student_045,ASM006,Q0014,varies,True,,2025-11-18T00:00:00
R005891,Student_045,ASM006,Q0089,varies,True,,2025-11-18T00:00:00
R005892,Student_045,ASM006,Q0093,varies,True,,2025-11-18T00:00:00
R005893,Student_045,ASM006,Q0013,varies,True,,2025-11-18T00:00:00
R005894,Student_045,ASM006,Q0060,varies,True,,2025-11-18T00:00:00
R005895,Student_045,ASM006,Q0132,varies,True,,2025-11-18T00:00:00
R005896,Student_045,ASM006,Q0088,varies,True,,2025-11-18T00:00:00
R005897,Student_045,ASM006,Q0109,varies,True,,2025-11-18T00:00:00
R005898,Student_045,ASM006,Q0100,varies,True,,2025-11-18T00:00:00
R005899,Student_045,ASM006,Q0055,varies,True,,2025-11-18T00:00:00
R005900,Student_045,ASM006,Q0072,varies,True,,2025-11-18T00:00:00
R005901,Student_046,ASM006,Q0020,varies,True,,2025-11-18T00:00:00
R005902,Student_046,ASM006,Q0144,varies,True,,2025-11-18T00:00:00
R005903,Student_046,ASM006,Q0098,incorrect_sign_error,False,sign_error,2025-11-18T00:00:00
R005904,Student_046,ASM006,Q0039,incorrect_arithmetic,False,arithmetic,2025-11-18T00:00:00
R005905,Student_046,ASM006,Q0166,varies,True,,2025-11-18T00:00:00
R005906,Student_046,ASM006,Q0062,incorrect_decimal_placement,False,decimal_placement,2025-11-18T00:00:00
R005907,Student_046,ASM006,Q0012,incorrect_simplification,False,simplification,2025-11-18T00:00:00
R005908,Student_046,ASM006,Q0005,incorrect_simplification,False,simplification,2025-11-18T00:00:00
R005909,Student_046,ASM006,Q0085,varies,True,,2025-11-18T00:00:00
R005910,Student_046,ASM006,Q0014,varies,True,,2025-11-18T00:00:00
R005911,Student_046,ASM006,Q0089,varies,True,,2025-11-18T00:00:00
R005912,Student_046,ASM006,Q0093,varies,True,,2025-11-18T00:00:00
R005913,Student_046,ASM006,Q0013,incorrect_simplification,False,simplification,2025-11-18T00:00:00
R005914,Student_046,ASM006,Q0060,varies,True,,2025-11-18T00:00:00
R005915,Student_046,ASM006,Q0132,varies,True,,2025-11-18T00:00:00
R005916,Student_046,ASM006,Q0088,varies,True,,2025-11-18T00:00:00
R005917,Student_046,ASM006,Q0109,varies,True,,2025-11-18T00:00:00
R005918,Student_046,ASM006,Q0100,varies,True,,2025-11-18T00:00:00
R005919,Student_046,ASM006,Q0055,varies,True,,2025-11-18T00:00:00
R005920,Student_046,ASM006,Q0072,varies,True,,2025-11-18T00:00:00
R005921,Student_047,ASM006,Q0020,varies,True,,2025-11-18T00:00:00
R005922,Student_047,ASM006,Q0144,varies,True,,2025-11-18T00:00:00
R005923,Student_047,ASM006,Q0098,varies,True,,2025-11-18T00:00:00
R005924,Student_047,ASM006,Q0039,incorrect_arithmetic,False,arithmetic,2025-11-18T00:00:00
R005925,Student_047,ASM006,Q0166,varies,True,,2025-11-18T00:00:00
R005926,Student_047,ASM006,Q0062,varies,True,,2025-11-18T00:00:00
R005927,Student_047,ASM006,Q0012,varies,True,,2025-11-18T00:00:00
R005928,Student_047,ASM006,Q0005,varies,True,,2025-11-18T00:00:00
R005929,Student_047,ASM006,Q0085,varies,True,,2025-11-18T00:00:00
R005930,Student_047,ASM006,Q0014,varies,True,,2025-11-18T00:00:00
R005931,Student_047,ASM006,Q0089,varies,True,,2025-11-18T00:00:00
R005932,Student_047,ASM006,Q0093,varies,True,,2025-11-18T00:00:00
R005933,Student_047,ASM006,Q0013,varies,True,,2025-11-18T00:00:00
R005934,Student_047,ASM006,Q0060,varies,True,,2025-11-18T00:00:00
R005935,Student_047,ASM006,Q0132,varies,True,,2025-11-18T00:00:00
R005936,Student_047,ASM006,Q0088,varies,True,,2025-11-18T00:00:00
R005937,Student_047,ASM006,Q0109,varies,True,,2025-11-18T00:00:00
R005938,Student_047,ASM006,Q0100,varies,True,,2025-11-18T00:00:00
R005939,Student_047,ASM006,Q0055,varies,True,,2025-11-18T00:00:00
R005940,Student_047,ASM006,Q0072,varies,True,,2025-11-18T00:00:00
R005941,Student_048,ASM006,Q0020,varies,True,,2025-11-18T00:00:00
R005942,Student_048,ASM006,Q0144,varies,True,,2025-11-18T00:00:00
R005943,Student_048,ASM006,Q0098,varies,True,,2025-11-18T00:00:00
R005944,Student_048,ASM006,Q0039,incorrect_simplification,False,simplification,2025-11-18T00:00:00
R005945,Student_048,ASM006,Q0166,incorrect_arithmetic,False,arithmetic,2025-11-18T00:00:00
R005946,Student_048,ASM006,Q0062,varies,True,,2025-11-18T00:00:00
R005947,Student_048,ASM006,Q0012,varies,True,,2025-11-18T00:00:00
R005948,Student_048,ASM006,Q0005,incorrect_denominator_handling,False,denominator_handling,2025-11-18T00:00:00
R005949,Student_048,ASM006,Q0085,varies,True,,2025-11-18T00:00:00
R005950,Student_048,ASM006,Q0014,incorrect_denominator_handling,False,denominator_handling,2025-11-18T00:00:00
R005951,Student_048,ASM006,Q0089,varies,True,,2025-11-18T00:00:00
R005952,Student_048,ASM006,Q0093,varies,True,,2025-11-18T00:00:00
R005953,Student_048,ASM006,Q0013,incorrect_simplification,False,simplification,2025-11-18T00:00:00
R005954,Student_048,ASM006,Q0060,varies,True,,2025-11-18T00:00:00
R005955,Student_048,ASM006,Q0132,varies,True,,2025-11-18T00:00:00
R005956,Student_048,ASM006,Q0088,varies,True,,2025-11-18T00:00:00
R005957,Student_048,ASM006,Q0109,varies,True,,2025-11-18T00:00:00
R005958,Student_048,ASM006,Q0100,varies,True,,2025-11-18T00:00:00
R005959,Student_048,ASM006,Q0055,incorrect_decimal_placement,False,decimal_placement,2025-11-18T00:00:00
R005960,Student_048,ASM006,Q0072,varies,True,,2025-11-18T00:00:00
R005961,Student_049,ASM006,Q0020,varies,True,,2025-11-18T00:00:00
R005962,Student_049,ASM006,Q0144,varies,True,,2025-11-18T00:00:00
R005963,Student_049,ASM006,Q0098,incorrect_sign_error,False,sign_error,2025-11-18T00:00:00
R005964,Student_049,ASM006,Q0039,varies,True,,2025-11-18T00:00:00
R005965,Student_049,ASM006,Q0166,varies,True,,2025-11-18T00:00:00
R005966,Student_049,ASM006,Q0062,incorrect_arithmetic,False,arithmetic,2025-11-18T00:00:00
R005967,Student_049,ASM006,Q0012,varies,True,,2025-11-18T00:00:00
R005968,Student_049,ASM006,Q0005,varies,True,,2025-11-18T00:00:00
R005969,Student_049,ASM006,Q0085,varies,True,,2025-11-18T00:00:00
R005970,Student_049,ASM006,Q0014,varies,True,,2025-11-18T00:00:00
R005971,Student_049,ASM006,Q0089,incorrect_sign_error,False,sign_error,2025-11-18T00:00:00
R005972,Student_049,ASM006,Q0093,incorrect_arithmetic,False,arithmetic,2025-11-18T00:00:00
R005973,Student_049,ASM006,Q0013,varies,True,,2025-11-18T00:00:00
R005974,Student_049,ASM006,Q0060,varies,True,,2025-11-18T00:00:00
R005975,Student_049,ASM006,Q0132,varies,True,,2025-11-18T00:00:00
R005976,Student_049,ASM006,Q0088,varies,True,,2025-11-18T00:00:00
R005977,Student_049,ASM006,Q0109,varies,True,,2025-11-18T00:00:00
R005978,Student_049,ASM006,Q0100,incorrect_formula_selection,False,formula_selection,2025-11-18T00:00:00
R005979,Student_049,ASM006,Q0055,varies,True,,2025-11-18T00:00:00
R005980,Student_049,ASM006,Q0072,varies,True,,2025-11-18T00:00:00
R005981,Student_050,ASM006,Q0020,varies,True,,2025-11-18T00:00:00
R005982,Student_050,ASM006,Q0144,incorrect_arithmetic,False,arithmetic,2025-11-18T00:00:00
R005983,Student_050,ASM006,Q0098,varies,True,,2025-11-18T00:00:00
R005984,Student_050,ASM006,Q0039,varies,True,,2025-11-18T00:00:00
R005985,Student_050,ASM006,Q0166,incorrect_arithmetic,False,arithmetic,2025-11-18T00:00:00
R005986,Student_050,ASM006,Q0062,incorrect_decimal_placement,False,decimal_placement,2025-11-18T00:00:00
R005987,Student_050,ASM006,Q0012,varies,True,,2025-11-18T00:00:00
R005988,Student_050,ASM006,Q0005,varies,True,,2025-11-18T00:00:00
R005989,Student_050,ASM006,Q0085,varies,True,,2025-11-18T00:00:00
R005990,Student_050,ASM006,Q0014,incorrect_simplification,False,simplification,2025-11-18T00:00:00
R005991,Student_050,ASM006,Q0089,incorrect_arithmetic,False,arithmetic,2025-11-18T00:00:00
R005992,Student_050,ASM006,Q0093,varies,True,,2025-11-18T00:00:00
R005993,Student_050,ASM006,Q0013,varies,True,,2025-11-18T00:00:00
R005994,Student_050,ASM006,Q0060,varies,True,,2025-11-18T00:00:00
R005995,Student_050,ASM006,Q0132,incorrect_arithmetic,False,arithmetic,2025-11-18T00:00:00
R005996,Student_050,ASM006,Q0088,varies,True,,2025-11-18T00:00:00
R005997,Student_050,ASM006,Q0109,varies,True,,2025-11-18T00:00:00
R005998,Student_050,ASM006,Q0100,varies,True,,2025-11-18T00:00:00
R005999,Student_050,ASM006,Q0055,incorrect_careless,False,careless,2025-11-18T00:00:00
R006000,Student_050,ASM006,Q0072,varies,True,,2025-11-18T00:00:00
