response_id,student_id,assessment_id,question_id,student_answer,is_correct,error_type,created_at
R000001,Student_001,ASM001,Q0032,varies,True,,2025-08-05T00:00:00
R000002,Student_001,ASM001,Q0067,varies,True,,2025-08-05T00:00:00
R000003,Student_001,ASM001,Q0113,varies,True,,2025-08-05T00:00:00
R000004,Student_001,ASM001,Q0121,varies,True,,2025-08-05T00:00:00
R000005,Student_001,ASM001,Q0082,incorrect_sign_error,False,sign_error,2025-08-05T00:00:00
R000006,Student_001,ASM001,Q0154,varies,True,,2025-08-05T00:00:00
R000007,Student_001,ASM001,Q0036,varies,True,,2025-08-05T00:00:00
R000008,Student_001,ASM001,Q0103,incorrect_sign_error,False,sign_error,2025-08-05T00:00:00
R000009,Student_001,ASM001,Q0100,varies,True,,2025-08-05T00:00:00
R000010,Student_001,ASM001,Q0099,varies,True,,2025-08-05T00:00:00
R000011,Student_001,ASM001,Q0125,varies,True,,2025-08-05T00:00:00
R000012,Student_001,ASM001,Q0017,varies,True,,2025-08-05T00:00:00
R000013,Student_001,ASM001,Q0074,varies,True,,2025-08-05T00:00:00
R000014,Student_001,ASM001,Q0160,varies,True,,2025-08-05T00:00:00
R000015,Student_001,ASM001,Q0133,varies,True,,2025-08-05T00:00:00
R000016,Student_001,ASM001,Q0068,varies,True,,2025-08-05T00:00:00
R000017,Student_001,ASM001,Q0120,varies,True,,2025-08-05T00:00:00
R000018,Student_001,ASM001,Q0041,varies,True,,2025-08-05T00:00:00
R000019,Student_001,ASM001,Q0005,varies,True,,2025-08-05T00:00:00
R000020,Student_001,ASM001,Q0048,varies,True,,2025-08-05T00:00:00
R000021,Student_002,ASM001,Q0032,varies,True,,2025-08-05T00:00:00
R000022,Student_002,ASM001,Q0067,varies,True,,2025-08-05T00:00:00
R000023,Student_002,ASM001,Q0113,varies,True,,2025-08-05T00:00:00
R000024,Student_002,ASM001,Q0121,incorrect_careless,False,careless,2025-08-05T00:00:00
R000025,Student_002,ASM001,Q0082,varies,True,,2025-08-05T00:00:00
R000026,Student_002,ASM001,Q0154,incorrect_arithmetic,False,arithmetic,2025-08-05T00:00:00
R000027,Student_002,ASM001,Q0036,incorrect_simplification,False,simplification,2025-08-05T00:00:00
R000028,Student_002,ASM001,Q0103,varies,True,,2025-08-05T00:00:00
R000029,Student_002,ASM001,Q0100,varies,True,,2025-08-05T00:00:00
R000030,Student_002,ASM001,Q0099,varies,True,,2025-08-05T00:00:00
R000031,Student_002,ASM001,Q0125,varies,True,,2025-08-05T00:00:00
R000032,Student_002,ASM001,Q0017,incorrect_denominator_handling,False,denominator_handling,2025-08-05T00:00:00
R000033,Student_002,ASM001,Q0074,varies,True,,2025-08-05T00:00:00
R000034,Student_002,ASM001,Q0160,incorrect_arithmetic,False,arithmetic,2025-08-05T00:00:00
R000035,Student_002,ASM001,Q0133,incorrect_careless,False,careless,2025-08-05T00:00:00
R000036,Student_002,ASM001,Q0068,incorrect_arithmetic,False,arithmetic,2025-08-05T00:00:00
R000037,Student_002,ASM001,Q0120,varies,True,,2025-08-05T00:00:00
R000038,Student_002,ASM001,Q0041,varies,True,,2025-08-05T00:00:00
R000039,Student_002,ASM001,Q0005,varies,True,,2025-08-05T00:00:00
R000040,Student_002,ASM001,Q0048,varies,True,,2025-08-05T00:00:00
R000041,Student_003,ASM001,Q0032,varies,True,,2025-08-05T00:00:00
R000042,Student_003,ASM001,Q0067,varies,True,,2025-08-05T00:00:00
R000043,Student_003,ASM001,Q0113,varies,True,,2025-08-05T00:00:00
R000044,Student_003,ASM001,Q0121,varies,True,,2025-08-05T00:00:00
R000045,Student_003,ASM001,Q0082,varies,True,,2025-08-05T00:00:00
R000046,Student_003,ASM001,Q0154,varies,True,,2025-08-05T00:00:00
R000047,Student_003,ASM001,Q0036,incorrect_simplification,False,simplification,2025-08-05T00:00:00
R000048,Student_003,ASM001,Q0103,incorrect_sign_error,False,sign_error,2025-08-05T00:00:00
R000049,Student_003,ASM001,Q0100,incorrect_sign_error,False,sign_error,2025-08-05T00:00:00
R000050,Student_003,ASM001,Q0099,varies,True,,2025-08-05T00:00:00
R000051,Student_003,ASM001,Q0125,varies,True,,2025-08-05T00:00:00
R000052,Student_003,ASM001,Q0017,incorrect_denominator_handling,False,denominator_handling,2025-08-05T00:00:00
R000053,Student_003,ASM001,Q0074,incorrect_conceptual,False,conceptual,2025-08-05T00:00:00
R000054,Student_003,ASM001,Q0160,incorrect_careless,False,careless,2025-08-05T00:00:00
R000055,Student_003,ASM001,Q0133,varies,True,,2025-08-05T00:00:00
R000056,Student_003,ASM001,Q0068,incorrect_decimal_placement,False,decimal_placement,2025-08-05T00:00:00
R000057,Student_003,ASM001,Q0120,varies,True,,2025-08-05T00:00:00
R000058,Student_003,ASM001,Q0041,varies,True,,2025-08-05T00:00:00
R000059,Student_003,ASM001,Q0005,varies,True,,2025-08-05T00:00:00
R000060,Student_003,ASM001,Q0048,varies,True,,2025-08-05T00:00:00
R000061,Student_004,ASM001,Q0032,incorrect_denominator_handling,False,denominator_handling,2025-08-05T00:00:00
R000062,Student_004,ASM001,Q0067,incorrect_conceptual,False,conceptual,2025-08-05T00:00:00
R000063,Student_004,ASM001,Q0113,varies,True,,2025-08-05T00:00:00
R000064,Student_004,ASM001,Q0121,incorrect_conceptual,False,conceptual,2025-08-05T00:00:00
R000065,Student_004,ASM001,Q0082,incorrect_conceptual,False,conceptual,2025-08-05T00:00:00
R000066,Student_004,ASM001,Q0154,varies,True,,2025-08-05T00:00:00
R000067,Student_004,ASM001,Q0036,varies,True,,2025-08-05T00:00:00
R000068,Student_004,ASM001,Q0103,varies,True,,2025-08-05T00:00:00
R000069,Student_004,ASM001,Q0100,incorrect_sign_error,False,sign_error,2025-08-05T00:00:00
R000070,Student_004,ASM001,Q0099,varies,True,,2025-08-05T00:00:00
R000071,Student_004,ASM001,Q0125,varies,True,,2025-08-05T00:00:00
R000072,Student_004,ASM001,Q0017,varies,True,,2025-08-05T00:00:00
R000073,Student_004,ASM001,Q0074,varies,True,,2025-08-05T00:00:00
R000074,Student_004,ASM001,Q0160,varies,True,,2025-08-05T00:00:00
R000075,Student_004,ASM001,Q0133,varies,True,,2025-08-05T00:00:00
R000076,Student_004,ASM001,Q0068,incorrect_decimal_placement,False,decimal_placement,2025-08-05T00:00:00
R000077,Student_004,ASM001,Q0120,incorrect_conceptual,False,conceptual,2025-08-05T00:00:00
R000078,Student_004,ASM001,Q0041,varies,True,,2025-08-05T00:00:00
R000079,Student_004,ASM001,Q0005,incorrect_denominator_handling,False,denominator_handling,2025-08-05T00:00:00
R000080,Student_004,ASM001,Q0048,varies,True,,2025-08-05T00:00:00
R000081,Student_005,ASM001,Q0032,varies,True,,2025-08-05T00:00:00
R000082,Student_005,ASM001,Q0067,varies,True,,2025-08-05T00:00:00
R000083,Student_005,ASM001,Q0113,varies,True,,2025-08-05T00:00:00
R000084,Student_005,ASM001,Q0121,varies,True,,2025-08-05T00:00:00
R000085,Student_005,ASM001,Q0082,varies,True,,2025-08-05T00:00:00
R000086,Student_005,ASM001,Q0154,varies,True,,2025-08-05T00:00:00
R000087,Student_005,ASM001,Q0036,varies,True,,2025-08-05T00:00:00
R000088,Student_005,ASM001,Q0103,varies,True,,2025-08-05T00:00:00
R000089,Student_005,ASM001,Q0100,varies,True,,2025-08-05T00:00:00
R000090,Student_005,ASM001,Q0099,varies,True,,2025-08-05T00:00:00
R000091,Student_005,ASM001,Q0125,varies,True,,2025-08-05T00:00:00
R000092,Student_005,ASM001,Q0017,varies,True,,2025-08-05T00:00:00
R000093,Student_005,ASM001,Q0074,varies,True,,2025-08-05T00:00:00
R000094,Student_005,ASM001,Q0160,varies,True,,2025-08-05T00:00:00
R000095,Student_005,ASM001,Q0133,varies,True,,2025-08-05T00:00:00
R000096,Student_005,ASM001,Q0068,varies,True,,2025-08-05T00:00:00
R000097,Student_005,ASM001,Q0120,varies,True,,2025-08-05T00:00:00
R000098,Student_005,ASM001,Q0041,varies,True,,2025-08-05T00:00:00
R000099,Student_005,ASM001,Q0005,varies,True,,2025-08-05T00:00:00
R000100,Student_005,ASM001,Q0048,varies,True,,2025-08-05T00:00:00
R000101,Student_006,ASM001,Q0032,incorrect_careless,False,careless,2025-08-05T00:00:00
R000102,Student_006,ASM001,Q0067,incorrect_arithmetic,False,arithmetic,2025-08-05T00:00:00
R000103,Student_006,ASM001,Q0113,varies,True,,2025-08-05T00:00:00
R000104,Student_006,ASM001,Q0121,varies,True,,2025-08-05T00:00:00
R000105,Student_006,ASM001,Q0082,incorrect_conceptual,False,conceptual,2025-08-05T00:00:00
R000106,Student_006,ASM001,Q0154,varies,True,,2025-08-05T00:00:00
R000107,Student_006,ASM001,Q0036,incorrect_denominator_handling,False,denominator_handling,2025-08-05T00:00:00
R000108,Student_006,ASM001,Q0103,varies,True,,2025-08-05T00:00:00
R000109,Student_006,ASM001,Q0100,incorrect_sign_error,False,sign_error,2025-08-05T00:00:00
R000110,Student_006,ASM001,Q0099,varies,True,,2025-08-05T00:00:00
R000111,Student_006,ASM001,Q0125,varies,True,,2025-08-05T00:00:00
R000112,Student_006,ASM001,Q0017,varies,True,,2025-08-05T00:00:00
R000113,Student_006,ASM001,Q0074,varies,True,,2025-08-05T00:00:00
R000114,Student_006,ASM001,Q0160,varies,True,,2025-08-05T00:00:00
R000115,Student_006,ASM001,Q0133,varies,True,,2025-08-05T00:00:00
R000116,Student_006,ASM001,Q0068,varies,True,,2025-08-05T00:00:00
R000117,Student_006,ASM001,Q0120,varies,True,,2025-08-05T00:00:00
R000118,Student_006,ASM001,Q0041,incorrect_denominator_handling,False,denominator_handling,2025-08-05T00:00:00
R000119,Student_006,ASM001,Q0005,incorrect_simplification,False,simplification,2025-08-05T00:00:00
R000120,Student_006,ASM001,Q0048,varies,True,,2025-08-05T00:00:00
R000121,Student_007,ASM001,Q0032,varies,True,,2025-08-05T00:00:00
R000122,Student_007,ASM001,Q0067,varies,True,,2025-08-05T00:00:00
R000123,Student_007,ASM001,Q0113,incorrect_conceptual,False,conceptual,2025-08-05T00:00:00
R000124,Student_007,ASM001,Q0121,varies,True,,2025-08-05T00:00:00
R000125,Student_007,ASM001,Q0082,varies,True,,2025-08-05T00:00:00
R000126,Student_007,ASM001,Q0154,varies,True,,2025-08-05T00:00:00
R000127,Student_007,ASM001,Q0036,varies,True,,2025-08-05T00:00:00
R000128,Student_007,ASM001,Q0103,varies,True,,2025-08-05T00:00:00
R000129,Student_007,ASM001,Q0100,varies,True,,2025-08-05T00:00:00
R000130,Student_007,ASM001,Q0099,varies,True,,2025-08-05T00:00:00
R000131,Student_007,ASM001,Q0125,varies,True,,2025-08-05T00:00:00
R000132,Student_007,ASM001,Q0017,varies,True,,2025-08-05T00:00:00
R000133,Student_007,ASM001,Q0074,varies,True,,2025-08-05T00:00:00
R000134,Student_007,ASM001,Q0160,varies,True,,2025-08-05T00:00:00
R000135,Student_007,ASM001,Q0133,varies,True,,2025-08-05T00:00:00
R000136,Student_007,ASM001,Q0068,varies,True,,2025-08-05T00:00:00
R000137,Student_007,ASM001,Q0120,varies,True,,2025-08-05T00:00:00
R000138,Student_007,ASM001,Q0041,varies,True,,2025-08-05T00:00:00
R000139,Student_007,ASM001,Q0005,varies,True,,2025-08-05T00:00:00
R000140,Student_007,ASM001,Q0048,varies,True,,2025-08-05T00:00:00
R000141,Student_008,ASM001,Q0032,varies,True,,2025-08-05T00:00:00
R000142,Student_008,ASM001,Q0067,varies,True,,2025-08-05T00:00:00
R000143,Student_008,ASM001,Q0113,varies,True,,2025-08-05T00:00:00
R000144,Student_008,ASM001,Q0121,varies,True,,2025-08-05T00:00:00
R000145,Student_008,ASM001,Q0082,varies,True,,2025-08-05T00:00:00
R000146,Student_008,ASM001,Q0154,varies,True,,2025-08-05T00:00:00
R000147,Student_008,ASM001,Q0036,incorrect_arithmetic,False,arithmetic,2025-08-05T00:00:00
R000148,Student_008,ASM001,Q0103,varies,True,,2025-08-05T00:00:00
R000149,Student_008,ASM001,Q0100,incorrect_sign_error,False,sign_error,2025-08-05T00:00:00
R000150,Student_008,ASM001,Q0099,varies,True,,2025-08-05T00:00:00
R000151,Student_008,ASM001,Q0125,varies,True,,2025-08-05T00:00:00
R000152,Student_008,ASM001,Q0017,incorrect_arithmetic,False,arithmetic,2025-08-05T00:00:00
R000153,Student_008,ASM001,Q0074,varies,True,,2025-08-05T00:00:00
R000154,Student_008,ASM001,Q0160,varies,True,,2025-08-05T00:00:00
R000155,Student_008,ASM001,Q0133,varies,True,,2025-08-05T00:00:00
R000156,Student_008,ASM001,Q0068,incorrect_decimal_placement,False,decimal_placement,2025-08-05T00:00:00
R000157,Student_008,ASM001,Q0120,varies,True,,2025-08-05T00:00:00
R000158,Student_008,ASM001,Q0041,varies,True,,2025-08-05T00:00:00
R000159,Student_008,ASM001,Q0005,varies,True,,2025-08-05T00:00:00
R000160,Student_008,ASM001,Q0048,varies,True,,2025-08-05T00:00:00
R000161,Student_009,ASM001,Q0032,varies,True,,2025-08-05T00:00:00
R000162,Student_009,ASM001,Q0067,varies,True,,2025-08-05T00:00:00
R000163,Student_009,ASM001,Q0113,varies,True,,2025-08-05T00:00:00
R000164,Student_009,ASM001,Q0121,varies,True,,2025-08-05T00:00:00
R000165,Student_009,ASM001,Q0082,varies,True,,2025-08-05T00:00:00
R000166,Student_009,ASM001,Q0154,varies,True,,2025-08-05T00:00:00
R000167,Student_009,ASM001,Q0036,varies,True,,2025-08-05T00:00:00
R000168,Student_009,ASM001,Q0103,varies,True,,2025-08-05T00:00:00
R000169,Student_009,ASM001,Q0100,varies,True,,2025-08-05T00:00:00
R000170,Student_009,ASM001,Q0099,incorrect_sign_error,False,sign_error,2025-08-05T00:00:00
R000171,Student_009,ASM001,Q0125,varies,True,,2025-08-05T00:00:00
R000172,Student_009,ASM001,Q0017,incorrect_arithmetic,False,arithmetic,2025-08-05T00:00:00
R000173,Student_009,ASM001,Q0074,incorrect_decimal_placement,False,decimal_placement,2025-08-05T00:00:00
R000174,Student_009,ASM001,Q0160,varies,True,,2025-08-05T00:00:00
R000175,Student_009,ASM001,Q0133,varies,True,,2025-08-05T00:00:00
R000176,Student_009,ASM001,Q0068,incorrect_arithmetic,False,arithmetic,2025-08-05T00:00:00
R000177,Student_009,ASM001,Q0120,varies,True,,2025-08-05T00:00:00
R000178,Student_009,ASM001,Q0041,varies,True,,2025-08-05T00:00:00
R000179,Student_009,ASM001,Q0005,varies,True,,2025-08-05T00:00:00
R000180,Student_009,ASM001,Q0048,varies,True,,2025-08-05T00:00:00
R000181,Student_010,ASM001,Q0032,varies,True,,2025-08-05T00:00:00
R000182,Student_010,ASM001,Q0067,incorrect_arithmetic,False,arithmetic,2025-08-05T00:00:00
R000183,Student_010,ASM001,Q0113,varies,True,,2025-08-05T00:00:00
R000184,Student_010,ASM001,Q0121,varies,True,,2025-08-05T00:00:00
R000185,Student_010,ASM001,Q0082,varies,True,,2025-08-05T00:00:00
R000186,Student_010,ASM001,Q0154,varies,True,,2025-08-05T00:00:00
R000187,Student_010,ASM001,Q0036,incorrect_arithmetic,False,arithmetic,2025-08-05T00:00:00
R000188,Student_010,ASM001,Q0103,varies,True,,2025-08-05T00:00:00
R000189,Student_010,ASM001,Q0100,varies,True,,2025-08-05T00:00:00
R000190,Student_010,ASM001,Q0099,incorrect_formula_selection,False,formula_selection,2025-08-05T00:00:00
R000191,Student_010,ASM001,Q0125,varies,True,,2025-08-05T00:00:00
R000192,Student_010,ASM001,Q0017,varies,True,,2025-08-05T00:00:00
R000193,Student_010,ASM001,Q0074,incorrect_conceptual,False,conceptual,2025-08-05T00:00:00
R000194,Student_010,ASM001,Q0160,varies,True,,2025-08-05T00:00:00
R000195,Student_010,ASM001,Q0133,varies,True,,2025-08-05T00:00:00
R000196,Student_010,ASM001,Q0068,varies,True,,2025-08-05T00:00:00
R000197,Student_010,ASM001,Q0120,varies,True,,2025-08-05T00:00:00
R000198,Student_010,ASM001,Q0041,varies,True,,2025-08-05T00:00:00
R000199,Student_010,ASM001,Q0005,incorrect_denominator_handling,False,denominator_handling,2025-08-05T00:00:00
R000200,Student_010,ASM001,Q0048,varies,True,,2025-08-05T00:00:00
R000201,Student_011,ASM001,Q0032,varies,True,,2025-08-05T00:00:00
R000202,Student_011,ASM001,Q0067,varies,True,,2025-08-05T00:00:00
R000203,Student_011,ASM001,Q0113,varies,True,,2025-08-05T00:00:00
R000204,Student_011,ASM001,Q0121,varies,True,,2025-08-05T00:00:00
R000205,Student_011,ASM001,Q0082,varies,True,,2025-08-05T00:00:00
R000206,Student_011,ASM001,Q0154,varies,True,,2025-08-05T00:00:00
R000207,Student_011,ASM001,Q0036,varies,True,,2025-08-05T00:00:00
R000208,Student_011,ASM001,Q0103,varies,True,,2025-08-05T00:00:00
R000209,Student_011,ASM001,Q0100,varies,True,,2025-08-05T00:00:00
R000210,Student_011,ASM001,Q0099,varies,True,,2025-08-05T00:00:00
R000211,Student_011,ASM001,Q0125,varies,True,,2025-08-05T00:00:00
R000212,Student_011,ASM001,Q0017,varies,True,,2025-08-05T00:00:00
R000213,Student_011,ASM001,Q0074,varies,True,,2025-08-05T00:00:00
R000214,Student_011,ASM001,Q0160,varies,True,,2025-08-05T00:00:00
R000215,Student_011,ASM001,Q0133,varies,True,,2025-08-05T00:00:00
R000216,Student_011,ASM001,Q0068,varies,True,,2025-08-05T00:00:00
R000217,Student_011,ASM001,Q0120,varies,True,,2025-08-05T00:00:00
R000218,Student_011,ASM001,Q0041,varies,True,,2025-08-05T00:00:00
R000219,Student_011,ASM001,Q0005,varies,True,,2025-08-05T00:00:00
R000220,Student_011,ASM001,Q0048,varies,True,,2025-08-05T00:00:00
R000221,Student_012,ASM001,Q0032,incorrect_simplification,False,simplification,2025-08-05T00:00:00
R000222,Student_012,ASM001,Q0067,varies,True,,2025-08-05T00:00:00
R000223,Student_012,ASM001,Q0113,varies,True,,2025-08-05T00:00:00
R000224,Student_012,ASM001,Q0121,varies,True,,2025-08-05T00:00:00
R000225,Student_012,ASM001,Q0082,varies,True,,2025-08-05T00:00:00
R000226,Student_012,ASM001,Q0154,varies,True,,2025-08-05T00:00:00
R000227,Student_012,ASM001,Q0036,varies,True,,2025-08-05T00:00:00
R000228,Student_012,ASM001,Q0103,varies,True,,2025-08-05T00:00:00
R000229,Student_012,ASM001,Q0100,varies,True,,2025-08-05T00:00:00
R000230,Student_012,ASM001,Q0099,varies,True,,2025-08-05T00:00:00
R000231,Student_012,ASM001,Q0125,varies,True,,2025-08-05T00:00:00
R000232,Student_012,ASM001,Q0017,incorrect_simplification,False,simplification,2025-08-05T00:00:00
R000233,Student_012,ASM001,Q0074,varies,True,,2025-08-05T00:00:00
R000234,Student_012,ASM001,Q0160,varies,True,,2025-08-05T00:00:00
R000235,Student_012,ASM001,Q0133,varies,True,,2025-08-05T00:00:00
R000236,Student_012,ASM001,Q0068,varies,True,,2025-08-05T00:00:00
R000237,Student_012,ASM001,Q0120,varies,True,,2025-08-05T00:00:00
R000238,Student_012,ASM001,Q0041,varies,True,,2025-08-05T00:00:00
R000239,Student_012,ASM001,Q0005,varies,True,,2025-08-05T00:00:00
R000240,Student_012,ASM001,Q0048,varies,True,,2025-08-05T00:00:00
R000241,Student_013,ASM001,Q0032,incorrect_denominator_handling,False,denominator_handling,2025-08-05T00:00:00
R000242,Student_013,ASM001,Q0067,varies,True,,2025-08-05T00:00:00
R000243,Student_013,ASM001,Q0113,varies,True,,2025-08-05T00:00:00
R000244,Student_013,ASM001,Q0121,varies,True,,2025-08-05T00:00:00
R000245,Student_013,ASM001,Q0082,incorrect_careless,False,careless,2025-08-05T00:00:00
R000246,Student_013,ASM001,Q0154,varies,True,,2025-08-05T00:00:00
R000247,Student_013,ASM001,Q0036,varies,True,,2025-08-05T00:00:00
R000248,Student_013,ASM001,Q0103,varies,True,,2025-08-05T00:00:00
R000249,Student_013,ASM001,Q0100,varies,True,,2025-08-05T00:00:00
R000250,Student_013,ASM001,Q0099,incorrect_formula_selection,False,formula_selection,2025-08-05T00:00:00
R000251,Student_013,ASM001,Q0125,varies,True,,2025-08-05T00:00:00
R000252,Student_013,ASM001,Q0017,varies,True,,2025-08-05T00:00:00
R000253,Student_013,ASM001,Q0074,varies,True,,2025-08-05T00:00:00
R000254,Student_013,ASM001,Q0160,varies,True,,2025-08-05T00:00:00
R000255,Student_013,ASM001,Q0133,varies,True,,2025-08-05T00:00:00
R000256,Student_013,ASM001,Q0068,incorrect_decimal_placement,False,decimal_placement,2025-08-05T00:00:00
R000257,Student_013,ASM001,Q0120,varies,True,,2025-08-05T00:00:00
R000258,Student_013,ASM001,Q0041,varies,True,,2025-08-05T00:00:00
R000259,Student_013,ASM001,Q0005,varies,True,,2025-08-05T00:00:00
R000260,Student_013,ASM001,Q0048,varies,True,,2025-08-05T00:00:00
R000261,Student_014,ASM001,Q0032,incorrect_denominator_handling,False,denominator_handling,2025-08-05T00:00:00
R000262,Student_014,ASM001,Q0067,varies,True,,2025-08-05T00:00:00
R000263,Student_014,ASM001,Q0113,varies,True,,2025-08-05T00:00:00
R000264,Student_014,ASM001,Q0121,varies,True,,2025-08-05T00:00:00
R000265,Student_014,ASM001,Q0082,varies,True,,2025-08-05T00:00:00
R000266,Student_014,ASM001,Q0154,varies,True,,2025-08-05T00:00:00
R000267,Student_014,ASM001,Q0036,varies,True,,2025-08-05T00:00:00
R000268,Student_014,ASM001,Q0103,varies,True,,2025-08-05T00:00:00
R000269,Student_014,ASM001,Q0100,varies,True,,2025-08-05T00:00:00
R000270,Student_014,ASM001,Q0099,varies,True,,2025-08-05T00:00:00
R000271,Student_014,ASM001,Q0125,varies,True,,2025-08-05T00:00:00
R000272,Student_014,ASM001,Q0017,incorrect_simplification,False,simplification,2025-08-05T00:00:00
R000273,Student_014,ASM001,Q0074,varies,True,,2025-08-05T00:00:00
R000274,Student_014,ASM001,Q0160,incorrect_unit_conversion,False,unit_conversion,2025-08-05T00:00:00
R000275,Student_014,ASM001,Q0133,incorrect_conceptual,False,conceptual,2025-08-05T00:00:00
R000276,Student_014,ASM001,Q0068,varies,True,,2025-08-05T00:00:00
R000277,Student_014,ASM001,Q0120,varies,True,,2025-08-05T00:00:00
R000278,Student_014,ASM001,Q0041,varies,True,,2025-08-05T00:00:00
R000279,Student_014,ASM001,Q0005,incorrect_denominator_handling,False,denominator_handling,2025-08-05T00:00:00
R000280,Student_014,ASM001,Q0048,varies,True,,2025-08-05T00:00:00
R000281,Student_015,ASM001,Q0032,incorrect_arithmetic,False,arithmetic,2025-08-05T00:00:00
R000282,Student_015,ASM001,Q0067,varies,True,,2025-08-05T00:00:00
R000283,Student_015,ASM001,Q0113,varies,True,,2025-08-05T00:00:00
R000284,Student_015,ASM001,Q0121,varies,True,,2025-08-05T00:00:00
R000285,Student_015,ASM001,Q0082,incorrect_conceptual,False,conceptual,2025-08-05T00:00:00
R000286,Student_015,ASM001,Q0154,varies,True,,2025-08-05T00:00:00
R000287,Student_015,ASM001,Q0036,varies,True,,2025-08-05T00:00:00
R000288,Student_015,ASM001,Q0103,varies,True,,2025-08-05T00:00:00
R000289,Student_015,ASM001,Q0100,varies,True,,2025-08-05T00:00:00
R000290,Student_015,ASM001,Q0099,incorrect_sign_error,False,sign_error,2025-08-05T00:00:00
R000291,Student_015,ASM001,Q0125,varies,True,,2025-08-05T00:00:00
R000292,Student_015,ASM001,Q0017,incorrect_denominator_handling,False,denominator_handling,2025-08-05T00:00:00
R000293,Student_015,ASM001,Q0074,varies,True,,2025-08-05T00:00:00
R000294,Student_015,ASM001,Q0160,varies,True,,2025-08-05T00:00:00
R000295,Student_015,ASM001,Q0133,varies,True,,2025-08-05T00:00:00
R000296,Student_015,ASM001,Q0068,varies,True,,2025-08-05T00:00:00
R000297,Student_015,ASM001,Q0120,varies,True,,2025-08-05T00:00:00
R000298,Student_015,ASM001,Q0041,varies,True,,2025-08-05T00:00:00
R000299,Student_015,ASM001,Q0005,varies,True,,2025-08-05T00:00:00
R000300,Student_015,ASM001,Q0048,varies,True,,2025-08-05T00:00:00
R000301,Student_016,ASM001,Q0032,varies,True,,2025-08-05T00:00:00
R000302,Student_016,ASM001,Q0067,varies,True,,2025-08-05T00:00:00
R000303,Student_016,ASM001,Q0113,incorrect_conceptual,False,conceptual,2025-08-05T00:00:00
R000304,Student_016,ASM001,Q0121,incorrect_conceptual,False,conceptual,2025-08-05T00:00:00
R000305,Student_016,ASM001,Q0082,incorrect_careless,False,careless,2025-08-05T00:00:00
R000306,Student_016,ASM001,Q0154,incorrect_unit_conversion,False,unit_conversion,2025-08-05T00:00:00
R000307,Student_016,ASM001,Q0036,varies,True,,2025-08-05T00:00:00
R000308,Student_016,ASM001,Q0103,incorrect_careless,False,careless,2025-08-05T00:00:00
R000309,Student_016,ASM001,Q0100,incorrect_sign_error,False,sign_error,2025-08-05T00:00:00
R000310,Student_016,ASM001,Q0099,varies,True,,2025-08-05T00:00:00
R000311,Student_016,ASM001,Q0125,varies,True,,2025-08-05T00:00:00
R000312,Student_016,ASM001,Q0017,varies,True,,2025-08-05T00:00:00
R000313,Student_016,ASM001,Q0074,varies,True,,2025-08-05T00:00:00
R000314,Student_016,ASM001,Q0160,varies,True,,2025-08-05T00:00:00
R000315,Student_016,ASM001,Q0133,varies,True,,2025-08-05T00:00:00
R000316,Student_016,ASM001,Q0068,incorrect_arithmetic,False,arithmetic,2025-08-05T00:00:00
R000317,Student_016,ASM001,Q0120,varies,True,,2025-08-05T00:00:00
R000318,Student_016,ASM001,Q0041,varies,True,,2025-08-05T00:00:00
R000319,Student_016,ASM001,Q0005,varies,True,,2025-08-05T00:00:00
R000320,Student_016,ASM001,Q0048,varies,True,,2025-08-05T00:00:00
R000321,Student_017,ASM001,Q0032,varies,True,,2025-08-05T00:00:00
R000322,Student_017,ASM001,Q0067,varies,True,,2025-08-05T00:00:00
R000323,Student_017,ASM001,Q0113,varies,True,,2025-08-05T00:00:00
R000324,Student_017,ASM001,Q0121,varies,True,,2025-08-05T00:00:00
R000325,Student_017,ASM001,Q0082,varies,True,,2025-08-05T00:00:00
R000326,Student_017,ASM001,Q0154,varies,True,,2025-08-05T00:00:00
R000327,Student_017,ASM001,Q0036,varies,True,,2025-08-05T00:00:00
R000328,Student_017,ASM001,Q0103,varies,True,,2025-08-05T00:00:00
R000329,Student_017,ASM001,Q0100,varies,True,,2025-08-05T00:00:00
R000330,Student_017,ASM001,Q0099,varies,True,,2025-08-05T00:00:00
R000331,Student_017,ASM001,Q0125,varies,True,,2025-08-05T00:00:00
R000332,Student_017,ASM001,Q0017,varies,True,,2025-08-05T00:00:00
R000333,Student_017,ASM001,Q0074,varies,True,,2025-08-05T00:00:00
R000334,Student_017,ASM001,Q0160,varies,True,,2025-08-05T00:00:00
R000335,Student_017,ASM001,Q0133,incorrect_careless,False,careless,2025-08-05T00:00:00
R000336,Student_017,ASM001,Q0068,varies,True,,2025-08-05T00:00:00
R000337,Student_017,ASM001,Q0120,varies,True,,2025-08-05T00:00:00
R000338,Student_017,ASM001,Q0041,varies,True,,2025-08-05T00:00:00
R000339,Student_017,ASM001,Q0005,varies,True,,2025-08-05T00:00:00
R000340,Student_017,ASM001,Q0048,varies,True,,2025-08-05T00:00:00
R000341,Student_018,ASM001,Q0032,varies,True,,2025-08-05T00:00:00
R000342,Student_018,ASM001,Q0067,varies,True,,2025-08-05T00:00:00
R000343,Student_018,ASM001,Q0113,varies,True,,2025-08-05T00:00:00
R000344,Student_018,ASM001,Q0121,varies,True,,2025-08-05T00:00:00
R000345,Student_018,ASM001,Q0082,varies,True,,2025-08-05T00:00:00
R000346,Student_018,ASM001,Q0154,varies,True,,2025-08-05T00:00:00
R000347,Student_018,ASM001,Q0036,varies,True,,2025-08-05T00:00:00
R000348,Student_018,ASM001,Q0103,varies,True,,2025-08-05T00:00:00
R000349,Student_018,ASM001,Q0100,incorrect_formula_selection,False,formula_selection,2025-08-05T00:00:00
R000350,Student_018,ASM001,Q0099,incorrect_formula_selection,False,formula_selection,2025-08-05T00:00:00
R000351,Student_018,ASM001,Q0125,varies,True,,2025-08-05T00:00:00
R000352,Student_018,ASM001,Q0017,varies,True,,2025-08-05T00:00:00
R000353,Student_018,ASM001,Q0074,varies,True,,2025-08-05T00:00:00
R000354,Student_018,ASM001,Q0160,varies,True,,2025-08-05T00:00:00
R000355,Student_018,ASM001,Q0133,varies,True,,2025-08-05T00:00:00
R000356,Student_018,ASM001,Q0068,varies,True,,2025-08-05T00:00:00
R000357,Student_018,ASM001,Q0120,varies,True,,2025-08-05T00:00:00
R000358,Student_018,ASM001,Q0041,incorrect_denominator_handling,False,denominator_handling,2025-08-05T00:00:00
R000359,Student_018,ASM001,Q0005,incorrect_denominator_handling,False,denominator_handling,2025-08-05T00:00:00
R000360,Student_018,ASM001,Q0048,varies,True,,2025-08-05T00:00:00
R000361,Student_019,ASM001,Q0032,incorrect_denominator_handling,False,denominator_handling,2025-08-05T00:00:00
R000362,Student_019,ASM001,Q0067,varies,True,,2025-08-05T00:00:00
R000363,Student_019,ASM001,Q0113,varies,True,,2025-08-05T00:00:00
R000364,Student_019,ASM001,Q0121,varies,True,,2025-08-05T00:00:00
R000365,Student_019,ASM001,Q0082,varies,True,,2025-08-05T00:00:00
R000366,Student_019,ASM001,Q0154,varies,True,,2025-08-05T00:00:00
R000367,Student_019,ASM001,Q0036,varies,True,,2025-08-05T00:00:00
R000368,Student_019,ASM001,Q0103,varies,True,,2025-08-05T00:00:00
R000369,Student_019,ASM001,Q0100,incorrect_sign_error,False,sign_error,2025-08-05T00:00:00
R000370,Student_019,ASM001,Q0099,incorrect_sign_error,False,sign_error,2025-08-05T00:00:00
R000371,Student_019,ASM001,Q0125,varies,True,,2025-08-05T00:00:00
R000372,Student_019,ASM001,Q0017,varies,True,,2025-08-05T00:00:00
R000373,Student_019,ASM001,Q0074,varies,True,,2025-08-05T00:00:00
R000374,Student_019,ASM001,Q0160,varies,True,,2025-08-05T00:00:00
R000375,Student_019,ASM001,Q0133,varies,True,,2025-08-05T00:00:00
R000376,Student_019,ASM001,Q0068,varies,True,,2025-08-05T00:00:00
R000377,Student_019,ASM001,Q0120,varies,True,,2025-08-05T00:00:00
R000378,Student_019,ASM001,Q0041,varies,True,,2025-08-05T00:00:00
R000379,Student_019,ASM001,Q0005,varies,True,,2025-08-05T00:00:00
R000380,Student_019,ASM001,Q0048,varies,True,,2025-08-05T00:00:00
R000381,Student_020,ASM001,Q0032,incorrect_arithmetic,False,arithmetic,2025-08-05T00:00:00
R000382,Student_020,ASM001,Q0067,varies,True,,2025-08-05T00:00:00
R000383,Student_020,ASM001,Q0113,incorrect_careless,False,careless,2025-08-05T00:00:00
R000384,Student_020,ASM001,Q0121,varies,True,,2025-08-05T00:00:00
R000385,Student_020,ASM001,Q0082,varies,True,,2025-08-05T00:00:00
R000386,Student_020,ASM001,Q0154,varies,True,,2025-08-05T00:00:00
R000387,Student_020,ASM001,Q0036,varies,True,,2025-08-05T00:00:00
R000388,Student_020,ASM001,Q0103,varies,True,,2025-08-05T00:00:00
R000389,Student_020,ASM001,Q0100,incorrect_arithmetic,False,arithmetic,2025-08-05T00:00:00
R000390,Student_020,ASM001,Q0099,varies,True,,2025-08-05T00:00:00
R000391,Student_020,ASM001,Q0125,varies,True,,2025-08-05T00:00:00
R000392,Student_020,ASM001,Q0017,varies,True,,2025-08-05T00:00:00
R000393,Student_020,ASM001,Q0074,incorrect_decimal_placement,False,decimal_placement,2025-08-05T00:00:00
R000394,Student_020,ASM001,Q0160,varies,True,,2025-08-05T00:00:00
R000395,Student_020,ASM001,Q0133,varies,True,,2025-08-05T00:00:00
R000396,Student_020,ASM001,Q0068,varies,True,,2025-08-05T00:00:00
R000397,Student_020,ASM001,Q0120,varies,True,,2025-08-05T00:00:00
R000398,Student_020,ASM001,Q0041,varies,True,,2025-08-05T00:00:00
R000399,Student_020,ASM001,Q0005,varies,True,,2025-08-05T00:00:00
R000400,Student_020,ASM001,Q0048,varies,True,,2025-08-05T00:00:00
R000401,Student_001,ASM002,Q0024,varies,True,,2025-08-26T00:00:00
R000402,Student_001,ASM002,Q0079,incorrect_formula_selection,False,formula_selection,2025-08-26T00:00:00
R000403,Student_001,ASM002,Q0036,varies,True,,2025-08-26T00:00:00
R000404,Student_001,ASM002,Q0011,varies,True,,2025-08-26T00:00:00
R000405,Student_001,ASM002,Q0067,varies,True,,2025-08-26T00:00:00
R000406,Student_001,ASM002,Q0003,varies,True,,2025-08-26T00:00:00
R000407,Student_001,ASM002,Q0139,varies,True,,2025-08-26T00:00:00
R000408,Student_001,ASM002,Q0030,varies,True,,2025-08-26T00:00:00
R000409,Student_001,ASM002,Q0129,incorrect_arithmetic,False,arithmetic,2025-08-26T00:00:00
R000410,Student_001,ASM002,Q0086,varies,True,,2025-08-26T00:00:00
R000411,Student_001,ASM002,Q0046,varies,True,,2025-08-26T00:00:00
R000412,Student_001,ASM002,Q0080,varies,True,,2025-08-26T00:00:00
R000413,Student_001,ASM002,Q0013,varies,True,,2025-08-26T00:00:00
R000414,Student_001,ASM002,Q0015,varies,True,,2025-08-26T00:00:00
R000415,Student_001,ASM002,Q0158,varies,True,,2025-08-26T00:00:00
R000416,Student_001,ASM002,Q0004,varies,True,,2025-08-26T00:00:00
R000417,Student_001,ASM002,Q0007,varies,True,,2025-08-26T00:00:00
R000418,Student_001,ASM002,Q0026,varies,True,,2025-08-26T00:00:00
R000419,Student_001,ASM002,Q0177,varies,True,,2025-08-26T00:00:00
R000420,Student_001,ASM002,Q0065,varies,True,,2025-08-26T00:00:00
R000421,Student_002,ASM002,Q0024,varies,True,,2025-08-26T00:00:00
R000422,Student_002,ASM002,Q0079,varies,True,,2025-08-26T00:00:00
R000423,Student_002,ASM002,Q0036,varies,True,,2025-08-26T00:00:00
R000424,Student_002,ASM002,Q0011,varies,True,,2025-08-26T00:00:00
R000425,Student_002,ASM002,Q0067,incorrect_decimal_placement,False,decimal_placement,2025-08-26T00:00:00
R000426,Student_002,ASM002,Q0003,varies,True,,2025-08-26T00:00:00
R000427,Student_002,ASM002,Q0139,varies,True,,2025-08-26T00:00:00
R000428,Student_002,ASM002,Q0030,varies,True,,2025-08-26T00:00:00
R000429,Student_002,ASM002,Q0129,incorrect_unit_conversion,False,unit_conversion,2025-08-26T00:00:00
R000430,Student_002,ASM002,Q0086,varies,True,,2025-08-26T00:00:00
R000431,Student_002,ASM002,Q0046,varies,True,,2025-08-26T00:00:00
R000432,Student_002,ASM002,Q0080,varies,True,,2025-08-26T00:00:00
R000433,Student_002,ASM002,Q0013,varies,True,,2025-08-26T00:00:00
R000434,Student_002,ASM002,Q0015,varies,True,,2025-08-26T00:00:00
R000435,Student_002,ASM002,Q0158,varies,True,,2025-08-26T00:00:00
R000436,Student_002,ASM002,Q0004,varies,True,,2025-08-26T00:00:00
R000437,Student_002,ASM002,Q0007,incorrect_arithmetic,False,arithmetic,2025-08-26T00:00:00
R000438,Student_002,ASM002,Q0026,varies,True,,2025-08-26T00:00:00
R000439,Student_002,ASM002,Q0177,varies,True,,2025-08-26T00:00:00
R000440,Student_002,ASM002,Q0065,varies,True,,2025-08-26T00:00:00
R000441,Student_003,ASM002,Q0024,varies,True,,2025-08-26T00:00:00
R000442,Student_003,ASM002,Q0079,varies,True,,2025-08-26T00:00:00
R000443,Student_003,ASM002,Q0036,varies,True,,2025-08-26T00:00:00
R000444,Student_003,ASM002,Q0011,varies,True,,2025-08-26T00:00:00
R000445,Student_003,ASM002,Q0067,incorrect_decimal_placement,False,decimal_placement,2025-08-26T00:00:00
R000446,Student_003,ASM002,Q0003,incorrect_arithmetic,False,arithmetic,2025-08-26T00:00:00
R000447,Student_003,ASM002,Q0139,varies,True,,2025-08-26T00:00:00
R000448,Student_003,ASM002,Q0030,incorrect_arithmetic,False,arithmetic,2025-08-26T00:00:00
R000449,Student_003,ASM002,Q0129,varies,True,,2025-08-26T00:00:00
R000450,Student_003,ASM002,Q0086,varies,True,,2025-08-26T00:00:00
R000451,Student_003,ASM002,Q0046,incorrect_arithmetic,False,arithmetic,2025-08-26T00:00:00
R000452,Student_003,ASM002,Q0080,varies,True,,2025-08-26T00:00:00
R000453,Student_003,ASM002,Q0013,varies,True,,2025-08-26T00:00:00
R000454,Student_003,ASM002,Q0015,varies,True,,2025-08-26T00:00:00
R000455,Student_003,ASM002,Q0158,varies,True,,2025-08-26T00:00:00
R000456,Student_003,ASM002,Q0004,varies,True,,2025-08-26T00:00:00
R000457,Student_003,ASM002,Q0007,varies,True,,2025-08-26T00:00:00
R000458,Student_003,ASM002,Q0026,varies,True,,2025-08-26T00:00:00
R000459,Student_003,ASM002,Q0177,varies,True,,2025-08-26T00:00:00
R000460,Student_003,ASM002,Q0065,incorrect_decimal_placement,False,decimal_placement,2025-08-26T00:00:00
R000461,Student_004,ASM002,Q0024,varies,True,,2025-08-26T00:00:00
R000462,Student_004,ASM002,Q0079,varies,True,,2025-08-26T00:00:00
R000463,Student_004,ASM002,Q0036,varies,True,,2025-08-26T00:00:00
R000464,Student_004,ASM002,Q0011,incorrect_simplification,False,simplification,2025-08-26T00:00:00
R000465,Student_004,ASM002,Q0067,incorrect_decimal_placement,False,decimal_placement,2025-08-26T00:00:00
R000466,Student_004,ASM002,Q0003,varies,True,,2025-08-26T00:00:00
R000467,Student_004,ASM002,Q0139,varies,True,,2025-08-26T00:00:00
R000468,Student_004,ASM002,Q0030,varies,True,,2025-08-26T00:00:00
R000469,Student_004,ASM002,Q0129,varies,True,,2025-08-26T00:00:00
R000470,Student_004,ASM002,Q0086,varies,True,,2025-08-26T00:00:00
R000471,Student_004,ASM002,Q0046,varies,True,,2025-08-26T00:00:00
R000472,Student_004,ASM002,Q0080,varies,True,,2025-08-26T00:00:00
R000473,Student_004,ASM002,Q0013,incorrect_denominator_handling,False,denominator_handling,2025-08-26T00:00:00
R000474,Student_004,ASM002,Q0015,varies,True,,2025-08-26T00:00:00
R000475,Student_004,ASM002,Q0158,varies,True,,2025-08-26T00:00:00
R000476,Student_004,ASM002,Q0004,incorrect_arithmetic,False,arithmetic,2025-08-26T00:00:00
R000477,Student_004,ASM002,Q0007,incorrect_denominator_handling,False,denominator_handling,2025-08-26T00:00:00
R000478,Student_004,ASM002,Q0026,incorrect_careless,False,careless,2025-08-26T00:00:00
R000479,Student_004,ASM002,Q0177,varies,True,,2025-08-26T00:00:00
R000480,Student_004,ASM002,Q0065,varies,True,,2025-08-26T00:00:00
R000481,Student_005,ASM002,Q0024,varies,True,,2025-08-26T00:00:00
R000482,Student_005,ASM002,Q0079,varies,True,,2025-08-26T00:00:00
R000483,Student_005,ASM002,Q0036,varies,True,,2025-08-26T00:00:00
R000484,Student_005,ASM002,Q0011,varies,True,,2025-08-26T00:00:00
R000485,Student_005,ASM002,Q0067,varies,True,,2025-08-26T00:00:00
R000486,Student_005,ASM002,Q0003,varies,True,,2025-08-26T00:00:00
R000487,Student_005,ASM002,Q0139,varies,True,,2025-08-26T00:00:00
R000488,Student_005,ASM002,Q0030,varies,True,,2025-08-26T00:00:00
R000489,Student_005,ASM002,Q0129,varies,True,,2025-08-26T00:00:00
R000490,Student_005,ASM002,Q0086,varies,True,,2025-08-26T00:00:00
R000491,Student_005,ASM002,Q0046,varies,True,,2025-08-26T00:00:00
R000492,Student_005,ASM002,Q0080,varies,True,,2025-08-26T00:00:00
R000493,Student_005,ASM002,Q0013,varies,True,,2025-08-26T00:00:00
R000494,Student_005,ASM002,Q0015,varies,True,,2025-08-26T00:00:00
R000495,Student_005,ASM002,Q0158,varies,True,,2025-08-26T00:00:00
R000496,Student_005,ASM002,Q0004,incorrect_denominator_handling,False,denominator_handling,2025-08-26T00:00:00
R000497,Student_005,ASM002,Q0007,varies,True,,2025-08-26T00:00:00
R000498,Student_005,ASM002,Q0026,varies,True,,2025-08-26T00:00:00
R000499,Student_005,ASM002,Q0177,varies,True,,2025-08-26T00:00:00
R000500,Student_005,ASM002,Q0065,varies,True,,2025-08-26T00:00:00
R000501,Student_006,ASM002,Q0024,varies,True,,2025-08-26T00:00:00
R000502,Student_006,ASM002,Q0079,varies,True,,2025-08-26T00:00:00
R000503,Student_006,ASM002,Q0036,incorrect_denominator_handling,False,denominator_handling,2025-08-26T00:00:00
R000504,Student_006,ASM002,Q0011,varies,True,,2025-08-26T00:00:00
R000505,Student_006,ASM002,Q0067,incorrect_decimal_placement,False,decimal_placement,2025-08-26T00:00:00
R000506,Student_006,ASM002,Q0003,varies,True,,2025-08-26T00:00:00
R000507,Student_006,ASM002,Q0139,varies,True,,2025-08-26T00:00:00
R000508,Student_006,ASM002,Q0030,incorrect_denominator_handling,False,denominator_handling,2025-08-26T00:00:00
R000509,Student_006,ASM002,Q0129,varies,True,,2025-08-26T00:00:00
R000510,Student_006,ASM002,Q0086,varies,True,,2025-08-26T00:00:00
R000511,Student_006,ASM002,Q0046,varies,True,,2025-08-26T00:00:00
R000512,Student_006,ASM002,Q0080,varies,True,,2025-08-26T00:00:00
R000513,Student_006,ASM002,Q0013,incorrect_simplification,False,simplification,2025-08-26T00:00:00
R000514,Student_006,ASM002,Q0015,incorrect_denominator_handling,False,denominator_handling,2025-08-26T00:00:00
R000515,Student_006,ASM002,Q0158,varies,True,,2025-08-26T00:00:00
R000516,Student_006,ASM002,Q0004,incorrect_denominator_handling,False,denominator_handling,2025-08-26T00:00:00
R000517,Student_006,ASM002,Q0007,varies,True,,2025-08-26T00:00:00
R000518,Student_006,ASM002,Q0026,varies,True,,2025-08-26T00:00:00
R000519,Student_006,ASM002,Q0177,varies,True,,2025-08-26T00:00:00
R000520,Student_006,ASM002,Q0065,varies,True,,2025-08-26T00:00:00
R000521,Student_007,ASM002,Q0024,varies,True,,2025-08-26T00:00:00
R000522,Student_007,ASM002,Q0079,incorrect_sign_error,False,sign_error,2025-08-26T00:00:00
R000523,Student_007,ASM002,Q0036,varies,True,,2025-08-26T00:00:00
R000524,Student_007,ASM002,Q0011,varies,True,,2025-08-26T00:00:00
R000525,Student_007,ASM002,Q0067,varies,True,,2025-08-26T00:00:00
R000526,Student_007,ASM002,Q0003,varies,True,,2025-08-26T00:00:00
R000527,Student_007,ASM002,Q0139,varies,True,,2025-08-26T00:00:00
R000528,Student_007,ASM002,Q0030,incorrect_arithmetic,False,arithmetic,2025-08-26T00:00:00
R000529,Student_007,ASM002,Q0129,varies,True,,2025-08-26T00:00:00
R000530,Student_007,ASM002,Q0086,varies,True,,2025-08-26T00:00:00
R000531,Student_007,ASM002,Q0046,varies,True,,2025-08-26T00:00:00
R000532,Student_007,ASM002,Q0080,incorrect_formula_selection,False,formula_selection,2025-08-26T00:00:00
R000533,Student_007,ASM002,Q0013,incorrect_denominator_handling,False,denominator_handling,2025-08-26T00:00:00
R000534,Student_007,ASM002,Q0015,varies,True,,2025-08-26T00:00:00
R000535,Student_007,ASM002,Q0158,varies,True,,2025-08-26T00:00:00
R000536,Student_007,ASM002,Q0004,varies,True,,2025-08-26T00:00:00
R000537,Student_007,ASM002,Q0007,incorrect_denominator_handling,False,denominator_handling,2025-08-26T00:00:00
R000538,Student_007,ASM002,Q0026,varies,True,,2025-08-26T00:00:00
R000539,Student_007,ASM002,Q0177,varies,True,,2025-08-26T00:00:00
R000540,Student_007,ASM002,Q0065,varies,True,,2025-08-26T00:00:00
R000541,Student_008,ASM002,Q0024,varies,True,,2025-08-26T00:00:00
R000542,Student_008,ASM002,Q0079,varies,True,,2025-08-26T00:00:00
R000543,Student_008,ASM002,Q0036,varies,True,,2025-08-26T00:00:00
R000544,Student_008,ASM002,Q0011,varies,True,,2025-08-26T00:00:00
R000545,Student_008,ASM002,Q0067,incorrect_decimal_placement,False,decimal_placement,2025-08-26T00:00:00
R000546,Student_008,ASM002,Q0003,varies,True,,2025-08-26T00:00:00
R000547,Student_008,ASM002,Q0139,incorrect_conceptual,False,conceptual,2025-08-26T00:00:00
R000548,Student_008,ASM002,Q0030,varies,True,,2025-08-26T00:00:00
R000549,Student_008,ASM002,Q0129,incorrect_arithmetic,False,arithmetic,2025-08-26T00:00:00
R000550,Student_008,ASM002,Q0086,incorrect_formula_selection,False,formula_selection,2025-08-26T00:00:00
R000551,Student_008,ASM002,Q0046,varies,True,,2025-08-26T00:00:00
R000552,Student_008,ASM002,Q0080,varies,True,,2025-08-26T00:00:00
R000553,Student_008,ASM002,Q0013,incorrect_simplification,False,simplification,2025-08-26T00:00:00
R000554,Student_008,ASM002,Q0015,varies,True,,2025-08-26T00:00:00
R000555,Student_008,ASM002,Q0158,varies,True,,2025-08-26T00:00:00
R000556,Student_008,ASM002,Q0004,varies,True,,2025-08-26T00:00:00
R000557,Student_008,ASM002,Q0007,incorrect_denominator_handling,False,denominator_handling,2025-08-26T00:00:00
R000558,Student_008,ASM002,Q0026,varies,True,,2025-08-26T00:00:00
R000559,Student_008,ASM002,Q0177,varies,True,,2025-08-26T00:00:00
R000560,Student_008,ASM002,Q0065,varies,True,,2025-08-26T00:00:00
R000561,Student_009,ASM002,Q0024,varies,True,,2025-08-26T00:00:00
R000562,Student_009,ASM002,Q0079,varies,True,,2025-08-26T00:00:00
R000563,Student_009,ASM002,Q0036,varies,True,,2025-08-26T00:00:00
R000564,Student_009,ASM002,Q0011,incorrect_simplification,False,simplification,2025-08-26T00:00:00
R000565,Student_009,ASM002,Q0067,varies,True,,2025-08-26T00:00:00
R000566,Student_009,ASM002,Q0003,varies,True,,2025-08-26T00:00:00
R000567,Student_009,ASM002,Q0139,varies,True,,2025-08-26T00:00:00
R000568,Student_009,ASM002,Q0030,incorrect_arithmetic,False,arithmetic,2025-08-26T00:00:00
R000569,Student_009,ASM002,Q0129,varies,True,,2025-08-26T00:00:00
R000570,Student_009,ASM002,Q0086,varies,True,,2025-08-26T00:00:00
R000571,Student_009,ASM002,Q0046,incorrect_conceptual,False,conceptual,2025-08-26T00:00:00
R000572,Student_009,ASM002,Q0080,varies,True,,2025-08-26T00:00:00
R000573,Student_009,ASM002,Q0013,incorrect_simplification,False,simplification,2025-08-26T00:00:00
R000574,Student_009,ASM002,Q0015,incorrect_simplification,False,simplification,2025-08-26T00:00:00
R000575,Student_009,ASM002,Q0158,varies,True,,2025-08-26T00:00:00
R000576,Student_009,ASM002,Q0004,varies,True,,2025-08-26T00:00:00
R000577,Student_009,ASM002,Q0007,varies,True,,2025-08-26T00:00:00
R000578,Student_009,ASM002,Q0026,incorrect_arithmetic,False,arithmetic,2025-08-26T00:00:00
R000579,Student_009,ASM002,Q0177,varies,True,,2025-08-26T00:00:00
R000580,Student_009,ASM002,Q0065,varies,True,,2025-08-26T00:00:00
R000581,Student_010,ASM002,Q0024,varies,True,,2025-08-26T00:00:00
R000582,Student_010,ASM002,Q0079,varies,True,,2025-08-26T00:00:00
R000583,Student_010,ASM002,Q0036,incorrect_conceptual,False,conceptual,2025-08-26T00:00:00
R000584,Student_010,ASM002,Q0011,varies,True,,2025-08-26T00:00:00
R000585,Student_010,ASM002,Q0067,varies,True,,2025-08-26T00:00:00
R000586,Student_010,ASM002,Q0003,incorrect_simplification,False,simplification,2025-08-26T00:00:00
R000587,Student_010,ASM002,Q0139,varies,True,,2025-08-26T00:00:00
R000588,Student_010,ASM002,Q0030,incorrect_denominator_handling,False,denominator_handling,2025-08-26T00:00:00
R000589,Student_010,ASM002,Q0129,varies,True,,2025-08-26T00:00:00
R000590,Student_010,ASM002,Q0086,varies,True,,2025-08-26T00:00:00
R000591,Student_010,ASM002,Q0046,varies,True,,2025-08-26T00:00:00
R000592,Student_010,ASM002,Q0080,incorrect_arithmetic,False,arithmetic,2025-08-26T00:00:00
R000593,Student_010,ASM002,Q0013,incorrect_simplification,False,simplification,2025-08-26T00:00:00
R000594,Student_010,ASM002,Q0015,incorrect_arithmetic,False,arithmetic,2025-08-26T00:00:00
R000595,Student_010,ASM002,Q0158,varies,True,,2025-08-26T00:00:00
R000596,Student_010,ASM002,Q0004,varies,True,,2025-08-26T00:00:00
R000597,Student_010,ASM002,Q0007,incorrect_arithmetic,False,arithmetic,2025-08-26T00:00:00
R000598,Student_010,ASM002,Q0026,incorrect_careless,False,careless,2025-08-26T00:00:00
R000599,Student_010,ASM002,Q0177,varies,True,,2025-08-26T00:00:00
R000600,Student_010,ASM002,Q0065,varies,True,,2025-08-26T00:00:00
R000601,Student_011,ASM002,Q0024,varies,True,,2025-08-26T00:00:00
R000602,Student_011,ASM002,Q0079,varies,True,,2025-08-26T00:00:00
R000603,Student_011,ASM002,Q0036,varies,True,,2025-08-26T00:00:00
R000604,Student_011,ASM002,Q0011,varies,True,,2025-08-26T00:00:00
R000605,Student_011,ASM002,Q0067,varies,True,,2025-08-26T00:00:00
R000606,Student_011,ASM002,Q0003,varies,True,,2025-08-26T00:00:00
R000607,Student_011,ASM002,Q0139,varies,True,,2025-08-26T00:00:00
R000608,Student_011,ASM002,Q0030,varies,True,,2025-08-26T00:00:00
R000609,Student_011,ASM002,Q0129,varies,True,,2025-08-26T00:00:00
R000610,Student_011,ASM002,Q0086,varies,True,,2025-08-26T00:00:00
R000611,Student_011,ASM002,Q0046,varies,True,,2025-08-26T00:00:00
R000612,Student_011,ASM002,Q0080,varies,True,,2025-08-26T00:00:00
R000613,Student_011,ASM002,Q0013,varies,True,,2025-08-26T00:00:00
R000614,Student_011,ASM002,Q0015,varies,True,,2025-08-26T00:00:00
R000615,Student_011,ASM002,Q0158,varies,True,,2025-08-26T00:00:00
R000616,Student_011,ASM002,Q0004,varies,True,,2025-08-26T00:00:00
R000617,Student_011,ASM002,Q0007,varies,True,,2025-08-26T00:00:00
R000618,Student_011,ASM002,Q0026,varies,True,,2025-08-26T00:00:00
R000619,Student_011,ASM002,Q0177,varies,True,,2025-08-26T00:00:00
R000620,Student_011,ASM002,Q0065,varies,True,,2025-08-26T00:00:00
R000621,Student_012,ASM002,Q0024,incorrect_denominator_handling,False,denominator_handling,2025-08-26T00:00:00
R000622,Student_012,ASM002,Q0079,varies,True,,2025-08-26T00:00:00
R000623,Student_012,ASM002,Q0036,incorrect_simplification,False,simplification,2025-08-26T00:00:00
R000624,Student_012,ASM002,Q0011,varies,True,,2025-08-26T00:00:00
R000625,Student_012,ASM002,Q0067,varies,True,,2025-08-26T00:00:00
R000626,Student_012,ASM002,Q0003,varies,True,,2025-08-26T00:00:00
R000627,Student_012,ASM002,Q0139,varies,True,,2025-08-26T00:00:00
R000628,Student_012,ASM002,Q0030,incorrect_denominator_handling,False,denominator_handling,2025-08-26T00:00:00
R000629,Student_012,ASM002,Q0129,varies,True,,2025-08-26T00:00:00
R000630,Student_012,ASM002,Q0086,varies,True,,2025-08-26T00:00:00
R000631,Student_012,ASM002,Q0046,varies,True,,2025-08-26T00:00:00
R000632,Student_012,ASM002,Q0080,varies,True,,2025-08-26T00:00:00
R000633,Student_012,ASM002,Q0013,varies,True,,2025-08-26T00:00:00
R000634,Student_012,ASM002,Q0015,varies,True,,2025-08-26T00:00:00
R000635,Student_012,ASM002,Q0158,varies,True,,2025-08-26T00:00:00
R000636,Student_012,ASM002,Q0004,varies,True,,2025-08-26T00:00:00
R000637,Student_012,ASM002,Q0007,incorrect_denominator_handling,False,denominator_handling,2025-08-26T00:00:00
R000638,Student_012,ASM002,Q0026,varies,True,,2025-08-26T00:00:00
R000639,Student_012,ASM002,Q0177,varies,True,,2025-08-26T00:00:00
R000640,Student_012,ASM002,Q0065,varies,True,,2025-08-26T00:00:00
R000641,Student_013,ASM002,Q0024,varies,True,,2025-08-26T00:00:00
R000642,Student_013,ASM002,Q0079,incorrect_sign_error,False,sign_error,2025-08-26T00:00:00
R000643,Student_013,ASM002,Q0036,varies,True,,2025-08-26T00:00:00
R000644,Student_013,ASM002,Q0011,varies,True,,2025-08-26T00:00:00
R000645,Student_013,ASM002,Q0067,varies,True,,2025-08-26T00:00:00
R000646,Student_013,ASM002,Q0003,varies,True,,2025-08-26T00:00:00
R000647,Student_013,ASM002,Q0139,incorrect_arithmetic,False,arithmetic,2025-08-26T00:00:00
R000648,Student_013,ASM002,Q0030,varies,True,,2025-08-26T00:00:00
R000649,Student_013,ASM002,Q0129,varies,True,,2025-08-26T00:00:00
R000650,Student_013,ASM002,Q0086,varies,True,,2025-08-26T00:00:00
R000651,Student_013,ASM002,Q0046,varies,True,,2025-08-26T00:00:00
R000652,Student_013,ASM002,Q0080,varies,True,,2025-08-26T00:00:00
R000653,Student_013,ASM002,Q0013,varies,True,,2025-08-26T00:00:00
R000654,Student_013,ASM002,Q0015,varies,True,,2025-08-26T00:00:00
R000655,Student_013,ASM002,Q0158,varies,True,,2025-08-26T00:00:00
R000656,Student_013,ASM002,Q0004,varies,True,,2025-08-26T00:00:00
R000657,Student_013,ASM002,Q0007,varies,True,,2025-08-26T00:00:00
R000658,Student_013,ASM002,Q0026,varies,True,,2025-08-26T00:00:00
R000659,Student_013,ASM002,Q0177,varies,True,,2025-08-26T00:00:00
R000660,Student_013,ASM002,Q0065,varies,True,,2025-08-26T00:00:00
R000661,Student_014,ASM002,Q0024,incorrect_careless,False,careless,2025-08-26T00:00:00
R000662,Student_014,ASM002,Q0079,varies,True,,2025-08-26T00:00:00
R000663,Student_014,ASM002,Q0036,incorrect_conceptual,False,conceptual,2025-08-26T00:00:00
R000664,Student_014,ASM002,Q0011,varies,True,,2025-08-26T00:00:00
R000665,Student_014,ASM002,Q0067,varies,True,,2025-08-26T00:00:00
R000666,Student_014,ASM002,Q0003,varies,True,,2025-08-26T00:00:00
R000667,Student_014,ASM002,Q0139,varies,True,,2025-08-26T00:00:00
R000668,Student_014,ASM002,Q0030,incorrect_denominator_handling,False,denominator_handling,2025-08-26T00:00:00
R000669,Student_014,ASM002,Q0129,varies,True,,2025-08-26T00:00:00
R000670,Student_014,ASM002,Q0086,incorrect_conceptual,False,conceptual,2025-08-26T00:00:00
R000671,Student_014,ASM002,Q0046,varies,True,,2025-08-26T00:00:00
R000672,Student_014,ASM002,Q0080,varies,True,,2025-08-26T00:00:00
R000673,Student_014,ASM002,Q0013,varies,True,,2025-08-26T00:00:00
R000674,Student_014,ASM002,Q0015,varies,True,,2025-08-26T00:00:00
R000675,Student_014,ASM002,Q0158,incorrect_arithmetic,False,arithmetic,2025-08-26T00:00:00
R000676,Student_014,ASM002,Q0004,varies,True,,2025-08-26T00:00:00
R000677,Student_014,ASM002,Q0007,incorrect_denominator_handling,False,denominator_handling,2025-08-26T00:00:00
R000678,Student_014,ASM002,Q0026,incorrect_denominator_handling,False,denominator_handling,2025-08-26T00:00:00
R000679,Student_014,ASM002,Q0177,varies,True,,2025-08-26T00:00:00
R000680,Student_014,ASM002,Q0065,varies,True,,2025-08-26T00:00:00
R000681,Student_015,ASM002,Q0024,varies,True,,2025-08-26T00:00:00
R000682,Student_015,ASM002,Q0079,varies,True,,2025-08-26T00:00:00
R000683,Student_015,ASM002,Q0036,varies,True,,2025-08-26T00:00:00
R000684,Student_015,ASM002,Q0011,varies,True,,2025-08-26T00:00:00
R000685,Student_015,ASM002,Q0067,incorrect_arithmetic,False,arithmetic,2025-08-26T00:00:00
R000686,Student_015,ASM002,Q0003,incorrect_arithmetic,False,arithmetic,2025-08-26T00:00:00
R000687,Student_015,ASM002,Q0139,incorrect_careless,False,careless,2025-08-26T00:00:00
R000688,Student_015,ASM002,Q0030,incorrect_careless,False,careless,2025-08-26T00:00:00
R000689,Student_015,ASM002,Q0129,varies,True,,2025-08-26T00:00:00
R000690,Student_015,ASM002,Q0086,varies,True,,2025-08-26T00:00:00
R000691,Student_015,ASM002,Q0046,incorrect_arithmetic,False,arithmetic,2025-08-26T00:00:00
R000692,Student_015,ASM002,Q0080,incorrect_arithmetic,False,arithmetic,2025-08-26T00:00:00
R000693,Student_015,ASM002,Q0013,incorrect_simplification,False,simplification,2025-08-26T00:00:00
R000694,Student_015,ASM002,Q0015,incorrect_simplification,False,simplification,2025-08-26T00:00:00
R000695,Student_015,ASM002,Q0158,varies,True,,2025-08-26T00:00:00
R000696,Student_015,ASM002,Q0004,incorrect_simplification,False,simplification,2025-08-26T00:00:00
R000697,Student_015,ASM002,Q0007,varies,True,,2025-08-26T00:00:00
R000698,Student_015,ASM002,Q0026,varies,True,,2025-08-26T00:00:00
R000699,Student_015,ASM002,Q0177,varies,True,,2025-08-26T00:00:00
R000700,Student_015,ASM002,Q0065,varies,True,,2025-08-26T00:00:00
R000701,Student_016,ASM002,Q0024,varies,True,,2025-08-26T00:00:00
R000702,Student_016,ASM002,Q0079,incorrect_conceptual,False,conceptual,2025-08-26T00:00:00
R000703,Student_016,ASM002,Q0036,varies,True,,2025-08-26T00:00:00
R000704,Student_016,ASM002,Q0011,varies,True,,2025-08-26T00:00:00
R000705,Student_016,ASM002,Q0067,incorrect_decimal_placement,False,decimal_placement,2025-08-26T00:00:00
R000706,Student_016,ASM002,Q0003,varies,True,,2025-08-26T00:00:00
R000707,Student_016,ASM002,Q0139,varies,True,,2025-08-26T00:00:00
R000708,Student_016,ASM002,Q0030,incorrect_denominator_handling,False,denominator_handling,2025-08-26T00:00:00
R000709,Student_016,ASM002,Q0129,varies,True,,2025-08-26T00:00:00
R000710,Student_016,ASM002,Q0086,varies,True,,2025-08-26T00:00:00
R000711,Student_016,ASM002,Q0046,incorrect_conceptual,False,conceptual,2025-08-26T00:00:00
R000712,Student_016,ASM002,Q0080,incorrect_careless,False,careless,2025-08-26T00:00:00
R000713,Student_016,ASM002,Q0013,incorrect_simplification,False,simplification,2025-08-26T00:00:00
R000714,Student_016,ASM002,Q0015,varies,True,,2025-08-26T00:00:00
R000715,Student_016,ASM002,Q0158,incorrect_arithmetic,False,arithmetic,2025-08-26T00:00:00
R000716,Student_016,ASM002,Q0004,incorrect_denominator_handling,False,denominator_handling,2025-08-26T00:00:00
R000717,Student_016,ASM002,Q0007,incorrect_simplification,False,simplification,2025-08-26T00:00:00
R000718,Student_016,ASM002,Q0026,varies,True,,2025-08-26T00:00:00
R000719,Student_016,ASM002,Q0177,varies,True,,2025-08-26T00:00:00
R000720,Student_016,ASM002,Q0065,varies,True,,2025-08-26T00:00:00
R000721,Student_017,ASM002,Q0024,varies,True,,2025-08-26T00:00:00
R000722,Student_017,ASM002,Q0079,varies,True,,2025-08-26T00:00:00
R000723,Student_017,ASM002,Q0036,varies,True,,2025-08-26T00:00:00
R000724,Student_017,ASM002,Q0011,varies,True,,2025-08-26T00:00:00
R000725,Student_017,ASM002,Q0067,incorrect_decimal_placement,False,decimal_placement,2025-08-26T00:00:00
R000726,Student_017,ASM002,Q0003,varies,True,,2025-08-26T00:00:00
R000727,Student_017,ASM002,Q0139,incorrect_conceptual,False,conceptual,2025-08-26T00:00:00
R000728,Student_017,ASM002,Q0030,varies,True,,2025-08-26T00:00:00
R000729,Student_017,ASM002,Q0129,varies,True,,2025-08-26T00:00:00
R000730,Student_017,ASM002,Q0086,varies,True,,2025-08-26T00:00:00
R000731,Student_017,ASM002,Q0046,varies,True,,2025-08-26T00:00:00
R000732,Student_017,ASM002,Q0080,varies,True,,2025-08-26T00:00:00
R000733,Student_017,ASM002,Q0013,varies,True,,2025-08-26T00:00:00
R000734,Student_017,ASM002,Q0015,varies,True,,2025-08-26T00:00:00
R000735,Student_017,ASM002,Q0158,varies,True,,2025-08-26T00:00:00
R000736,Student_017,ASM002,Q0004,varies,True,,2025-08-26T00:00:00
R000737,Student_017,ASM002,Q0007,varies,True,,2025-08-26T00:00:00
R000738,Student_017,ASM002,Q0026,varies,True,,2025-08-26T00:00:00
R000739,Student_017,ASM002,Q0177,varies,True,,2025-08-26T00:00:00
R000740,Student_017,ASM002,Q0065,varies,True,,2025-08-26T00:00:00
R000741,Student_018,ASM002,Q0024,incorrect_arithmetic,False,arithmetic,2025-08-26T00:00:00
R000742,Student_018,ASM002,Q0079,varies,True,,2025-08-26T00:00:00
R000743,Student_018,ASM002,Q0036,varies,True,,2025-08-26T00:00:00
R000744,Student_018,ASM002,Q0011,varies,True,,2025-08-26T00:00:00
R000745,Student_018,ASM002,Q0067,varies,True,,2025-08-26T00:00:00
R000746,Student_018,ASM002,Q0003,varies,True,,2025-08-26T00:00:00
R000747,Student_018,ASM002,Q0139,varies,True,,2025-08-26T00:00:00
R000748,Student_018,ASM002,Q0030,incorrect_simplification,False,simplification,2025-08-26T00:00:00
R000749,Student_018,ASM002,Q0129,varies,True,,2025-08-26T00:00:00
R000750,Student_018,ASM002,Q0086,varies,True,,2025-08-26T00:00:00
R000751,Student_018,ASM002,Q0046,varies,True,,2025-08-26T00:00:00
R000752,Student_018,ASM002,Q0080,varies,True,,2025-08-26T00:00:00
R000753,Student_018,ASM002,Q0013,incorrect_denominator_handling,False,denominator_handling,2025-08-26T00:00:00
R000754,Student_018,ASM002,Q0015,incorrect_denominator_handling,False,denominator_handling,2025-08-26T00:00:00
R000755,Student_018,ASM002,Q0158,varies,True,,2025-08-26T00:00:00
R000756,Student_018,ASM002,Q0004,varies,True,,2025-08-26T00:00:00
R000757,Student_018,ASM002,Q0007,varies,True,,2025-08-26T00:00:00
R000758,Student_018,ASM002,Q0026,incorrect_denominator_handling,False,denominator_handling,2025-08-26T00:00:00
R000759,Student_018,ASM002,Q0177,varies,True,,2025-08-26T00:00:00
R000760,Student_018,ASM002,Q0065,varies,True,,2025-08-26T00:00:00
R000761,Student_019,ASM002,Q0024,varies,True,,2025-08-26T00:00:00
R000762,Student_019,ASM002,Q0079,incorrect_sign_error,False,sign_error,2025-08-26T00:00:00
R000763,Student_019,ASM002,Q0036,varies,True,,2025-08-26T00:00:00
R000764,Student_019,ASM002,Q0011,varies,True,,2025-08-26T00:00:00
R000765,Student_019,ASM002,Q0067,varies,True,,2025-08-26T00:00:00
R000766,Student_019,ASM002,Q0003,varies,True,,2025-08-26T00:00:00
R000767,Student_019,ASM002,Q0139,varies,True,,2025-08-26T00:00:00
R000768,Student_019,ASM002,Q0030,varies,True,,2025-08-26T00:00:00
R000769,Student_019,ASM002,Q0129,varies,True,,2025-08-26T00:00:00
R000770,Student_019,ASM002,Q0086,varies,True,,2025-08-26T00:00:00
R000771,Student_019,ASM002,Q0046,varies,True,,2025-08-26T00:00:00
R000772,Student_019,ASM002,Q0080,incorrect_formula_selection,False,formula_selection,2025-08-26T00:00:00
R000773,Student_019,ASM002,Q0013,varies,True,,2025-08-26T00:00:00
R000774,Student_019,ASM002,Q0015,incorrect_denominator_handling,False,denominator_handling,2025-08-26T00:00:00
R000775,Student_019,ASM002,Q0158,varies,True,,2025-08-26T00:00:00
R000776,Student_019,ASM002,Q0004,varies,True,,2025-08-26T00:00:00
R000777,Student_019,ASM002,Q0007,varies,True,,2025-08-26T00:00:00
R000778,Student_019,ASM002,Q0026,varies,True,,2025-08-26T00:00:00
R000779,Student_019,ASM002,Q0177,varies,True,,2025-08-26T00:00:00
R000780,Student_019,ASM002,Q0065,varies,True,,2025-08-26T00:00:00
R000781,Student_020,ASM002,Q0024,varies,True,,2025-08-26T00:00:00
R000782,Student_020,ASM002,Q0079,varies,True,,2025-08-26T00:00:00
R000783,Student_020,ASM002,Q0036,varies,True,,2025-08-26T00:00:00
R000784,Student_020,ASM002,Q0011,varies,True,,2025-08-26T00:00:00
R000785,Student_020,ASM002,Q0067,varies,True,,2025-08-26T00:00:00
R000786,Student_020,ASM002,Q0003,varies,True,,2025-08-26T00:00:00
R000787,Student_020,ASM002,Q0139,incorrect_conceptual,False,conceptual,2025-08-26T00:00:00
R000788,Student_020,ASM002,Q0030,varies,True,,2025-08-26T00:00:00
R000789,Student_020,ASM002,Q0129,incorrect_area_perimeter_confusion,False,area_perimeter_confusion,2025-08-26T00:00:00
R000790,Student_020,ASM002,Q0086,varies,True,,2025-08-26T00:00:00
R000791,Student_020,ASM002,Q0046,varies,True,,2025-08-26T00:00:00
R000792,Student_020,ASM002,Q0080,varies,True,,2025-08-26T00:00:00
R000793,Student_020,ASM002,Q0013,incorrect_simplification,False,simplification,2025-08-26T00:00:00
R000794,Student_020,ASM002,Q0015,varies,True,,2025-08-26T00:00:00
R000795,Student_020,ASM002,Q0158,varies,True,,2025-08-26T00:00:00
R000796,Student_020,ASM002,Q0004,varies,True,,2025-08-26T00:00:00
R000797,Student_020,ASM002,Q0007,varies,True,,2025-08-26T00:00:00
R000798,Student_020,ASM002,Q0026,incorrect_careless,False,careless,2025-08-26T00:00:00
R000799,Student_020,ASM002,Q0177,varies,True,,2025-08-26T00:00:00
R000800,Student_020,ASM002,Q0065,varies,True,,2025-08-26T00:00:00
R000801,Student_001,ASM003,Q0039,varies,True,,2025-09-16T00:00:00
R000802,Student_001,ASM003,Q0004,varies,True,,2025-09-16T00:00:00
R000803,Student_001,ASM003,Q0165,varies,True,,2025-09-16T00:00:00
R000804,Student_001,ASM003,Q0071,varies,True,,2025-09-16T00:00:00
R000805,Student_001,ASM003,Q0041,varies,True,,2025-09-16T00:00:00
R000806,Student_001,ASM003,Q0093,incorrect_conceptual,False,conceptual,2025-09-16T00:00:00
R000807,Student_001,ASM003,Q0007,varies,True,,2025-09-16T00:00:00
R000808,Student_001,ASM003,Q0052,varies,True,,2025-09-16T00:00:00
R000809,Student_001,ASM003,Q0099,varies,True,,2025-09-16T00:00:00
R000810,Student_001,ASM003,Q0078,varies,True,,2025-09-16T00:00:00
R000811,Student_001,ASM003,Q0175,varies,True,,2025-09-16T00:00:00
R000812,Student_001,ASM003,Q0174,varies,True,,2025-09-16T00:00:00
R000813,Student_001,ASM003,Q0103,varies,True,,2025-09-16T00:00:00
R000814,Student_001,ASM003,Q0026,varies,True,,2025-09-16T00:00:00
R000815,Student_001,ASM003,Q0059,varies,True,,2025-09-16T00:00:00
R000816,Student_001,ASM003,Q0181,varies,True,,2025-09-16T00:00:00
R000817,Student_001,ASM003,Q0005,varies,True,,2025-09-16T00:00:00
R000818,Student_001,ASM003,Q0119,varies,True,,2025-09-16T00:00:00
R000819,Student_001,ASM003,Q0183,varies,True,,2025-09-16T00:00:00
R000820,Student_001,ASM003,Q0083,incorrect_arithmetic,False,arithmetic,2025-09-16T00:00:00
R000821,Student_002,ASM003,Q0039,incorrect_arithmetic,False,arithmetic,2025-09-16T00:00:00
R000822,Student_002,ASM003,Q0004,varies,True,,2025-09-16T00:00:00
R000823,Student_002,ASM003,Q0165,incorrect_arithmetic,False,arithmetic,2025-09-16T00:00:00
R000824,Student_002,ASM003,Q0071,varies,True,,2025-09-16T00:00:00
R000825,Student_002,ASM003,Q0041,varies,True,,2025-09-16T00:00:00
R000826,Student_002,ASM003,Q0093,varies,True,,2025-09-16T00:00:00
R000827,Student_002,ASM003,Q0007,varies,True,,2025-09-16T00:00:00
R000828,Student_002,ASM003,Q0052,varies,True,,2025-09-16T00:00:00
R000829,Student_002,ASM003,Q0099,varies,True,,2025-09-16T00:00:00
R000830,Student_002,ASM003,Q0078,varies,True,,2025-09-16T00:00:00
R000831,Student_002,ASM003,Q0175,varies,True,,2025-09-16T00:00:00
R000832,Student_002,ASM003,Q0174,varies,True,,2025-09-16T00:00:00
R000833,Student_002,ASM003,Q0103,incorrect_sign_error,False,sign_error,2025-09-16T00:00:00
R000834,Student_002,ASM003,Q0026,incorrect_denominator_handling,False,denominator_handling,2025-09-16T00:00:00
R000835,Student_002,ASM003,Q0059,incorrect_arithmetic,False,arithmetic,2025-09-16T00:00:00
R000836,Student_002,ASM003,Q0181,varies,True,,2025-09-16T00:00:00
R000837,Student_002,ASM003,Q0005,varies,True,,2025-09-16T00:00:00
R000838,Student_002,ASM003,Q0119,incorrect_conceptual,False,conceptual,2025-09-16T00:00:00
R000839,Student_002,ASM003,Q0183,varies,True,,2025-09-16T00:00:00
R000840,Student_002,ASM003,Q0083,varies,True,,2025-09-16T00:00:00
R000841,Student_003,ASM003,Q0039,incorrect_arithmetic,False,arithmetic,2025-09-16T00:00:00
R000842,Student_003,ASM003,Q0004,varies,True,,2025-09-16T00:00:00
R000843,Student_003,ASM003,Q0165,varies,True,,2025-09-16T00:00:00
R000844,Student_003,ASM003,Q0071,varies,True,,2025-09-16T00:00:00
R000845,Student_003,ASM003,Q0041,incorrect_careless,False,careless,2025-09-16T00:00:00
R000846,Student_003,ASM003,Q0093,incorrect_arithmetic,False,arithmetic,2025-09-16T00:00:00
R000847,Student_003,ASM003,Q0007,varies,True,,2025-09-16T00:00:00
R000848,Student_003,ASM003,Q0052,varies,True,,2025-09-16T00:00:00
R000849,Student_003,ASM003,Q0099,varies,True,,2025-09-16T00:00:00
R000850,Student_003,ASM003,Q0078,varies,True,,2025-09-16T00:00:00
R000851,Student_003,ASM003,Q0175,varies,True,,2025-09-16T00:00:00
R000852,Student_003,ASM003,Q0174,varies,True,,2025-09-16T00:00:00
R000853,Student_003,ASM003,Q0103,varies,True,,2025-09-16T00:00:00
R000854,Student_003,ASM003,Q0026,varies,True,,2025-09-16T00:00:00
R000855,Student_003,ASM003,Q0059,varies,True,,2025-09-16T00:00:00
R000856,Student_003,ASM003,Q0181,varies,True,,2025-09-16T00:00:00
R000857,Student_003,ASM003,Q0005,varies,True,,2025-09-16T00:00:00
R000858,Student_003,ASM003,Q0119,varies,True,,2025-09-16T00:00:00
R000859,Student_003,ASM003,Q0183,varies,True,,2025-09-16T00:00:00
R000860,Student_003,ASM003,Q0083,varies,True,,2025-09-16T00:00:00
R000861,Student_004,ASM003,Q0039,varies,True,,2025-09-16T00:00:00
R000862,Student_004,ASM003,Q0004,incorrect_denominator_handling,False,denominator_handling,2025-09-16T00:00:00
R000863,Student_004,ASM003,Q0165,incorrect_unit_conversion,False,unit_conversion,2025-09-16T00:00:00
R000864,Student_004,ASM003,Q0071,varies,True,,2025-09-16T00:00:00
R000865,Student_004,ASM003,Q0041,incorrect_denominator_handling,False,denominator_handling,2025-09-16T00:00:00
R000866,Student_004,ASM003,Q0093,incorrect_arithmetic,False,arithmetic,2025-09-16T00:00:00
R000867,Student_004,ASM003,Q0007,incorrect_denominator_handling,False,denominator_handling,2025-09-16T00:00:00
R000868,Student_004,ASM003,Q0052,varies,True,,2025-09-16T00:00:00
R000869,Student_004,ASM003,Q0099,incorrect_arithmetic,False,arithmetic,2025-09-16T00:00:00
R000870,Student_004,ASM003,Q0078,varies,True,,2025-09-16T00:00:00
R000871,Student_004,ASM003,Q0175,incorrect_arithmetic,False,arithmetic,2025-09-16T00:00:00
R000872,Student_004,ASM003,Q0174,varies,True,,2025-09-16T00:00:00
R000873,Student_004,ASM003,Q0103,varies,True,,2025-09-16T00:00:00
R000874,Student_004,ASM003,Q0026,incorrect_arithmetic,False,arithmetic,2025-09-16T00:00:00
R000875,Student_004,ASM003,Q0059,incorrect_careless,False,careless,2025-09-16T00:00:00
R000876,Student_004,ASM003,Q0181,incorrect_arithmetic,False,arithmetic,2025-09-16T00:00:00
R000877,Student_004,ASM003,Q0005,varies,True,,2025-09-16T00:00:00
R000878,Student_004,ASM003,Q0119,varies,True,,2025-09-16T00:00:00
R000879,Student_004,ASM003,Q0183,varies,True,,2025-09-16T00:00:00
R000880,Student_004,ASM003,Q0083,incorrect_conceptual,False,conceptual,2025-09-16T00:00:00
R000881,Student_005,ASM003,Q0039,varies,True,,2025-09-16T00:00:00
R000882,Student_005,ASM003,Q0004,varies,True,,2025-09-16T00:00:00
R000883,Student_005,ASM003,Q0165,varies,True,,2025-09-16T00:00:00
R000884,Student_005,ASM003,Q0071,varies,True,,2025-09-16T00:00:00
R000885,Student_005,ASM003,Q0041,varies,True,,2025-09-16T00:00:00
R000886,Student_005,ASM003,Q0093,varies,True,,2025-09-16T00:00:00
R000887,Student_005,ASM003,Q0007,varies,True,,2025-09-16T00:00:00
R000888,Student_005,ASM003,Q0052,varies,True,,2025-09-16T00:00:00
R000889,Student_005,ASM003,Q0099,varies,True,,2025-09-16T00:00:00
R000890,Student_005,ASM003,Q0078,varies,True,,2025-09-16T00:00:00
R000891,Student_005,ASM003,Q0175,varies,True,,2025-09-16T00:00:00
R000892,Student_005,ASM003,Q0174,varies,True,,2025-09-16T00:00:00
R000893,Student_005,ASM003,Q0103,varies,True,,2025-09-16T00:00:00
R000894,Student_005,ASM003,Q0026,varies,True,,2025-09-16T00:00:00
R000895,Student_005,ASM003,Q0059,varies,True,,2025-09-16T00:00:00
R000896,Student_005,ASM003,Q0181,varies,True,,2025-09-16T00:00:00
R000897,Student_005,ASM003,Q0005,varies,True,,2025-09-16T00:00:00
R000898,Student_005,ASM003,Q0119,varies,True,,2025-09-16T00:00:00
R000899,Student_005,ASM003,Q0183,varies,True,,2025-09-16T00:00:00
R000900,Student_005,ASM003,Q0083,varies,True,,2025-09-16T00:00:00
R000901,Student_006,ASM003,Q0039,incorrect_simplification,False,simplification,2025-09-16T00:00:00
R000902,Student_006,ASM003,Q0004,incorrect_arithmetic,False,arithmetic,2025-09-16T00:00:00
R000903,Student_006,ASM003,Q0165,varies,True,,2025-09-16T00:00:00
R000904,Student_006,ASM003,Q0071,varies,True,,2025-09-16T00:00:00
R000905,Student_006,ASM003,Q0041,varies,True,,2025-09-16T00:00:00
R000906,Student_006,ASM003,Q0093,varies,True,,2025-09-16T00:00:00
R000907,Student_006,ASM003,Q0007,incorrect_denominator_handling,False,denominator_handling,2025-09-16T00:00:00
R000908,Student_006,ASM003,Q0052,incorrect_arithmetic,False,arithmetic,2025-09-16T00:00:00
R000909,Student_006,ASM003,Q0099,incorrect_formula_selection,False,formula_selection,2025-09-16T00:00:00
R000910,Student_006,ASM003,Q0078,varies,True,,2025-09-16T00:00:00
R000911,Student_006,ASM003,Q0175,varies,True,,2025-09-16T00:00:00
R000912,Student_006,ASM003,Q0174,varies,True,,2025-09-16T00:00:00
R000913,Student_006,ASM003,Q0103,varies,True,,2025-09-16T00:00:00
R000914,Student_006,ASM003,Q0026,incorrect_arithmetic,False,arithmetic,2025-09-16T00:00:00
R000915,Student_006,ASM003,Q0059,varies,True,,2025-09-16T00:00:00
R000916,Student_006,ASM003,Q0181,varies,True,,2025-09-16T00:00:00
R000917,Student_006,ASM003,Q0005,varies,True,,2025-09-16T00:00:00
R000918,Student_006,ASM003,Q0119,varies,True,,2025-09-16T00:00:00
R000919,Student_006,ASM003,Q0183,varies,True,,2025-09-16T00:00:00
R000920,Student_006,ASM003,Q0083,varies,True,,2025-09-16T00:00:00
R000921,Student_007,ASM003,Q0039,varies,True,,2025-09-16T00:00:00
R000922,Student_007,ASM003,Q0004,varies,True,,2025-09-16T00:00:00
R000923,Student_007,ASM003,Q0165,varies,True,,2025-09-16T00:00:00
R000924,Student_007,ASM003,Q0071,varies,True,,2025-09-16T00:00:00
R000925,Student_007,ASM003,Q0041,varies,True,,2025-09-16T00:00:00
R000926,Student_007,ASM003,Q0093,incorrect_sign_error,False,sign_error,2025-09-16T00:00:00
R000927,Student_007,ASM003,Q0007,varies,True,,2025-09-16T00:00:00
R000928,Student_007,ASM003,Q0052,varies,True,,2025-09-16T00:00:00
R000929,Student_007,ASM003,Q0099,varies,True,,2025-09-16T00:00:00
R000930,Student_007,ASM003,Q0078,incorrect_arithmetic,False,arithmetic,2025-09-16T00:00:00
R000931,Student_007,ASM003,Q0175,incorrect_conceptual,False,conceptual,2025-09-16T00:00:00
R000932,Student_007,ASM003,Q0174,varies,True,,2025-09-16T00:00:00
R000933,Student_007,ASM003,Q0103,varies,True,,2025-09-16T00:00:00
R000934,Student_007,ASM003,Q0026,varies,True,,2025-09-16T00:00:00
R000935,Student_007,ASM003,Q0059,varies,True,,2025-09-16T00:00:00
R000936,Student_007,ASM003,Q0181,varies,True,,2025-09-16T00:00:00
R000937,Student_007,ASM003,Q0005,varies,True,,2025-09-16T00:00:00
R000938,Student_007,ASM003,Q0119,varies,True,,2025-09-16T00:00:00
R000939,Student_007,ASM003,Q0183,incorrect_conceptual,False,conceptual,2025-09-16T00:00:00
R000940,Student_007,ASM003,Q0083,incorrect_careless,False,careless,2025-09-16T00:00:00
R000941,Student_008,ASM003,Q0039,incorrect_arithmetic,False,arithmetic,2025-09-16T00:00:00
R000942,Student_008,ASM003,Q0004,varies,True,,2025-09-16T00:00:00
R000943,Student_008,ASM003,Q0165,varies,True,,2025-09-16T00:00:00
R000944,Student_008,ASM003,Q0071,incorrect_arithmetic,False,arithmetic,2025-09-16T00:00:00
R000945,Student_008,ASM003,Q0041,varies,True,,2025-09-16T00:00:00
R000946,Student_008,ASM003,Q0093,varies,True,,2025-09-16T00:00:00
R000947,Student_008,ASM003,Q0007,incorrect_simplification,False,simplification,2025-09-16T00:00:00
R000948,Student_008,ASM003,Q0052,varies,True,,2025-09-16T00:00:00
R000949,Student_008,ASM003,Q0099,incorrect_arithmetic,False,arithmetic,2025-09-16T00:00:00
R000950,Student_008,ASM003,Q0078,varies,True,,2025-09-16T00:00:00
R000951,Student_008,ASM003,Q0175,incorrect_careless,False,careless,2025-09-16T00:00:00
R000952,Student_008,ASM003,Q0174,varies,True,,2025-09-16T00:00:00
R000953,Student_008,ASM003,Q0103,incorrect_sign_error,False,sign_error,2025-09-16T00:00:00
R000954,Student_008,ASM003,Q0026,incorrect_arithmetic,False,arithmetic,2025-09-16T00:00:00
R000955,Student_008,ASM003,Q0059,incorrect_careless,False,careless,2025-09-16T00:00:00
R000956,Student_008,ASM003,Q0181,varies,True,,2025-09-16T00:00:00
R000957,Student_008,ASM003,Q0005,varies,True,,2025-09-16T00:00:00
R000958,Student_008,ASM003,Q0119,varies,True,,2025-09-16T00:00:00
R000959,Student_008,ASM003,Q0183,incorrect_careless,False,careless,2025-09-16T00:00:00
R000960,Student_008,ASM003,Q0083,incorrect_conceptual,False,conceptual,2025-09-16T00:00:00
R000961,Student_009,ASM003,Q0039,incorrect_arithmetic,False,arithmetic,2025-09-16T00:00:00
R000962,Student_009,ASM003,Q0004,varies,True,,2025-09-16T00:00:00
R000963,Student_009,ASM003,Q0165,varies,True,,2025-09-16T00:00:00
R000964,Student_009,ASM003,Q0071,varies,True,,2025-09-16T00:00:00
R000965,Student_009,ASM003,Q0041,varies,True,,2025-09-16T00:00:00
R000966,Student_009,ASM003,Q0093,varies,True,,2025-09-16T00:00:00
R000967,Student_009,ASM003,Q0007,varies,True,,2025-09-16T00:00:00
R000968,Student_009,ASM003,Q0052,varies,True,,2025-09-16T00:00:00
R000969,Student_009,ASM003,Q0099,incorrect_arithmetic,False,arithmetic,2025-09-16T00:00:00
R000970,Student_009,ASM003,Q0078,varies,True,,2025-09-16T00:00:00
R000971,Student_009,ASM003,Q0175,varies,True,,2025-09-16T00:00:00
R000972,Student_009,ASM003,Q0174,incorrect_arithmetic,False,arithmetic,2025-09-16T00:00:00
R000973,Student_009,ASM003,Q0103,varies,True,,2025-09-16T00:00:00
R000974,Student_009,ASM003,Q0026,incorrect_careless,False,careless,2025-09-16T00:00:00
R000975,Student_009,ASM003,Q0059,incorrect_decimal_placement,False,decimal_placement,2025-09-16T00:00:00
R000976,Student_009,ASM003,Q0181,varies,True,,2025-09-16T00:00:00
R000977,Student_009,ASM003,Q0005,varies,True,,2025-09-16T00:00:00
R000978,Student_009,ASM003,Q0119,varies,True,,2025-09-16T00:00:00
R000979,Student_009,ASM003,Q0183,varies,True,,2025-09-16T00:00:00
R000980,Student_009,ASM003,Q0083,incorrect_arithmetic,False,arithmetic,2025-09-16T00:00:00
R000981,Student_010,ASM003,Q0039,incorrect_conceptual,False,conceptual,2025-09-16T00:00:00
R000982,Student_010,ASM003,Q0004,incorrect_denominator_handling,False,denominator_handling,2025-09-16T00:00:00
R000983,Student_010,ASM003,Q0165,incorrect_arithmetic,False,arithmetic,2025-09-16T00:00:00
R000984,Student_010,ASM003,Q0071,varies,True,,2025-09-16T00:00:00
R000985,Student_010,ASM003,Q0041,varies,True,,2025-09-16T00:00:00
R000986,Student_010,ASM003,Q0093,incorrect_arithmetic,False,arithmetic,2025-09-16T00:00:00
R000987,Student_010,ASM003,Q0007,incorrect_arithmetic,False,arithmetic,2025-09-16T00:00:00
R000988,Student_010,ASM003,Q0052,varies,True,,2025-09-16T00:00:00
R000989,Student_010,ASM003,Q0099,varies,True,,2025-09-16T00:00:00
R000990,Student_010,ASM003,Q0078,varies,True,,2025-09-16T00:00:00
R000991,Student_010,ASM003,Q0175,varies,True,,2025-09-16T00:00:00
R000992,Student_010,ASM003,Q0174,varies,True,,2025-09-16T00:00:00
R000993,Student_010,ASM003,Q0103,incorrect_sign_error,False,sign_error,2025-09-16T00:00:00
R000994,Student_010,ASM003,Q0026,varies,True,,2025-09-16T00:00:00
R000995,Student_010,ASM003,Q0059,varies,True,,2025-09-16T00:00:00
R000996,Student_010,ASM003,Q0181,varies,True,,2025-09-16T00:00:00
R000997,Student_010,ASM003,Q0005,varies,True,,2025-09-16T00:00:00
R000998,Student_010,ASM003,Q0119,incorrect_conceptual,False,conceptual,2025-09-16T00:00:00
R000999,Student_010,ASM003,Q0183,varies,True,,2025-09-16T00:00:00
R001000,Student_010,ASM003,Q0083,incorrect_conceptual,False,conceptual,2025-09-16T00:00:00
R001001,Student_011,ASM003,Q0039,varies,True,,2025-09-16T00:00:00
R001002,Student_011,ASM003,Q0004,varies,True,,2025-09-16T00:00:00
R001003,Student_011,ASM003,Q0165,varies,True,,2025-09-16T00:00:00
R001004,Student_011,ASM003,Q0071,varies,True,,2025-09-16T00:00:00
R001005,Student_011,ASM003,Q0041,varies,True,,2025-09-16T00:00:00
R001006,Student_011,ASM003,Q0093,varies,True,,2025-09-16T00:00:00
R001007,Student_011,ASM003,Q0007,varies,True,,2025-09-16T00:00:00
R001008,Student_011,ASM003,Q0052,incorrect_conceptual,False,conceptual,2025-09-16T00:00:00
R001009,Student_011,ASM003,Q0099,varies,True,,2025-09-16T00:00:00
R001010,Student_011,ASM003,Q0078,varies,True,,2025-09-16T00:00:00
R001011,Student_011,ASM003,Q0175,varies,True,,2025-09-16T00:00:00
R001012,Student_011,ASM003,Q0174,varies,True,,2025-09-16T00:00:00
R001013,Student_011,ASM003,Q0103,varies,True,,2025-09-16T00:00:00
R001014,Student_011,ASM003,Q0026,varies,True,,2025-09-16T00:00:00
R001015,Student_011,ASM003,Q0059,varies,True,,2025-09-16T00:00:00
R001016,Student_011,ASM003,Q0181,incorrect_conceptual,False,conceptual,2025-09-16T00:00:00
R001017,Student_011,ASM003,Q0005,varies,True,,2025-09-16T00:00:00
R001018,Student_011,ASM003,Q0119,varies,True,,2025-09-16T00:00:00
R001019,Student_011,ASM003,Q0183,varies,True,,2025-09-16T00:00:00
R001020,Student_011,ASM003,Q0083,varies,True,,2025-09-16T00:00:00
R001021,Student_012,ASM003,Q0039,incorrect_simplification,False,simplification,2025-09-16T00:00:00
R001022,Student_012,ASM003,Q0004,incorrect_arithmetic,False,arithmetic,2025-09-16T00:00:00
R001023,Student_012,ASM003,Q0165,incorrect_arithmetic,False,arithmetic,2025-09-16T00:00:00
R001024,Student_012,ASM003,Q0071,varies,True,,2025-09-16T00:00:00
R001025,Student_012,ASM003,Q0041,incorrect_conceptual,False,conceptual,2025-09-16T00:00:00
R001026,Student_012,ASM003,Q0093,varies,True,,2025-09-16T00:00:00
R001027,Student_012,ASM003,Q0007,varies,True,,2025-09-16T00:00:00
R001028,Student_012,ASM003,Q0052,varies,True,,2025-09-16T00:00:00
R001029,Student_012,ASM003,Q0099,varies,True,,2025-09-16T00:00:00
R001030,Student_012,ASM003,Q0078,varies,True,,2025-09-16T00:00:00
R001031,Student_012,ASM003,Q0175,incorrect_arithmetic,False,arithmetic,2025-09-16T00:00:00
R001032,Student_012,ASM003,Q0174,varies,True,,2025-09-16T00:00:00
R001033,Student_012,ASM003,Q0103,varies,True,,2025-09-16T00:00:00
R001034,Student_012,ASM003,Q0026,varies,True,,2025-09-16T00:00:00
R001035,Student_012,ASM003,Q0059,varies,True,,2025-09-16T00:00:00
R001036,Student_012,ASM003,Q0181,varies,True,,2025-09-16T00:00:00
R001037,Student_012,ASM003,Q0005,varies,True,,2025-09-16T00:00:00
R001038,Student_012,ASM003,Q0119,varies,True,,2025-09-16T00:00:00
R001039,Student_012,ASM003,Q0183,varies,True,,2025-09-16T00:00:00
R001040,Student_012,ASM003,Q0083,varies,True,,2025-09-16T00:00:00
R001041,Student_013,ASM003,Q0039,varies,True,,2025-09-16T00:00:00
R001042,Student_013,ASM003,Q0004,varies,True,,2025-09-16T00:00:00
R001043,Student_013,ASM003,Q0165,varies,True,,2025-09-16T00:00:00
R001044,Student_013,ASM003,Q0071,varies,True,,2025-09-16T00:00:00
R001045,Student_013,ASM003,Q0041,varies,True,,2025-09-16T00:00:00
R001046,Student_013,ASM003,Q0093,incorrect_formula_selection,False,formula_selection,2025-09-16T00:00:00
R001047,Student_013,ASM003,Q0007,varies,True,,2025-09-16T00:00:00
R001048,Student_013,ASM003,Q0052,varies,True,,2025-09-16T00:00:00
R001049,Student_013,ASM003,Q0099,varies,True,,2025-09-16T00:00:00
R001050,Student_013,ASM003,Q0078,varies,True,,2025-09-16T00:00:00
R001051,Student_013,ASM003,Q0175,incorrect_careless,False,careless,2025-09-16T00:00:00
R001052,Student_013,ASM003,Q0174,varies,True,,2025-09-16T00:00:00
R001053,Student_013,ASM003,Q0103,incorrect_sign_error,False,sign_error,2025-09-16T00:00:00
R001054,Student_013,ASM003,Q0026,varies,True,,2025-09-16T00:00:00
R001055,Student_013,ASM003,Q0059,varies,True,,2025-09-16T00:00:00
R001056,Student_013,ASM003,Q0181,varies,True,,2025-09-16T00:00:00
R001057,Student_013,ASM003,Q0005,varies,True,,2025-09-16T00:00:00
R001058,Student_013,ASM003,Q0119,varies,True,,2025-09-16T00:00:00
R001059,Student_013,ASM003,Q0183,varies,True,,2025-09-16T00:00:00
R001060,Student_013,ASM003,Q0083,incorrect_conceptual,False,conceptual,2025-09-16T00:00:00
R001061,Student_014,ASM003,Q0039,varies,True,,2025-09-16T00:00:00
R001062,Student_014,ASM003,Q0004,varies,True,,2025-09-16T00:00:00
R001063,Student_014,ASM003,Q0165,varies,True,,2025-09-16T00:00:00
R001064,Student_014,ASM003,Q0071,varies,True,,2025-09-16T00:00:00
R001065,Student_014,ASM003,Q0041,varies,True,,2025-09-16T00:00:00
R001066,Student_014,ASM003,Q0093,incorrect_conceptual,False,conceptual,2025-09-16T00:00:00
R001067,Student_014,ASM003,Q0007,incorrect_denominator_handling,False,denominator_handling,2025-09-16T00:00:00
R001068,Student_014,ASM003,Q0052,varies,True,,2025-09-16T00:00:00
R001069,Student_014,ASM003,Q0099,varies,True,,2025-09-16T00:00:00
R001070,Student_014,ASM003,Q0078,varies,True,,2025-09-16T00:00:00
R001071,Student_014,ASM003,Q0175,varies,True,,2025-09-16T00:00:00
R001072,Student_014,ASM003,Q0174,varies,True,,2025-09-16T00:00:00
R001073,Student_014,ASM003,Q0103,varies,True,,2025-09-16T00:00:00
R001074,Student_014,ASM003,Q0026,varies,True,,2025-09-16T00:00:00
R001075,Student_014,ASM003,Q0059,incorrect_careless,False,careless,2025-09-16T00:00:00
R001076,Student_014,ASM003,Q0181,varies,True,,2025-09-16T00:00:00
R001077,Student_014,ASM003,Q0005,varies,True,,2025-09-16T00:00:00
R001078,Student_014,ASM003,Q0119,varies,True,,2025-09-16T00:00:00
R001079,Student_014,ASM003,Q0183,varies,True,,2025-09-16T00:00:00
R001080,Student_014,ASM003,Q0083,varies,True,,2025-09-16T00:00:00
R001081,Student_015,ASM003,Q0039,varies,True,,2025-09-16T00:00:00
R001082,Student_015,ASM003,Q0004,varies,True,,2025-09-16T00:00:00
R001083,Student_015,ASM003,Q0165,varies,True,,2025-09-16T00:00:00
R001084,Student_015,ASM003,Q0071,varies,True,,2025-09-16T00:00:00
R001085,Student_015,ASM003,Q0041,varies,True,,2025-09-16T00:00:00
R001086,Student_015,ASM003,Q0093,incorrect_formula_selection,False,formula_selection,2025-09-16T00:00:00
R001087,Student_015,ASM003,Q0007,varies,True,,2025-09-16T00:00:00
R001088,Student_015,ASM003,Q0052,varies,True,,2025-09-16T00:00:00
R001089,Student_015,ASM003,Q0099,incorrect_arithmetic,False,arithmetic,2025-09-16T00:00:00
R001090,Student_015,ASM003,Q0078,varies,True,,2025-09-16T00:00:00
R001091,Student_015,ASM003,Q0175,varies,True,,2025-09-16T00:00:00
R001092,Student_015,ASM003,Q0174,varies,True,,2025-09-16T00:00:00
R001093,Student_015,ASM003,Q0103,varies,True,,2025-09-16T00:00:00
R001094,Student_015,ASM003,Q0026,incorrect_careless,False,careless,2025-09-16T00:00:00
R001095,Student_015,ASM003,Q0059,varies,True,,2025-09-16T00:00:00
R001096,Student_015,ASM003,Q0181,varies,True,,2025-09-16T00:00:00
R001097,Student_015,ASM003,Q0005,varies,True,,2025-09-16T00:00:00
R001098,Student_015,ASM003,Q0119,varies,True,,2025-09-16T00:00:00
R001099,Student_015,ASM003,Q0183,varies,True,,2025-09-16T00:00:00
R001100,Student_015,ASM003,Q0083,varies,True,,2025-09-16T00:00:00
R001101,Student_016,ASM003,Q0039,varies,True,,2025-09-16T00:00:00
R001102,Student_016,ASM003,Q0004,incorrect_denominator_handling,False,denominator_handling,2025-09-16T00:00:00
R001103,Student_016,ASM003,Q0165,varies,True,,2025-09-16T00:00:00
R001104,Student_016,ASM003,Q0071,incorrect_arithmetic,False,arithmetic,2025-09-16T00:00:00
R001105,Student_016,ASM003,Q0041,varies,True,,2025-09-16T00:00:00
R001106,Student_016,ASM003,Q0093,varies,True,,2025-09-16T00:00:00
R001107,Student_016,ASM003,Q0007,incorrect_arithmetic,False,arithmetic,2025-09-16T00:00:00
R001108,Student_016,ASM003,Q0052,incorrect_conceptual,False,conceptual,2025-09-16T00:00:00
R001109,Student_016,ASM003,Q0099,incorrect_sign_error,False,sign_error,2025-09-16T00:00:00
R001110,Student_016,ASM003,Q0078,varies,True,,2025-09-16T00:00:00
R001111,Student_016,ASM003,Q0175,varies,True,,2025-09-16T00:00:00
R001112,Student_016,ASM003,Q0174,varies,True,,2025-09-16T00:00:00
R001113,Student_016,ASM003,Q0103,varies,True,,2025-09-16T00:00:00
R001114,Student_016,ASM003,Q0026,incorrect_arithmetic,False,arithmetic,2025-09-16T00:00:00
R001115,Student_016,ASM003,Q0059,varies,True,,2025-09-16T00:00:00
R001116,Student_016,ASM003,Q0181,incorrect_conceptual,False,conceptual,2025-09-16T00:00:00
R001117,Student_016,ASM003,Q0005,incorrect_simplification,False,simplification,2025-09-16T00:00:00
R001118,Student_016,ASM003,Q0119,varies,True,,2025-09-16T00:00:00
R001119,Student_016,ASM003,Q0183,varies,True,,2025-09-16T00:00:00
R001120,Student_016,ASM003,Q0083,varies,True,,2025-09-16T00:00:00
R001121,Student_017,ASM003,Q0039,varies,True,,2025-09-16T00:00:00
R001122,Student_017,ASM003,Q0004,varies,True,,2025-09-16T00:00:00
R001123,Student_017,ASM003,Q0165,varies,True,,2025-09-16T00:00:00
R001124,Student_017,ASM003,Q0071,varies,True,,2025-09-16T00:00:00
R001125,Student_017,ASM003,Q0041,varies,True,,2025-09-16T00:00:00
R001126,Student_017,ASM003,Q0093,varies,True,,2025-09-16T00:00:00
R001127,Student_017,ASM003,Q0007,incorrect_denominator_handling,False,denominator_handling,2025-09-16T00:00:00
R001128,Student_017,ASM003,Q0052,varies,True,,2025-09-16T00:00:00
R001129,Student_017,ASM003,Q0099,incorrect_sign_error,False,sign_error,2025-09-16T00:00:00
R001130,Student_017,ASM003,Q0078,varies,True,,2025-09-16T00:00:00
R001131,Student_017,ASM003,Q0175,varies,True,,2025-09-16T00:00:00
R001132,Student_017,ASM003,Q0174,varies,True,,2025-09-16T00:00:00
R001133,Student_017,ASM003,Q0103,varies,True,,2025-09-16T00:00:00
R001134,Student_017,ASM003,Q0026,incorrect_denominator_handling,False,denominator_handling,2025-09-16T00:00:00
R001135,Student_017,ASM003,Q0059,varies,True,,2025-09-16T00:00:00
R001136,Student_017,ASM003,Q0181,varies,True,,2025-09-16T00:00:00
R001137,Student_017,ASM003,Q0005,incorrect_arithmetic,False,arithmetic,2025-09-16T00:00:00
R001138,Student_017,ASM003,Q0119,varies,True,,2025-09-16T00:00:00
R001139,Student_017,ASM003,Q0183,varies,True,,2025-09-16T00:00:00
R001140,Student_017,ASM003,Q0083,varies,True,,2025-09-16T00:00:00
R001141,Student_018,ASM003,Q0039,incorrect_simplification,False,simplification,2025-09-16T00:00:00
R001142,Student_018,ASM003,Q0004,varies,True,,2025-09-16T00:00:00
R001143,Student_018,ASM003,Q0165,incorrect_unit_conversion,False,unit_conversion,2025-09-16T00:00:00
R001144,Student_018,ASM003,Q0071,varies,True,,2025-09-16T00:00:00
R001145,Student_018,ASM003,Q0041,varies,True,,2025-09-16T00:00:00
R001146,Student_018,ASM003,Q0093,varies,True,,2025-09-16T00:00:00
R001147,Student_018,ASM003,Q0007,incorrect_denominator_handling,False,denominator_handling,2025-09-16T00:00:00
R001148,Student_018,ASM003,Q0052,varies,True,,2025-09-16T00:00:00
R001149,Student_018,ASM003,Q0099,varies,True,,2025-09-16T00:00:00
R001150,Student_018,ASM003,Q0078,varies,True,,2025-09-16T00:00:00
R001151,Student_018,ASM003,Q0175,varies,True,,2025-09-16T00:00:00
R001152,Student_018,ASM003,Q0174,varies,True,,2025-09-16T00:00:00
R001153,Student_018,ASM003,Q0103,varies,True,,2025-09-16T00:00:00
R001154,Student_018,ASM003,Q0026,varies,True,,2025-09-16T00:00:00
R001155,Student_018,ASM003,Q0059,varies,True,,2025-09-16T00:00:00
R001156,Student_018,ASM003,Q0181,varies,True,,2025-09-16T00:00:00
R001157,Student_018,ASM003,Q0005,varies,True,,2025-09-16T00:00:00
R001158,Student_018,ASM003,Q0119,varies,True,,2025-09-16T00:00:00
R001159,Student_018,ASM003,Q0183,varies,True,,2025-09-16T00:00:00
R001160,Student_018,ASM003,Q0083,incorrect_arithmetic,False,arithmetic,2025-09-16T00:00:00
R001161,Student_019,ASM003,Q0039,varies,True,,2025-09-16T00:00:00
R001162,Student_019,ASM003,Q0004,varies,True,,2025-09-16T00:00:00
R001163,Student_019,ASM003,Q0165,varies,True,,2025-09-16T00:00:00
R001164,Student_019,ASM003,Q0071,varies,True,,2025-09-16T00:00:00
R001165,Student_019,ASM003,Q0041,varies,True,,2025-09-16T00:00:00
R001166,Student_019,ASM003,Q0093,varies,True,,2025-09-16T00:00:00
R001167,Student_019,ASM003,Q0007,incorrect_simplification,False,simplification,2025-09-16T00:00:00
R001168,Student_019,ASM003,Q0052,varies,True,,2025-09-16T00:00:00
R001169,Student_019,ASM003,Q0099,incorrect_formula_selection,False,formula_selection,2025-09-16T00:00:00
R001170,Student_019,ASM003,Q0078,varies,True,,2025-09-16T00:00:00
R001171,Student_019,ASM003,Q0175,varies,True,,2025-09-16T00:00:00
R001172,Student_019,ASM003,Q0174,varies,True,,2025-09-16T00:00:00
R001173,Student_019,ASM003,Q0103,varies,True,,2025-09-16T00:00:00
R001174,Student_019,ASM003,Q0026,varies,True,,2025-09-16T00:00:00
R001175,Student_019,ASM003,Q0059,varies,True,,2025-09-16T00:00:00
R001176,Student_019,ASM003,Q0181,varies,True,,2025-09-16T00:00:00
R001177,Student_019,ASM003,Q0005,varies,True,,2025-09-16T00:00:00
R001178,Student_019,ASM003,Q0119,varies,True,,2025-09-16T00:00:00
R001179,Student_019,ASM003,Q0183,varies,True,,2025-09-16T00:00:00
R001180,Student_019,ASM003,Q0083,varies,True,,2025-09-16T00:00:00
R001181,Student_020,ASM003,Q0039,varies,True,,2025-09-16T00:00:00
R001182,Student_020,ASM003,Q0004,varies,True,,2025-09-16T00:00:00
R001183,Student_020,ASM003,Q0165,incorrect_arithmetic,False,arithmetic,2025-09-16T00:00:00
R001184,Student_020,ASM003,Q0071,incorrect_decimal_placement,False,decimal_placement,2025-09-16T00:00:00
R001185,Student_020,ASM003,Q0041,varies,True,,2025-09-16T00:00:00
R001186,Student_020,ASM003,Q0093,varies,True,,2025-09-16T00:00:00
R001187,Student_020,ASM003,Q0007,varies,True,,2025-09-16T00:00:00
R001188,Student_020,ASM003,Q0052,varies,True,,2025-09-16T00:00:00
R001189,Student_020,ASM003,Q0099,varies,True,,2025-09-16T00:00:00
R001190,Student_020,ASM003,Q0078,varies,True,,2025-09-16T00:00:00
R001191,Student_020,ASM003,Q0175,varies,True,,2025-09-16T00:00:00
R001192,Student_020,ASM003,Q0174,incorrect_careless,False,careless,2025-09-16T00:00:00
R001193,Student_020,ASM003,Q0103,varies,True,,2025-09-16T00:00:00
R001194,Student_020,ASM003,Q0026,varies,True,,2025-09-16T00:00:00
R001195,Student_020,ASM003,Q0059,varies,True,,2025-09-16T00:00:00
R001196,Student_020,ASM003,Q0181,varies,True,,2025-09-16T00:00:00
R001197,Student_020,ASM003,Q0005,varies,True,,2025-09-16T00:00:00
R001198,Student_020,ASM003,Q0119,varies,True,,2025-09-16T00:00:00
R001199,Student_020,ASM003,Q0183,varies,True,,2025-09-16T00:00:00
R001200,Student_020,ASM003,Q0083,varies,True,,2025-09-16T00:00:00
R001201,Student_001,ASM004,Q0034,incorrect_simplification,False,simplification,2025-10-07T00:00:00
R001202,Student_001,ASM004,Q0083,incorrect_sign_error,False,sign_error,2025-10-07T00:00:00
R001203,Student_001,ASM004,Q0167,varies,True,,2025-10-07T00:00:00
R001204,Student_001,ASM004,Q0142,varies,True,,2025-10-07T00:00:00
R001205,Student_001,ASM004,Q0048,varies,True,,2025-10-07T00:00:00
R001206,Student_001,ASM004,Q0012,varies,True,,2025-10-07T00:00:00
R001207,Student_001,ASM004,Q0002,varies,True,,2025-10-07T00:00:00
R001208,Student_001,ASM004,Q0129,varies,True,,2025-10-07T00:00:00
R001209,Student_001,ASM004,Q0120,varies,True,,2025-10-07T00:00:00
R001210,Student_001,ASM004,Q0113,varies,True,,2025-10-07T00:00:00
R001211,Student_001,ASM004,Q0103,varies,True,,2025-10-07T00:00:00
R001212,Student_001,ASM004,Q0181,varies,True,,2025-10-07T00:00:00
R001213,Student_001,ASM004,Q0035,varies,True,,2025-10-07T00:00:00
R001214,Student_001,ASM004,Q0109,varies,True,,2025-10-07T00:00:00
R001215,Student_001,ASM004,Q0085,varies,True,,2025-10-07T00:00:00
R001216,Student_001,ASM004,Q0093,incorrect_sign_error,False,sign_error,2025-10-07T00:00:00
R001217,Student_001,ASM004,Q0121,varies,True,,2025-10-07T00:00:00
R001218,Student_001,ASM004,Q0049,varies,True,,2025-10-07T00:00:00
R001219,Student_001,ASM004,Q0077,varies,True,,2025-10-07T00:00:00
R001220,Student_001,ASM004,Q0062,varies,True,,2025-10-07T00:00:00
R001221,Student_002,ASM004,Q0034,varies,True,,2025-10-07T00:00:00
R001222,Student_002,ASM004,Q0083,incorrect_arithmetic,False,arithmetic,2025-10-07T00:00:00
R001223,Student_002,ASM004,Q0167,varies,True,,2025-10-07T00:00:00
R001224,Student_002,ASM004,Q0142,varies,True,,2025-10-07T00:00:00
R001225,Student_002,ASM004,Q0048,varies,True,,2025-10-07T00:00:00
R001226,Student_002,ASM004,Q0012,varies,True,,2025-10-07T00:00:00
R001227,Student_002,ASM004,Q0002,varies,True,,2025-10-07T00:00:00
R001228,Student_002,ASM004,Q0129,varies,True,,2025-10-07T00:00:00
R001229,Student_002,ASM004,Q0120,incorrect_conceptual,False,conceptual,2025-10-07T00:00:00
R001230,Student_002,ASM004,Q0113,varies,True,,2025-10-07T00:00:00
R001231,Student_002,ASM004,Q0103,varies,True,,2025-10-07T00:00:00
R001232,Student_002,ASM004,Q0181,varies,True,,2025-10-07T00:00:00
R001233,Student_002,ASM004,Q0035,varies,True,,2025-10-07T00:00:00
R001234,Student_002,ASM004,Q0109,incorrect_careless,False,careless,2025-10-07T00:00:00
R001235,Student_002,ASM004,Q0085,varies,True,,2025-10-07T00:00:00
R001236,Student_002,ASM004,Q0093,varies,True,,2025-10-07T00:00:00
R001237,Student_002,ASM004,Q0121,varies,True,,2025-10-07T00:00:00
R001238,Student_002,ASM004,Q0049,varies,True,,2025-10-07T00:00:00
R001239,Student_002,ASM004,Q0077,varies,True,,2025-10-07T00:00:00
R001240,Student_002,ASM004,Q0062,incorrect_arithmetic,False,arithmetic,2025-10-07T00:00:00
R001241,Student_003,ASM004,Q0034,varies,True,,2025-10-07T00:00:00
R001242,Student_003,ASM004,Q0083,varies,True,,2025-10-07T00:00:00
R001243,Student_003,ASM004,Q0167,varies,True,,2025-10-07T00:00:00
R001244,Student_003,ASM004,Q0142,varies,True,,2025-10-07T00:00:00
R001245,Student_003,ASM004,Q0048,varies,True,,2025-10-07T00:00:00
R001246,Student_003,ASM004,Q0012,varies,True,,2025-10-07T00:00:00
R001247,Student_003,ASM004,Q0002,varies,True,,2025-10-07T00:00:00
R001248,Student_003,ASM004,Q0129,varies,True,,2025-10-07T00:00:00
R001249,Student_003,ASM004,Q0120,varies,True,,2025-10-07T00:00:00
R001250,Student_003,ASM004,Q0113,varies,True,,2025-10-07T00:00:00
R001251,Student_003,ASM004,Q0103,varies,True,,2025-10-07T00:00:00
R001252,Student_003,ASM004,Q0181,varies,True,,2025-10-07T00:00:00
R001253,Student_003,ASM004,Q0035,varies,True,,2025-10-07T00:00:00
R001254,Student_003,ASM004,Q0109,varies,True,,2025-10-07T00:00:00
R001255,Student_003,ASM004,Q0085,varies,True,,2025-10-07T00:00:00
R001256,Student_003,ASM004,Q0093,varies,True,,2025-10-07T00:00:00
R001257,Student_003,ASM004,Q0121,varies,True,,2025-10-07T00:00:00
R001258,Student_003,ASM004,Q0049,incorrect_arithmetic,False,arithmetic,2025-10-07T00:00:00
R001259,Student_003,ASM004,Q0077,varies,True,,2025-10-07T00:00:00
R001260,Student_003,ASM004,Q0062,varies,True,,2025-10-07T00:00:00
R001261,Student_004,ASM004,Q0034,incorrect_conceptual,False,conceptual,2025-10-07T00:00:00
R001262,Student_004,ASM004,Q0083,varies,True,,2025-10-07T00:00:00
R001263,Student_004,ASM004,Q0167,incorrect_unit_conversion,False,unit_conversion,2025-10-07T00:00:00
R001264,Student_004,ASM004,Q0142,incorrect_careless,False,careless,2025-10-07T00:00:00
R001265,Student_004,ASM004,Q0048,varies,True,,2025-10-07T00:00:00
R001266,Student_004,ASM004,Q0012,varies,True,,2025-10-07T00:00:00
R001267,Student_004,ASM004,Q0002,incorrect_denominator_handling,False,denominator_handling,2025-10-07T00:00:00
R001268,Student_004,ASM004,Q0129,varies,True,,2025-10-07T00:00:00
R001269,Student_004,ASM004,Q0120,varies,True,,2025-10-07T00:00:00
R001270,Student_004,ASM004,Q0113,varies,True,,2025-10-07T00:00:00
R001271,Student_004,ASM004,Q0103,incorrect_conceptual,False,conceptual,2025-10-07T00:00:00
R001272,Student_004,ASM004,Q0181,varies,True,,2025-10-07T00:00:00
R001273,Student_004,ASM004,Q0035,varies,True,,2025-10-07T00:00:00
R001274,Student_004,ASM004,Q0109,varies,True,,2025-10-07T00:00:00
R001275,Student_004,ASM004,Q0085,varies,True,,2025-10-07T00:00:00
R001276,Student_004,ASM004,Q0093,varies,True,,2025-10-07T00:00:00
R001277,Student_004,ASM004,Q0121,incorrect_conceptual,False,conceptual,2025-10-07T00:00:00
R001278,Student_004,ASM004,Q0049,varies,True,,2025-10-07T00:00:00
R001279,Student_004,ASM004,Q0077,varies,True,,2025-10-07T00:00:00
R001280,Student_004,ASM004,Q0062,incorrect_decimal_placement,False,decimal_placement,2025-10-07T00:00:00
R001281,Student_005,ASM004,Q0034,varies,True,,2025-10-07T00:00:00
R001282,Student_005,ASM004,Q0083,varies,True,,2025-10-07T00:00:00
R001283,Student_005,ASM004,Q0167,varies,True,,2025-10-07T00:00:00
R001284,Student_005,ASM004,Q0142,varies,True,,2025-10-07T00:00:00
R001285,Student_005,ASM004,Q0048,varies,True,,2025-10-07T00:00:00
R001286,Student_005,ASM004,Q0012,varies,True,,2025-10-07T00:00:00
R001287,Student_005,ASM004,Q0002,varies,True,,2025-10-07T00:00:00
R001288,Student_005,ASM004,Q0129,varies,True,,2025-10-07T00:00:00
R001289,Student_005,ASM004,Q0120,varies,True,,2025-10-07T00:00:00
R001290,Student_005,ASM004,Q0113,varies,True,,2025-10-07T00:00:00
R001291,Student_005,ASM004,Q0103,varies,True,,2025-10-07T00:00:00
R001292,Student_005,ASM004,Q0181,varies,True,,2025-10-07T00:00:00
R001293,Student_005,ASM004,Q0035,varies,True,,2025-10-07T00:00:00
R001294,Student_005,ASM004,Q0109,varies,True,,2025-10-07T00:00:00
R001295,Student_005,ASM004,Q0085,varies,True,,2025-10-07T00:00:00
R001296,Student_005,ASM004,Q0093,varies,True,,2025-10-07T00:00:00
R001297,Student_005,ASM004,Q0121,varies,True,,2025-10-07T00:00:00
R001298,Student_005,ASM004,Q0049,varies,True,,2025-10-07T00:00:00
R001299,Student_005,ASM004,Q0077,varies,True,,2025-10-07T00:00:00
R001300,Student_005,ASM004,Q0062,varies,True,,2025-10-07T00:00:00
R001301,Student_006,ASM004,Q0034,varies,True,,2025-10-07T00:00:00
R001302,Student_006,ASM004,Q0083,varies,True,,2025-10-07T00:00:00
R001303,Student_006,ASM004,Q0167,varies,True,,2025-10-07T00:00:00
R001304,Student_006,ASM004,Q0142,incorrect_careless,False,careless,2025-10-07T00:00:00
R001305,Student_006,ASM004,Q0048,varies,True,,2025-10-07T00:00:00
R001306,Student_006,ASM004,Q0012,incorrect_denominator_handling,False,denominator_handling,2025-10-07T00:00:00
R001307,Student_006,ASM004,Q0002,incorrect_simplification,False,simplification,2025-10-07T00:00:00
R001308,Student_006,ASM004,Q0129,varies,True,,2025-10-07T00:00:00
R001309,Student_006,ASM004,Q0120,varies,True,,2025-10-07T00:00:00
R001310,Student_006,ASM004,Q0113,varies,True,,2025-10-07T00:00:00
R001311,Student_006,ASM004,Q0103,varies,True,,2025-10-07T00:00:00
R001312,Student_006,ASM004,Q0181,varies,True,,2025-10-07T00:00:00
R001313,Student_006,ASM004,Q0035,varies,True,,2025-10-07T00:00:00
R001314,Student_006,ASM004,Q0109,varies,True,,2025-10-07T00:00:00
R001315,Student_006,ASM004,Q0085,varies,True,,2025-10-07T00:00:00
R001316,Student_006,ASM004,Q0093,varies,True,,2025-10-07T00:00:00
R001317,Student_006,ASM004,Q0121,varies,True,,2025-10-07T00:00:00
R001318,Student_006,ASM004,Q0049,varies,True,,2025-10-07T00:00:00
R001319,Student_006,ASM004,Q0077,varies,True,,2025-10-07T00:00:00
R001320,Student_006,ASM004,Q0062,varies,True,,2025-10-07T00:00:00
R001321,Student_007,ASM004,Q0034,varies,True,,2025-10-07T00:00:00
R001322,Student_007,ASM004,Q0083,incorrect_sign_error,False,sign_error,2025-10-07T00:00:00
R001323,Student_007,ASM004,Q0167,varies,True,,2025-10-07T00:00:00
R001324,Student_007,ASM004,Q0142,varies,True,,2025-10-07T00:00:00
R001325,Student_007,ASM004,Q0048,varies,True,,2025-10-07T00:00:00
R001326,Student_007,ASM004,Q0012,varies,True,,2025-10-07T00:00:00
R001327,Student_007,ASM004,Q0002,incorrect_denominator_handling,False,denominator_handling,2025-10-07T00:00:00
R001328,Student_007,ASM004,Q0129,varies,True,,2025-10-07T00:00:00
R001329,Student_007,ASM004,Q0120,varies,True,,2025-10-07T00:00:00
R001330,Student_007,ASM004,Q0113,varies,True,,2025-10-07T00:00:00
R001331,Student_007,ASM004,Q0103,varies,True,,2025-10-07T00:00:00
R001332,Student_007,ASM004,Q0181,varies,True,,2025-10-07T00:00:00
R001333,Student_007,ASM004,Q0035,varies,True,,2025-10-07T00:00:00
R001334,Student_007,ASM004,Q0109,varies,True,,2025-10-07T00:00:00
R001335,Student_007,ASM004,Q0085,incorrect_arithmetic,False,arithmetic,2025-10-07T00:00:00
R001336,Student_007,ASM004,Q0093,incorrect_formula_selection,False,formula_selection,2025-10-07T00:00:00
R001337,Student_007,ASM004,Q0121,varies,True,,2025-10-07T00:00:00
R001338,Student_007,ASM004,Q0049,varies,True,,2025-10-07T00:00:00
R001339,Student_007,ASM004,Q0077,varies,True,,2025-10-07T00:00:00
R001340,Student_007,ASM004,Q0062,varies,True,,2025-10-07T00:00:00
R001341,Student_008,ASM004,Q0034,varies,True,,2025-10-07T00:00:00
R001342,Student_008,ASM004,Q0083,varies,True,,2025-10-07T00:00:00
R001343,Student_008,ASM004,Q0167,varies,True,,2025-10-07T00:00:00
R001344,Student_008,ASM004,Q0142,varies,True,,2025-10-07T00:00:00
R001345,Student_008,ASM004,Q0048,varies,True,,2025-10-07T00:00:00
R001346,Student_008,ASM004,Q0012,incorrect_simplification,False,simplification,2025-10-07T00:00:00
R001347,Student_008,ASM004,Q0002,varies,True,,2025-10-07T00:00:00
R001348,Student_008,ASM004,Q0129,varies,True,,2025-10-07T00:00:00
R001349,Student_008,ASM004,Q0120,incorrect_conceptual,False,conceptual,2025-10-07T00:00:00
R001350,Student_008,ASM004,Q0113,incorrect_arithmetic,False,arithmetic,2025-10-07T00:00:00
R001351,Student_008,ASM004,Q0103,varies,True,,2025-10-07T00:00:00
R001352,Student_008,ASM004,Q0181,varies,True,,2025-10-07T00:00:00
R001353,Student_008,ASM004,Q0035,varies,True,,2025-10-07T00:00:00
R001354,Student_008,ASM004,Q0109,varies,True,,2025-10-07T00:00:00
R001355,Student_008,ASM004,Q0085,varies,True,,2025-10-07T00:00:00
R001356,Student_008,ASM004,Q0093,varies,True,,2025-10-07T00:00:00
R001357,Student_008,ASM004,Q0121,incorrect_arithmetic,False,arithmetic,2025-10-07T00:00:00
R001358,Student_008,ASM004,Q0049,varies,True,,2025-10-07T00:00:00
R001359,Student_008,ASM004,Q0077,varies,True,,2025-10-07T00:00:00
R001360,Student_008,ASM004,Q0062,varies,True,,2025-10-07T00:00:00
R001361,Student_009,ASM004,Q0034,varies,True,,2025-10-07T00:00:00
R001362,Student_009,ASM004,Q0083,varies,True,,2025-10-07T00:00:00
R001363,Student_009,ASM004,Q0167,varies,True,,2025-10-07T00:00:00
R001364,Student_009,ASM004,Q0142,varies,True,,2025-10-07T00:00:00
R001365,Student_009,ASM004,Q0048,varies,True,,2025-10-07T00:00:00
R001366,Student_009,ASM004,Q0012,varies,True,,2025-10-07T00:00:00
R001367,Student_009,ASM004,Q0002,incorrect_simplification,False,simplification,2025-10-07T00:00:00
R001368,Student_009,ASM004,Q0129,incorrect_unit_conversion,False,unit_conversion,2025-10-07T00:00:00
R001369,Student_009,ASM004,Q0120,varies,True,,2025-10-07T00:00:00
R001370,Student_009,ASM004,Q0113,varies,True,,2025-10-07T00:00:00
R001371,Student_009,ASM004,Q0103,varies,True,,2025-10-07T00:00:00
R001372,Student_009,ASM004,Q0181,varies,True,,2025-10-07T00:00:00
R001373,Student_009,ASM004,Q0035,incorrect_simplification,False,simplification,2025-10-07T00:00:00
R001374,Student_009,ASM004,Q0109,varies,True,,2025-10-07T00:00:00
R001375,Student_009,ASM004,Q0085,varies,True,,2025-10-07T00:00:00
R001376,Student_009,ASM004,Q0093,varies,True,,2025-10-07T00:00:00
R001377,Student_009,ASM004,Q0121,varies,True,,2025-10-07T00:00:00
R001378,Student_009,ASM004,Q0049,varies,True,,2025-10-07T00:00:00
R001379,Student_009,ASM004,Q0077,varies,True,,2025-10-07T00:00:00
R001380,Student_009,ASM004,Q0062,varies,True,,2025-10-07T00:00:00
R001381,Student_010,ASM004,Q0034,varies,True,,2025-10-07T00:00:00
R001382,Student_010,ASM004,Q0083,varies,True,,2025-10-07T00:00:00
R001383,Student_010,ASM004,Q0167,varies,True,,2025-10-07T00:00:00
R001384,Student_010,ASM004,Q0142,varies,True,,2025-10-07T00:00:00
R001385,Student_010,ASM004,Q0048,incorrect_conceptual,False,conceptual,2025-10-07T00:00:00
R001386,Student_010,ASM004,Q0012,varies,True,,2025-10-07T00:00:00
R001387,Student_010,ASM004,Q0002,incorrect_denominator_handling,False,denominator_handling,2025-10-07T00:00:00
R001388,Student_010,ASM004,Q0129,varies,True,,2025-10-07T00:00:00
R001389,Student_010,ASM004,Q0120,varies,True,,2025-10-07T00:00:00
R001390,Student_010,ASM004,Q0113,varies,True,,2025-10-07T00:00:00
R001391,Student_010,ASM004,Q0103,incorrect_sign_error,False,sign_error,2025-10-07T00:00:00
R001392,Student_010,ASM004,Q0181,incorrect_conceptual,False,conceptual,2025-10-07T00:00:00
R001393,Student_010,ASM004,Q0035,varies,True,,2025-10-07T00:00:00
R001394,Student_010,ASM004,Q0109,varies,True,,2025-10-07T00:00:00
R001395,Student_010,ASM004,Q0085,varies,True,,2025-10-07T00:00:00
R001396,Student_010,ASM004,Q0093,varies,True,,2025-10-07T00:00:00
R001397,Student_010,ASM004,Q0121,varies,True,,2025-10-07T00:00:00
R001398,Student_010,ASM004,Q0049,varies,True,,2025-10-07T00:00:00
R001399,Student_010,ASM004,Q0077,varies,True,,2025-10-07T00:00:00
R001400,Student_010,ASM004,Q0062,incorrect_decimal_placement,False,decimal_placement,2025-10-07T00:00:00
R001401,Student_011,ASM004,Q0034,varies,True,,2025-10-07T00:00:00
R001402,Student_011,ASM004,Q0083,varies,True,,2025-10-07T00:00:00
R001403,Student_011,ASM004,Q0167,varies,True,,2025-10-07T00:00:00
R001404,Student_011,ASM004,Q0142,varies,True,,2025-10-07T00:00:00
R001405,Student_011,ASM004,Q0048,varies,True,,2025-10-07T00:00:00
R001406,Student_011,ASM004,Q0012,varies,True,,2025-10-07T00:00:00
R001407,Student_011,ASM004,Q0002,varies,True,,2025-10-07T00:00:00
R001408,Student_011,ASM004,Q0129,varies,True,,2025-10-07T00:00:00
R001409,Student_011,ASM004,Q0120,varies,True,,2025-10-07T00:00:00
R001410,Student_011,ASM004,Q0113,varies,True,,2025-10-07T00:00:00
R001411,Student_011,ASM004,Q0103,varies,True,,2025-10-07T00:00:00
R001412,Student_011,ASM004,Q0181,varies,True,,2025-10-07T00:00:00
R001413,Student_011,ASM004,Q0035,varies,True,,2025-10-07T00:00:00
R001414,Student_011,ASM004,Q0109,varies,True,,2025-10-07T00:00:00
R001415,Student_011,ASM004,Q0085,varies,True,,2025-10-07T00:00:00
R001416,Student_011,ASM004,Q0093,incorrect_conceptual,False,conceptual,2025-10-07T00:00:00
R001417,Student_011,ASM004,Q0121,varies,True,,2025-10-07T00:00:00
R001418,Student_011,ASM004,Q0049,varies,True,,2025-10-07T00:00:00
R001419,Student_011,ASM004,Q0077,varies,True,,2025-10-07T00:00:00
R001420,Student_011,ASM004,Q0062,varies,True,,2025-10-07T00:00:00
R001421,Student_012,ASM004,Q0034,incorrect_simplification,False,simplification,2025-10-07T00:00:00
R001422,Student_012,ASM004,Q0083,varies,True,,2025-10-07T00:00:00
R001423,Student_012,ASM004,Q0167,varies,True,,2025-10-07T00:00:00
R001424,Student_012,ASM004,Q0142,varies,True,,2025-10-07T00:00:00
R001425,Student_012,ASM004,Q0048,varies,True,,2025-10-07T00:00:00
R001426,Student_012,ASM004,Q0012,varies,True,,2025-10-07T00:00:00
R001427,Student_012,ASM004,Q0002,varies,True,,2025-10-07T00:00:00
R001428,Student_012,ASM004,Q0129,varies,True,,2025-10-07T00:00:00
R001429,Student_012,ASM004,Q0120,varies,True,,2025-10-07T00:00:00
R001430,Student_012,ASM004,Q0113,varies,True,,2025-10-07T00:00:00
R001431,Student_012,ASM004,Q0103,varies,True,,2025-10-07T00:00:00
R001432,Student_012,ASM004,Q0181,varies,True,,2025-10-07T00:00:00
R001433,Student_012,ASM004,Q0035,varies,True,,2025-10-07T00:00:00
R001434,Student_012,ASM004,Q0109,varies,True,,2025-10-07T00:00:00
R001435,Student_012,ASM004,Q0085,varies,True,,2025-10-07T00:00:00
R001436,Student_012,ASM004,Q0093,varies,True,,2025-10-07T00:00:00
R001437,Student_012,ASM004,Q0121,varies,True,,2025-10-07T00:00:00
R001438,Student_012,ASM004,Q0049,incorrect_careless,False,careless,2025-10-07T00:00:00
R001439,Student_012,ASM004,Q0077,varies,True,,2025-10-07T00:00:00
R001440,Student_012,ASM004,Q0062,varies,True,,2025-10-07T00:00:00
R001441,Student_013,ASM004,Q0034,varies,True,,2025-10-07T00:00:00
R001442,Student_013,ASM004,Q0083,varies,True,,2025-10-07T00:00:00
R001443,Student_013,ASM004,Q0167,varies,True,,2025-10-07T00:00:00
R001444,Student_013,ASM004,Q0142,varies,True,,2025-10-07T00:00:00
R001445,Student_013,ASM004,Q0048,incorrect_arithmetic,False,arithmetic,2025-10-07T00:00:00
R001446,Student_013,ASM004,Q0012,varies,True,,2025-10-07T00:00:00
R001447,Student_013,ASM004,Q0002,varies,True,,2025-10-07T00:00:00
R001448,Student_013,ASM004,Q0129,varies,True,,2025-10-07T00:00:00
R001449,Student_013,ASM004,Q0120,varies,True,,2025-10-07T00:00:00
R001450,Student_013,ASM004,Q0113,incorrect_conceptual,False,conceptual,2025-10-07T00:00:00
R001451,Student_013,ASM004,Q0103,varies,True,,2025-10-07T00:00:00
R001452,Student_013,ASM004,Q0181,incorrect_conceptual,False,conceptual,2025-10-07T00:00:00
R001453,Student_013,ASM004,Q0035,incorrect_conceptual,False,conceptual,2025-10-07T00:00:00
R001454,Student_013,ASM004,Q0109,varies,True,,2025-10-07T00:00:00
R001455,Student_013,ASM004,Q0085,varies,True,,2025-10-07T00:00:00
R001456,Student_013,ASM004,Q0093,incorrect_sign_error,False,sign_error,2025-10-07T00:00:00
R001457,Student_013,ASM004,Q0121,varies,True,,2025-10-07T00:00:00
R001458,Student_013,ASM004,Q0049,varies,True,,2025-10-07T00:00:00
R001459,Student_013,ASM004,Q0077,varies,True,,2025-10-07T00:00:00
R001460,Student_013,ASM004,Q0062,varies,True,,2025-10-07T00:00:00
R001461,Student_014,ASM004,Q0034,varies,True,,2025-10-07T00:00:00
R001462,Student_014,ASM004,Q0083,varies,True,,2025-10-07T00:00:00
R001463,Student_014,ASM004,Q0167,incorrect_arithmetic,False,arithmetic,2025-10-07T00:00:00
R001464,Student_014,ASM004,Q0142,incorrect_careless,False,careless,2025-10-07T00:00:00
R001465,Student_014,ASM004,Q0048,varies,True,,2025-10-07T00:00:00
R001466,Student_014,ASM004,Q0012,varies,True,,2025-10-07T00:00:00
R001467,Student_014,ASM004,Q0002,varies,True,,2025-10-07T00:00:00
R001468,Student_014,ASM004,Q0129,varies,True,,2025-10-07T00:00:00
R001469,Student_014,ASM004,Q0120,varies,True,,2025-10-07T00:00:00
R001470,Student_014,ASM004,Q0113,incorrect_conceptual,False,conceptual,2025-10-07T00:00:00
R001471,Student_014,ASM004,Q0103,varies,True,,2025-10-07T00:00:00
R001472,Student_014,ASM004,Q0181,incorrect_arithmetic,False,arithmetic,2025-10-07T00:00:00
R001473,Student_014,ASM004,Q0035,varies,True,,2025-10-07T00:00:00
R001474,Student_014,ASM004,Q0109,varies,True,,2025-10-07T00:00:00
R001475,Student_014,ASM004,Q0085,varies,True,,2025-10-07T00:00:00
R001476,Student_014,ASM004,Q0093,incorrect_conceptual,False,conceptual,2025-10-07T00:00:00
R001477,Student_014,ASM004,Q0121,incorrect_careless,False,careless,2025-10-07T00:00:00
R001478,Student_014,ASM004,Q0049,varies,True,,2025-10-07T00:00:00
R001479,Student_014,ASM004,Q0077,varies,True,,2025-10-07T00:00:00
R001480,Student_014,ASM004,Q0062,varies,True,,2025-10-07T00:00:00
R001481,Student_015,ASM004,Q0034,varies,True,,2025-10-07T00:00:00
R001482,Student_015,ASM004,Q0083,incorrect_conceptual,False,conceptual,2025-10-07T00:00:00
R001483,Student_015,ASM004,Q0167,varies,True,,2025-10-07T00:00:00
R001484,Student_015,ASM004,Q0142,incorrect_conceptual,False,conceptual,2025-10-07T00:00:00
R001485,Student_015,ASM004,Q0048,varies,True,,2025-10-07T00:00:00
R001486,Student_015,ASM004,Q0012,varies,True,,2025-10-07T00:00:00
R001487,Student_015,ASM004,Q0002,varies,True,,2025-10-07T00:00:00
R001488,Student_015,ASM004,Q0129,varies,True,,2025-10-07T00:00:00
R001489,Student_015,ASM004,Q0120,varies,True,,2025-10-07T00:00:00
R001490,Student_015,ASM004,Q0113,varies,True,,2025-10-07T00:00:00
R001491,Student_015,ASM004,Q0103,varies,True,,2025-10-07T00:00:00
R001492,Student_015,ASM004,Q0181,incorrect_arithmetic,False,arithmetic,2025-10-07T00:00:00
R001493,Student_015,ASM004,Q0035,varies,True,,2025-10-07T00:00:00
R001494,Student_015,ASM004,Q0109,varies,True,,2025-10-07T00:00:00
R001495,Student_015,ASM004,Q0085,varies,True,,2025-10-07T00:00:00
R001496,Student_015,ASM004,Q0093,varies,True,,2025-10-07T00:00:00
R001497,Student_015,ASM004,Q0121,varies,True,,2025-10-07T00:00:00
R001498,Student_015,ASM004,Q0049,varies,True,,2025-10-07T00:00:00
R001499,Student_015,ASM004,Q0077,varies,True,,2025-10-07T00:00:00
R001500,Student_015,ASM004,Q0062,varies,True,,2025-10-07T00:00:00
R001501,Student_016,ASM004,Q0034,varies,True,,2025-10-07T00:00:00
R001502,Student_016,ASM004,Q0083,varies,True,,2025-10-07T00:00:00
R001503,Student_016,ASM004,Q0167,incorrect_unit_conversion,False,unit_conversion,2025-10-07T00:00:00
R001504,Student_016,ASM004,Q0142,incorrect_arithmetic,False,arithmetic,2025-10-07T00:00:00
R001505,Student_016,ASM004,Q0048,varies,True,,2025-10-07T00:00:00
R001506,Student_016,ASM004,Q0012,varies,True,,2025-10-07T00:00:00
R001507,Student_016,ASM004,Q0002,varies,True,,2025-10-07T00:00:00
R001508,Student_016,ASM004,Q0129,incorrect_unit_conversion,False,unit_conversion,2025-10-07T00:00:00
R001509,Student_016,ASM004,Q0120,incorrect_arithmetic,False,arithmetic,2025-10-07T00:00:00
R001510,Student_016,ASM004,Q0113,varies,True,,2025-10-07T00:00:00
R001511,Student_016,ASM004,Q0103,incorrect_sign_error,False,sign_error,2025-10-07T00:00:00
R001512,Student_016,ASM004,Q0181,varies,True,,2025-10-07T00:00:00
R001513,Student_016,ASM004,Q0035,varies,True,,2025-10-07T00:00:00
R001514,Student_016,ASM004,Q0109,varies,True,,2025-10-07T00:00:00
R001515,Student_016,ASM004,Q0085,varies,True,,2025-10-07T00:00:00
R001516,Student_016,ASM004,Q0093,incorrect_conceptual,False,conceptual,2025-10-07T00:00:00
R001517,Student_016,ASM004,Q0121,incorrect_careless,False,careless,2025-10-07T00:00:00
R001518,Student_016,ASM004,Q0049,varies,True,,2025-10-07T00:00:00
R001519,Student_016,ASM004,Q0077,varies,True,,2025-10-07T00:00:00
R001520,Student_016,ASM004,Q0062,incorrect_arithmetic,False,arithmetic,2025-10-07T00:00:00
R001521,Student_017,ASM004,Q0034,varies,True,,2025-10-07T00:00:00
R001522,Student_017,ASM004,Q0083,varies,True,,2025-10-07T00:00:00
R001523,Student_017,ASM004,Q0167,varies,True,,2025-10-07T00:00:00
R001524,Student_017,ASM004,Q0142,varies,True,,2025-10-07T00:00:00
R001525,Student_017,ASM004,Q0048,varies,True,,2025-10-07T00:00:00
R001526,Student_017,ASM004,Q0012,varies,True,,2025-10-07T00:00:00
R001527,Student_017,ASM004,Q0002,varies,True,,2025-10-07T00:00:00
R001528,Student_017,ASM004,Q0129,varies,True,,2025-10-07T00:00:00
R001529,Student_017,ASM004,Q0120,varies,True,,2025-10-07T00:00:00
R001530,Student_017,ASM004,Q0113,varies,True,,2025-10-07T00:00:00
R001531,Student_017,ASM004,Q0103,varies,True,,2025-10-07T00:00:00
R001532,Student_017,ASM004,Q0181,varies,True,,2025-10-07T00:00:00
R001533,Student_017,ASM004,Q0035,varies,True,,2025-10-07T00:00:00
R001534,Student_017,ASM004,Q0109,varies,True,,2025-10-07T00:00:00
R001535,Student_017,ASM004,Q0085,varies,True,,2025-10-07T00:00:00
R001536,Student_017,ASM004,Q0093,varies,True,,2025-10-07T00:00:00
R001537,Student_017,ASM004,Q0121,varies,True,,2025-10-07T00:00:00
R001538,Student_017,ASM004,Q0049,varies,True,,2025-10-07T00:00:00
R001539,Student_017,ASM004,Q0077,incorrect_arithmetic,False,arithmetic,2025-10-07T00:00:00
R001540,Student_017,ASM004,Q0062,varies,True,,2025-10-07T00:00:00
R001541,Student_018,ASM004,Q0034,varies,True,,2025-10-07T00:00:00
R001542,Student_018,ASM004,Q0083,varies,True,,2025-10-07T00:00:00
R001543,Student_018,ASM004,Q0167,varies,True,,2025-10-07T00:00:00
R001544,Student_018,ASM004,Q0142,varies,True,,2025-10-07T00:00:00
R001545,Student_018,ASM004,Q0048,varies,True,,2025-10-07T00:00:00
R001546,Student_018,ASM004,Q0012,incorrect_simplification,False,simplification,2025-10-07T00:00:00
R001547,Student_018,ASM004,Q0002,varies,True,,2025-10-07T00:00:00
R001548,Student_018,ASM004,Q0129,varies,True,,2025-10-07T00:00:00
R001549,Student_018,ASM004,Q0120,varies,True,,2025-10-07T00:00:00
R001550,Student_018,ASM004,Q0113,varies,True,,2025-10-07T00:00:00
R001551,Student_018,ASM004,Q0103,varies,True,,2025-10-07T00:00:00
R001552,Student_018,ASM004,Q0181,varies,True,,2025-10-07T00:00:00
R001553,Student_018,ASM004,Q0035,incorrect_simplification,False,simplification,2025-10-07T00:00:00
R001554,Student_018,ASM004,Q0109,varies,True,,2025-10-07T00:00:00
R001555,Student_018,ASM004,Q0085,varies,True,,2025-10-07T00:00:00
R001556,Student_018,ASM004,Q0093,varies,True,,2025-10-07T00:00:00
R001557,Student_018,ASM004,Q0121,varies,True,,2025-10-07T00:00:00
R001558,Student_018,ASM004,Q0049,varies,True,,2025-10-07T00:00:00
R001559,Student_018,ASM004,Q0077,varies,True,,2025-10-07T00:00:00
R001560,Student_018,ASM004,Q0062,incorrect_decimal_placement,False,decimal_placement,2025-10-07T00:00:00
R001561,Student_019,ASM004,Q0034,varies,True,,2025-10-07T00:00:00
R001562,Student_019,ASM004,Q0083,incorrect_formula_selection,False,formula_selection,2025-10-07T00:00:00
R001563,Student_019,ASM004,Q0167,varies,True,,2025-10-07T00:00:00
R001564,Student_019,ASM004,Q0142,varies,True,,2025-10-07T00:00:00
R001565,Student_019,ASM004,Q0048,varies,True,,2025-10-07T00:00:00
R001566,Student_019,ASM004,Q0012,varies,True,,2025-10-07T00:00:00
R001567,Student_019,ASM004,Q0002,varies,True,,2025-10-07T00:00:00
R001568,Student_019,ASM004,Q0129,incorrect_area_perimeter_confusion,False,area_perimeter_confusion,2025-10-07T00:00:00
R001569,Student_019,ASM004,Q0120,varies,True,,2025-10-07T00:00:00
R001570,Student_019,ASM004,Q0113,varies,True,,2025-10-07T00:00:00
R001571,Student_019,ASM004,Q0103,varies,True,,2025-10-07T00:00:00
R001572,Student_019,ASM004,Q0181,varies,True,,2025-10-07T00:00:00
R001573,Student_019,ASM004,Q0035,varies,True,,2025-10-07T00:00:00
R001574,Student_019,ASM004,Q0109,varies,True,,2025-10-07T00:00:00
R001575,Student_019,ASM004,Q0085,varies,True,,2025-10-07T00:00:00
R001576,Student_019,ASM004,Q0093,incorrect_formula_selection,False,formula_selection,2025-10-07T00:00:00
R001577,Student_019,ASM004,Q0121,incorrect_arithmetic,False,arithmetic,2025-10-07T00:00:00
R001578,Student_019,ASM004,Q0049,varies,True,,2025-10-07T00:00:00
R001579,Student_019,ASM004,Q0077,varies,True,,2025-10-07T00:00:00
R001580,Student_019,ASM004,Q0062,varies,True,,2025-10-07T00:00:00
R001581,Student_020,ASM004,Q0034,incorrect_arithmetic,False,arithmetic,2025-10-07T00:00:00
R001582,Student_020,ASM004,Q0083,varies,True,,2025-10-07T00:00:00
R001583,Student_020,ASM004,Q0167,varies,True,,2025-10-07T00:00:00
R001584,Student_020,ASM004,Q0142,varies,True,,2025-10-07T00:00:00
R001585,Student_020,ASM004,Q0048,varies,True,,2025-10-07T00:00:00
R001586,Student_020,ASM004,Q0012,varies,True,,2025-10-07T00:00:00
R001587,Student_020,ASM004,Q0002,varies,True,,2025-10-07T00:00:00
R001588,Student_020,ASM004,Q0129,varies,True,,2025-10-07T00:00:00
R001589,Student_020,ASM004,Q0120,incorrect_careless,False,careless,2025-10-07T00:00:00
R001590,Student_020,ASM004,Q0113,varies,True,,2025-10-07T00:00:00
R001591,Student_020,ASM004,Q0103,incorrect_conceptual,False,conceptual,2025-10-07T00:00:00
R001592,Student_020,ASM004,Q0181,varies,True,,2025-10-07T00:00:00
R001593,Student_020,ASM004,Q0035,varies,True,,2025-10-07T00:00:00
R001594,Student_020,ASM004,Q0109,varies,True,,2025-10-07T00:00:00
R001595,Student_020,ASM004,Q0085,varies,True,,2025-10-07T00:00:00
R001596,Student_020,ASM004,Q0093,varies,True,,2025-10-07T00:00:00
R001597,Student_020,ASM004,Q0121,incorrect_arithmetic,False,arithmetic,2025-10-07T00:00:00
R001598,Student_020,ASM004,Q0049,incorrect_conceptual,False,conceptual,2025-10-07T00:00:00
R001599,Student_020,ASM004,Q0077,varies,True,,2025-10-07T00:00:00
R001600,Student_020,ASM004,Q0062,varies,True,,2025-10-07T00:00:00
R001601,Student_001,ASM005,Q0026,varies,True,,2025-10-28T00:00:00
R001602,Student_001,ASM005,Q0007,varies,True,,2025-10-28T00:00:00
R001603,Student_001,ASM005,Q0094,varies,True,,2025-10-28T00:00:00
R001604,Student_001,ASM005,Q0121,varies,True,,2025-10-28T00:00:00
R001605,Student_001,ASM005,Q0174,incorrect_conceptual,False,conceptual,2025-10-28T00:00:00
R001606,Student_001,ASM005,Q0172,varies,True,,2025-10-28T00:00:00
R001607,Student_001,ASM005,Q0120,varies,True,,2025-10-28T00:00:00
R001608,Student_001,ASM005,Q0090,incorrect_formula_selection,False,formula_selection,2025-10-28T00:00:00
R001609,Student_001,ASM005,Q0180,varies,True,,2025-10-28T00:00:00
R001610,Student_001,ASM005,Q0004,varies,True,,2025-10-28T00:00:00
R001611,Student_001,ASM005,Q0055,varies,True,,2025-10-28T00:00:00
R001612,Student_001,ASM005,Q0116,varies,True,,2025-10-28T00:00:00
R001613,Student_001,ASM005,Q0029,varies,True,,2025-10-28T00:00:00
R001614,Student_001,ASM005,Q0040,incorrect_denominator_handling,False,denominator_handling,2025-10-28T00:00:00
R001615,Student_001,ASM005,Q0178,varies,True,,2025-10-28T00:00:00
R001616,Student_001,ASM005,Q0056,varies,True,,2025-10-28T00:00:00
R001617,Student_001,ASM005,Q0112,varies,True,,2025-10-28T00:00:00
R001618,Student_001,ASM005,Q0027,varies,True,,2025-10-28T00:00:00
R001619,Student_001,ASM005,Q0022,varies,True,,2025-10-28T00:00:00
R001620,Student_001,ASM005,Q0018,varies,True,,2025-10-28T00:00:00
R001621,Student_002,ASM005,Q0026,varies,True,,2025-10-28T00:00:00
R001622,Student_002,ASM005,Q0007,varies,True,,2025-10-28T00:00:00
R001623,Student_002,ASM005,Q0094,varies,True,,2025-10-28T00:00:00
R001624,Student_002,ASM005,Q0121,incorrect_careless,False,careless,2025-10-28T00:00:00
R001625,Student_002,ASM005,Q0174,incorrect_careless,False,careless,2025-10-28T00:00:00
R001626,Student_002,ASM005,Q0172,varies,True,,2025-10-28T00:00:00
R001627,Student_002,ASM005,Q0120,incorrect_careless,False,careless,2025-10-28T00:00:00
R001628,Student_002,ASM005,Q0090,varies,True,,2025-10-28T00:00:00
R001629,Student_002,ASM005,Q0180,varies,True,,2025-10-28T00:00:00
R001630,Student_002,ASM005,Q0004,varies,True,,2025-10-28T00:00:00
R001631,Student_002,ASM005,Q0055,incorrect_arithmetic,False,arithmetic,2025-10-28T00:00:00
R001632,Student_002,ASM005,Q0116,varies,True,,2025-10-28T00:00:00
R001633,Student_002,ASM005,Q0029,varies,True,,2025-10-28T00:00:00
R001634,Student_002,ASM005,Q0040,varies,True,,2025-10-28T00:00:00
R001635,Student_002,ASM005,Q0178,incorrect_conceptual,False,conceptual,2025-10-28T00:00:00
R001636,Student_002,ASM005,Q0056,varies,True,,2025-10-28T00:00:00
R001637,Student_002,ASM005,Q0112,varies,True,,2025-10-28T00:00:00
R001638,Student_002,ASM005,Q0027,varies,True,,2025-10-28T00:00:00
R001639,Student_002,ASM005,Q0022,varies,True,,2025-10-28T00:00:00
R001640,Student_002,ASM005,Q0018,varies,True,,2025-10-28T00:00:00
R001641,Student_003,ASM005,Q0026,varies,True,,2025-10-28T00:00:00
R001642,Student_003,ASM005,Q0007,varies,True,,2025-10-28T00:00:00
R001643,Student_003,ASM005,Q0094,varies,True,,2025-10-28T00:00:00
R001644,Student_003,ASM005,Q0121,varies,True,,2025-10-28T00:00:00
R001645,Student_003,ASM005,Q0174,varies,True,,2025-10-28T00:00:00
R001646,Student_003,ASM005,Q0172,varies,True,,2025-10-28T00:00:00
R001647,Student_003,ASM005,Q0120,varies,True,,2025-10-28T00:00:00
R001648,Student_003,ASM005,Q0090,varies,True,,2025-10-28T00:00:00
R001649,Student_003,ASM005,Q0180,varies,True,,2025-10-28T00:00:00
R001650,Student_003,ASM005,Q0004,varies,True,,2025-10-28T00:00:00
R001651,Student_003,ASM005,Q0055,varies,True,,2025-10-28T00:00:00
R001652,Student_003,ASM005,Q0116,varies,True,,2025-10-28T00:00:00
R001653,Student_003,ASM005,Q0029,varies,True,,2025-10-28T00:00:00
R001654,Student_003,ASM005,Q0040,varies,True,,2025-10-28T00:00:00
R001655,Student_003,ASM005,Q0178,varies,True,,2025-10-28T00:00:00
R001656,Student_003,ASM005,Q0056,varies,True,,2025-10-28T00:00:00
R001657,Student_003,ASM005,Q0112,incorrect_arithmetic,False,arithmetic,2025-10-28T00:00:00
R001658,Student_003,ASM005,Q0027,varies,True,,2025-10-28T00:00:00
R001659,Student_003,ASM005,Q0022,incorrect_arithmetic,False,arithmetic,2025-10-28T00:00:00
R001660,Student_003,ASM005,Q0018,varies,True,,2025-10-28T00:00:00
R001661,Student_004,ASM005,Q0026,incorrect_careless,False,careless,2025-10-28T00:00:00
R001662,Student_004,ASM005,Q0007,varies,True,,2025-10-28T00:00:00
R001663,Student_004,ASM005,Q0094,varies,True,,2025-10-28T00:00:00
R001664,Student_004,ASM005,Q0121,varies,True,,2025-10-28T00:00:00
R001665,Student_004,ASM005,Q0174,varies,True,,2025-10-28T00:00:00
R001666,Student_004,ASM005,Q0172,varies,True,,2025-10-28T00:00:00
R001667,Student_004,ASM005,Q0120,varies,True,,2025-10-28T00:00:00
R001668,Student_004,ASM005,Q0090,incorrect_formula_selection,False,formula_selection,2025-10-28T00:00:00
R001669,Student_004,ASM005,Q0180,varies,True,,2025-10-28T00:00:00
R001670,Student_004,ASM005,Q0004,varies,True,,2025-10-28T00:00:00
R001671,Student_004,ASM005,Q0055,incorrect_arithmetic,False,arithmetic,2025-10-28T00:00:00
R001672,Student_004,ASM005,Q0116,incorrect_conceptual,False,conceptual,2025-10-28T00:00:00
R001673,Student_004,ASM005,Q0029,incorrect_denominator_handling,False,denominator_handling,2025-10-28T00:00:00
R001674,Student_004,ASM005,Q0040,varies,True,,2025-10-28T00:00:00
R001675,Student_004,ASM005,Q0178,varies,True,,2025-10-28T00:00:00
R001676,Student_004,ASM005,Q0056,incorrect_careless,False,careless,2025-10-28T00:00:00
R001677,Student_004,ASM005,Q0112,varies,True,,2025-10-28T00:00:00
R001678,Student_004,ASM005,Q0027,varies,True,,2025-10-28T00:00:00
R001679,Student_004,ASM005,Q0022,incorrect_arithmetic,False,arithmetic,2025-10-28T00:00:00
R001680,Student_004,ASM005,Q0018,varies,True,,2025-10-28T00:00:00
R001681,Student_005,ASM005,Q0026,varies,True,,2025-10-28T00:00:00
R001682,Student_005,ASM005,Q0007,incorrect_denominator_handling,False,denominator_handling,2025-10-28T00:00:00
R001683,Student_005,ASM005,Q0094,varies,True,,2025-10-28T00:00:00
R001684,Student_005,ASM005,Q0121,varies,True,,2025-10-28T00:00:00
R001685,Student_005,ASM005,Q0174,varies,True,,2025-10-28T00:00:00
R001686,Student_005,ASM005,Q0172,varies,True,,2025-10-28T00:00:00
R001687,Student_005,ASM005,Q0120,varies,True,,2025-10-28T00:00:00
R001688,Student_005,ASM005,Q0090,varies,True,,2025-10-28T00:00:00
R001689,Student_005,ASM005,Q0180,varies,True,,2025-10-28T00:00:00
R001690,Student_005,ASM005,Q0004,varies,True,,2025-10-28T00:00:00
R001691,Student_005,ASM005,Q0055,varies,True,,2025-10-28T00:00:00
R001692,Student_005,ASM005,Q0116,varies,True,,2025-10-28T00:00:00
R001693,Student_005,ASM005,Q0029,varies,True,,2025-10-28T00:00:00
R001694,Student_005,ASM005,Q0040,varies,True,,2025-10-28T00:00:00
R001695,Student_005,ASM005,Q0178,varies,True,,2025-10-28T00:00:00
R001696,Student_005,ASM005,Q0056,varies,True,,2025-10-28T00:00:00
R001697,Student_005,ASM005,Q0112,varies,True,,2025-10-28T00:00:00
R001698,Student_005,ASM005,Q0027,varies,True,,2025-10-28T00:00:00
R001699,Student_005,ASM005,Q0022,varies,True,,2025-10-28T00:00:00
R001700,Student_005,ASM005,Q0018,varies,True,,2025-10-28T00:00:00
R001701,Student_006,ASM005,Q0026,varies,True,,2025-10-28T00:00:00
R001702,Student_006,ASM005,Q0007,incorrect_simplification,False,simplification,2025-10-28T00:00:00
R001703,Student_006,ASM005,Q0094,varies,True,,2025-10-28T00:00:00
R001704,Student_006,ASM005,Q0121,varies,True,,2025-10-28T00:00:00
R001705,Student_006,ASM005,Q0174,varies,True,,2025-10-28T00:00:00
R001706,Student_006,ASM005,Q0172,varies,True,,2025-10-28T00:00:00
R001707,Student_006,ASM005,Q0120,varies,True,,2025-10-28T00:00:00
R001708,Student_006,ASM005,Q0090,varies,True,,2025-10-28T00:00:00
R001709,Student_006,ASM005,Q0180,varies,True,,2025-10-28T00:00:00
R001710,Student_006,ASM005,Q0004,varies,True,,2025-10-28T00:00:00
R001711,Student_006,ASM005,Q0055,incorrect_decimal_placement,False,decimal_placement,2025-10-28T00:00:00
R001712,Student_006,ASM005,Q0116,varies,True,,2025-10-28T00:00:00
R001713,Student_006,ASM005,Q0029,varies,True,,2025-10-28T00:00:00
R001714,Student_006,ASM005,Q0040,incorrect_careless,False,careless,2025-10-28T00:00:00
R001715,Student_006,ASM005,Q0178,varies,True,,2025-10-28T00:00:00
R001716,Student_006,ASM005,Q0056,varies,True,,2025-10-28T00:00:00
R001717,Student_006,ASM005,Q0112,varies,True,,2025-10-28T00:00:00
R001718,Student_006,ASM005,Q0027,incorrect_arithmetic,False,arithmetic,2025-10-28T00:00:00
R001719,Student_006,ASM005,Q0022,incorrect_denominator_handling,False,denominator_handling,2025-10-28T00:00:00
R001720,Student_006,ASM005,Q0018,varies,True,,2025-10-28T00:00:00
R001721,Student_007,ASM005,Q0026,varies,True,,2025-10-28T00:00:00
R001722,Student_007,ASM005,Q0007,varies,True,,2025-10-28T00:00:00
R001723,Student_007,ASM005,Q0094,incorrect_sign_error,False,sign_error,2025-10-28T00:00:00
R001724,Student_007,ASM005,Q0121,varies,True,,2025-10-28T00:00:00
R001725,Student_007,ASM005,Q0174,varies,True,,2025-10-28T00:00:00
R001726,Student_007,ASM005,Q0172,varies,True,,2025-10-28T00:00:00
R001727,Student_007,ASM005,Q0120,incorrect_arithmetic,False,arithmetic,2025-10-28T00:00:00
R001728,Student_007,ASM005,Q0090,incorrect_arithmetic,False,arithmetic,2025-10-28T00:00:00
R001729,Student_007,ASM005,Q0180,varies,True,,2025-10-28T00:00:00
R001730,Student_007,ASM005,Q0004,varies,True,,2025-10-28T00:00:00
R001731,Student_007,ASM005,Q0055,varies,True,,2025-10-28T00:00:00
R001732,Student_007,ASM005,Q0116,varies,True,,2025-10-28T00:00:00
R001733,Student_007,ASM005,Q0029,varies,True,,2025-10-28T00:00:00
R001734,Student_007,ASM005,Q0040,varies,True,,2025-10-28T00:00:00
R001735,Student_007,ASM005,Q0178,varies,True,,2025-10-28T00:00:00
R001736,Student_007,ASM005,Q0056,varies,True,,2025-10-28T00:00:00
R001737,Student_007,ASM005,Q0112,varies,True,,2025-10-28T00:00:00
R001738,Student_007,ASM005,Q0027,varies,True,,2025-10-28T00:00:00
R001739,Student_007,ASM005,Q0022,varies,True,,2025-10-28T00:00:00
R001740,Student_007,ASM005,Q0018,varies,True,,2025-10-28T00:00:00
R001741,Student_008,ASM005,Q0026,varies,True,,2025-10-28T00:00:00
R001742,Student_008,ASM005,Q0007,incorrect_denominator_handling,False,denominator_handling,2025-10-28T00:00:00
R001743,Student_008,ASM005,Q0094,incorrect_sign_error,False,sign_error,2025-10-28T00:00:00
R001744,Student_008,ASM005,Q0121,varies,True,,2025-10-28T00:00:00
R001745,Student_008,ASM005,Q0174,varies,True,,2025-10-28T00:00:00
R001746,Student_008,ASM005,Q0172,varies,True,,2025-10-28T00:00:00
R001747,Student_008,ASM005,Q0120,varies,True,,2025-10-28T00:00:00
R001748,Student_008,ASM005,Q0090,varies,True,,2025-10-28T00:00:00
R001749,Student_008,ASM005,Q0180,varies,True,,2025-10-28T00:00:00
R001750,Student_008,ASM005,Q0004,varies,True,,2025-10-28T00:00:00
R001751,Student_008,ASM005,Q0055,varies,True,,2025-10-28T00:00:00
R001752,Student_008,ASM005,Q0116,varies,True,,2025-10-28T00:00:00
R001753,Student_008,ASM005,Q0029,incorrect_arithmetic,False,arithmetic,2025-10-28T00:00:00
R001754,Student_008,ASM005,Q0040,varies,True,,2025-10-28T00:00:00
R001755,Student_008,ASM005,Q0178,varies,True,,2025-10-28T00:00:00
R001756,Student_008,ASM005,Q0056,incorrect_decimal_placement,False,decimal_placement,2025-10-28T00:00:00
R001757,Student_008,ASM005,Q0112,varies,True,,2025-10-28T00:00:00
R001758,Student_008,ASM005,Q0027,incorrect_careless,False,careless,2025-10-28T00:00:00
R001759,Student_008,ASM005,Q0022,varies,True,,2025-10-28T00:00:00
R001760,Student_008,ASM005,Q0018,varies,True,,2025-10-28T00:00:00
R001761,Student_009,ASM005,Q0026,varies,True,,2025-10-28T00:00:00
R001762,Student_009,ASM005,Q0007,varies,True,,2025-10-28T00:00:00
R001763,Student_009,ASM005,Q0094,varies,True,,2025-10-28T00:00:00
R001764,Student_009,ASM005,Q0121,varies,True,,2025-10-28T00:00:00
R001765,Student_009,ASM005,Q0174,incorrect_careless,False,careless,2025-10-28T00:00:00
R001766,Student_009,ASM005,Q0172,varies,True,,2025-10-28T00:00:00
R001767,Student_009,ASM005,Q0120,varies,True,,2025-10-28T00:00:00
R001768,Student_009,ASM005,Q0090,varies,True,,2025-10-28T00:00:00
R001769,Student_009,ASM005,Q0180,varies,True,,2025-10-28T00:00:00
R001770,Student_009,ASM005,Q0004,varies,True,,2025-10-28T00:00:00
R001771,Student_009,ASM005,Q0055,varies,True,,2025-10-28T00:00:00
R001772,Student_009,ASM005,Q0116,varies,True,,2025-10-28T00:00:00
R001773,Student_009,ASM005,Q0029,varies,True,,2025-10-28T00:00:00
R001774,Student_009,ASM005,Q0040,varies,True,,2025-10-28T00:00:00
R001775,Student_009,ASM005,Q0178,varies,True,,2025-10-28T00:00:00
R001776,Student_009,ASM005,Q0056,varies,True,,2025-10-28T00:00:00
R001777,Student_009,ASM005,Q0112,varies,True,,2025-10-28T00:00:00
R001778,Student_009,ASM005,Q0027,varies,True,,2025-10-28T00:00:00
R001779,Student_009,ASM005,Q0022,varies,True,,2025-10-28T00:00:00
R001780,Student_009,ASM005,Q0018,varies,True,,2025-10-28T00:00:00
R001781,Student_010,ASM005,Q0026,incorrect_careless,False,careless,2025-10-28T00:00:00
R001782,Student_010,ASM005,Q0007,incorrect_denominator_handling,False,denominator_handling,2025-10-28T00:00:00
R001783,Student_010,ASM005,Q0094,incorrect_arithmetic,False,arithmetic,2025-10-28T00:00:00
R001784,Student_010,ASM005,Q0121,varies,True,,2025-10-28T00:00:00
R001785,Student_010,ASM005,Q0174,incorrect_conceptual,False,conceptual,2025-10-28T00:00:00
R001786,Student_010,ASM005,Q0172,varies,True,,2025-10-28T00:00:00
R001787,Student_010,ASM005,Q0120,varies,True,,2025-10-28T00:00:00
R001788,Student_010,ASM005,Q0090,varies,True,,2025-10-28T00:00:00
R001789,Student_010,ASM005,Q0180,varies,True,,2025-10-28T00:00:00
R001790,Student_010,ASM005,Q0004,incorrect_arithmetic,False,arithmetic,2025-10-28T00:00:00
R001791,Student_010,ASM005,Q0055,varies,True,,2025-10-28T00:00:00
R001792,Student_010,ASM005,Q0116,incorrect_arithmetic,False,arithmetic,2025-10-28T00:00:00
R001793,Student_010,ASM005,Q0029,varies,True,,2025-10-28T00:00:00
R001794,Student_010,ASM005,Q0040,varies,True,,2025-10-28T00:00:00
R001795,Student_010,ASM005,Q0178,incorrect_careless,False,careless,2025-10-28T00:00:00
R001796,Student_010,ASM005,Q0056,varies,True,,2025-10-28T00:00:00
R001797,Student_010,ASM005,Q0112,incorrect_conceptual,False,conceptual,2025-10-28T00:00:00
R001798,Student_010,ASM005,Q0027,incorrect_arithmetic,False,arithmetic,2025-10-28T00:00:00
R001799,Student_010,ASM005,Q0022,incorrect_arithmetic,False,arithmetic,2025-10-28T00:00:00
R001800,Student_010,ASM005,Q0018,incorrect_simplification,False,simplification,2025-10-28T00:00:00
R001801,Student_011,ASM005,Q0026,varies,True,,2025-10-28T00:00:00
R001802,Student_011,ASM005,Q0007,incorrect_arithmetic,False,arithmetic,2025-10-28T00:00:00
R001803,Student_011,ASM005,Q0094,varies,True,,2025-10-28T00:00:00
R001804,Student_011,ASM005,Q0121,varies,True,,2025-10-28T00:00:00
R001805,Student_011,ASM005,Q0174,varies,True,,2025-10-28T00:00:00
R001806,Student_011,ASM005,Q0172,varies,True,,2025-10-28T00:00:00
R001807,Student_011,ASM005,Q0120,varies,True,,2025-10-28T00:00:00
R001808,Student_011,ASM005,Q0090,varies,True,,2025-10-28T00:00:00
R001809,Student_011,ASM005,Q0180,varies,True,,2025-10-28T00:00:00
R001810,Student_011,ASM005,Q0004,varies,True,,2025-10-28T00:00:00
R001811,Student_011,ASM005,Q0055,incorrect_arithmetic,False,arithmetic,2025-10-28T00:00:00
R001812,Student_011,ASM005,Q0116,varies,True,,2025-10-28T00:00:00
R001813,Student_011,ASM005,Q0029,varies,True,,2025-10-28T00:00:00
R001814,Student_011,ASM005,Q0040,varies,True,,2025-10-28T00:00:00
R001815,Student_011,ASM005,Q0178,varies,True,,2025-10-28T00:00:00
R001816,Student_011,ASM005,Q0056,varies,True,,2025-10-28T00:00:00
R001817,Student_011,ASM005,Q0112,varies,True,,2025-10-28T00:00:00
R001818,Student_011,ASM005,Q0027,varies,True,,2025-10-28T00:00:00
R001819,Student_011,ASM005,Q0022,varies,True,,2025-10-28T00:00:00
R001820,Student_011,ASM005,Q0018,varies,True,,2025-10-28T00:00:00
R001821,Student_012,ASM005,Q0026,varies,True,,2025-10-28T00:00:00
R001822,Student_012,ASM005,Q0007,varies,True,,2025-10-28T00:00:00
R001823,Student_012,ASM005,Q0094,varies,True,,2025-10-28T00:00:00
R001824,Student_012,ASM005,Q0121,varies,True,,2025-10-28T00:00:00
R001825,Student_012,ASM005,Q0174,varies,True,,2025-10-28T00:00:00
R001826,Student_012,ASM005,Q0172,varies,True,,2025-10-28T00:00:00
R001827,Student_012,ASM005,Q0120,varies,True,,2025-10-28T00:00:00
R001828,Student_012,ASM005,Q0090,varies,True,,2025-10-28T00:00:00
R001829,Student_012,ASM005,Q0180,varies,True,,2025-10-28T00:00:00
R001830,Student_012,ASM005,Q0004,varies,True,,2025-10-28T00:00:00
R001831,Student_012,ASM005,Q0055,varies,True,,2025-10-28T00:00:00
R001832,Student_012,ASM005,Q0116,varies,True,,2025-10-28T00:00:00
R001833,Student_012,ASM005,Q0029,varies,True,,2025-10-28T00:00:00
R001834,Student_012,ASM005,Q0040,varies,True,,2025-10-28T00:00:00
R001835,Student_012,ASM005,Q0178,varies,True,,2025-10-28T00:00:00
R001836,Student_012,ASM005,Q0056,varies,True,,2025-10-28T00:00:00
R001837,Student_012,ASM005,Q0112,varies,True,,2025-10-28T00:00:00
R001838,Student_012,ASM005,Q0027,incorrect_simplification,False,simplification,2025-10-28T00:00:00
R001839,Student_012,ASM005,Q0022,varies,True,,2025-10-28T00:00:00
R001840,Student_012,ASM005,Q0018,varies,True,,2025-10-28T00:00:00
R001841,Student_013,ASM005,Q0026,varies,True,,2025-10-28T00:00:00
R001842,Student_013,ASM005,Q0007,varies,True,,2025-10-28T00:00:00
R001843,Student_013,ASM005,Q0094,varies,True,,2025-10-28T00:00:00
R001844,Student_013,ASM005,Q0121,varies,True,,2025-10-28T00:00:00
R001845,Student_013,ASM005,Q0174,varies,True,,2025-10-28T00:00:00
R001846,Student_013,ASM005,Q0172,varies,True,,2025-10-28T00:00:00
R001847,Student_013,ASM005,Q0120,varies,True,,2025-10-28T00:00:00
R001848,Student_013,ASM005,Q0090,incorrect_formula_selection,False,formula_selection,2025-10-28T00:00:00
R001849,Student_013,ASM005,Q0180,incorrect_conceptual,False,conceptual,2025-10-28T00:00:00
R001850,Student_013,ASM005,Q0004,varies,True,,2025-10-28T00:00:00
R001851,Student_013,ASM005,Q0055,varies,True,,2025-10-28T00:00:00
R001852,Student_013,ASM005,Q0116,varies,True,,2025-10-28T00:00:00
R001853,Student_013,ASM005,Q0029,varies,True,,2025-10-28T00:00:00
R001854,Student_013,ASM005,Q0040,varies,True,,2025-10-28T00:00:00
R001855,Student_013,ASM005,Q0178,varies,True,,2025-10-28T00:00:00
R001856,Student_013,ASM005,Q0056,varies,True,,2025-10-28T00:00:00
R001857,Student_013,ASM005,Q0112,varies,True,,2025-10-28T00:00:00
R001858,Student_013,ASM005,Q0027,varies,True,,2025-10-28T00:00:00
R001859,Student_013,ASM005,Q0022,incorrect_denominator_handling,False,denominator_handling,2025-10-28T00:00:00
R001860,Student_013,ASM005,Q0018,varies,True,,2025-10-28T00:00:00
R001861,Student_014,ASM005,Q0026,incorrect_denominator_handling,False,denominator_handling,2025-10-28T00:00:00
R001862,Student_014,ASM005,Q0007,incorrect_arithmetic,False,arithmetic,2025-10-28T00:00:00
R001863,Student_014,ASM005,Q0094,varies,True,,2025-10-28T00:00:00
R001864,Student_014,ASM005,Q0121,varies,True,,2025-10-28T00:00:00
R001865,Student_014,ASM005,Q0174,varies,True,,2025-10-28T00:00:00
R001866,Student_014,ASM005,Q0172,varies,True,,2025-10-28T00:00:00
R001867,Student_014,ASM005,Q0120,varies,True,,2025-10-28T00:00:00
R001868,Student_014,ASM005,Q0090,incorrect_formula_selection,False,formula_selection,2025-10-28T00:00:00
R001869,Student_014,ASM005,Q0180,incorrect_conceptual,False,conceptual,2025-10-28T00:00:00
R001870,Student_014,ASM005,Q0004,varies,True,,2025-10-28T00:00:00
R001871,Student_014,ASM005,Q0055,varies,True,,2025-10-28T00:00:00
R001872,Student_014,ASM005,Q0116,varies,True,,2025-10-28T00:00:00
R001873,Student_014,ASM005,Q0029,varies,True,,2025-10-28T00:00:00
R001874,Student_014,ASM005,Q0040,varies,True,,2025-10-28T00:00:00
R001875,Student_014,ASM005,Q0178,incorrect_conceptual,False,conceptual,2025-10-28T00:00:00
R001876,Student_014,ASM005,Q0056,varies,True,,2025-10-28T00:00:00
R001877,Student_014,ASM005,Q0112,varies,True,,2025-10-28T00:00:00
R001878,Student_014,ASM005,Q0027,varies,True,,2025-10-28T00:00:00
R001879,Student_014,ASM005,Q0022,varies,True,,2025-10-28T00:00:00
R001880,Student_014,ASM005,Q0018,varies,True,,2025-10-28T00:00:00
R001881,Student_015,ASM005,Q0026,varies,True,,2025-10-28T00:00:00
R001882,Student_015,ASM005,Q0007,varies,True,,2025-10-28T00:00:00
R001883,Student_015,ASM005,Q0094,varies,True,,2025-10-28T00:00:00
R001884,Student_015,ASM005,Q0121,varies,True,,2025-10-28T00:00:00
R001885,Student_015,ASM005,Q0174,varies,True,,2025-10-28T00:00:00
R001886,Student_015,ASM005,Q0172,incorrect_arithmetic,False,arithmetic,2025-10-28T00:00:00
R001887,Student_015,ASM005,Q0120,incorrect_conceptual,False,conceptual,2025-10-28T00:00:00
R001888,Student_015,ASM005,Q0090,incorrect_formula_selection,False,formula_selection,2025-10-28T00:00:00
R001889,Student_015,ASM005,Q0180,varies,True,,2025-10-28T00:00:00
R001890,Student_015,ASM005,Q0004,incorrect_denominator_handling,False,denominator_handling,2025-10-28T00:00:00
R001891,Student_015,ASM005,Q0055,varies,True,,2025-10-28T00:00:00
R001892,Student_015,ASM005,Q0116,varies,True,,2025-10-28T00:00:00
R001893,Student_015,ASM005,Q0029,varies,True,,2025-10-28T00:00:00
R001894,Student_015,ASM005,Q0040,varies,True,,2025-10-28T00:00:00
R001895,Student_015,ASM005,Q0178,varies,True,,2025-10-28T00:00:00
R001896,Student_015,ASM005,Q0056,incorrect_decimal_placement,False,decimal_placement,2025-10-28T00:00:00
R001897,Student_015,ASM005,Q0112,varies,True,,2025-10-28T00:00:00
R001898,Student_015,ASM005,Q0027,varies,True,,2025-10-28T00:00:00
R001899,Student_015,ASM005,Q0022,varies,True,,2025-10-28T00:00:00
R001900,Student_015,ASM005,Q0018,varies,True,,2025-10-28T00:00:00
R001901,Student_016,ASM005,Q0026,incorrect_arithmetic,False,arithmetic,2025-10-28T00:00:00
R001902,Student_016,ASM005,Q0007,incorrect_simplification,False,simplification,2025-10-28T00:00:00
R001903,Student_016,ASM005,Q0094,varies,True,,2025-10-28T00:00:00
R001904,Student_016,ASM005,Q0121,varies,True,,2025-10-28T00:00:00
R001905,Student_016,ASM005,Q0174,varies,True,,2025-10-28T00:00:00
R001906,Student_016,ASM005,Q0172,varies,True,,2025-10-28T00:00:00
R001907,Student_016,ASM005,Q0120,incorrect_arithmetic,False,arithmetic,2025-10-28T00:00:00
R001908,Student_016,ASM005,Q0090,incorrect_formula_selection,False,formula_selection,2025-10-28T00:00:00
R001909,Student_016,ASM005,Q0180,incorrect_conceptual,False,conceptual,2025-10-28T00:00:00
R001910,Student_016,ASM005,Q0004,varies,True,,2025-10-28T00:00:00
R001911,Student_016,ASM005,Q0055,varies,True,,2025-10-28T00:00:00
R001912,Student_016,ASM005,Q0116,incorrect_careless,False,careless,2025-10-28T00:00:00
R001913,Student_016,ASM005,Q0029,incorrect_denominator_handling,False,denominator_handling,2025-10-28T00:00:00
R001914,Student_016,ASM005,Q0040,varies,True,,2025-10-28T00:00:00
R001915,Student_016,ASM005,Q0178,varies,True,,2025-10-28T00:00:00
R001916,Student_016,ASM005,Q0056,varies,True,,2025-10-28T00:00:00
R001917,Student_016,ASM005,Q0112,varies,True,,2025-10-28T00:00:00
R001918,Student_016,ASM005,Q0027,varies,True,,2025-10-28T00:00:00
R001919,Student_016,ASM005,Q0022,varies,True,,2025-10-28T00:00:00
R001920,Student_016,ASM005,Q0018,incorrect_denominator_handling,False,denominator_handling,2025-10-28T00:00:00
R001921,Student_017,ASM005,Q0026,varies,True,,2025-10-28T00:00:00
R001922,Student_017,ASM005,Q0007,varies,True,,2025-10-28T00:00:00
R001923,Student_017,ASM005,Q0094,varies,True,,2025-10-28T00:00:00
R001924,Student_017,ASM005,Q0121,varies,True,,2025-10-28T00:00:00
R001925,Student_017,ASM005,Q0174,varies,True,,2025-10-28T00:00:00
R001926,Student_017,ASM005,Q0172,varies,True,,2025-10-28T00:00:00
R001927,Student_017,ASM005,Q0120,varies,True,,2025-10-28T00:00:00
R001928,Student_017,ASM005,Q0090,varies,True,,2025-10-28T00:00:00
R001929,Student_017,ASM005,Q0180,varies,True,,2025-10-28T00:00:00
R001930,Student_017,ASM005,Q0004,varies,True,,2025-10-28T00:00:00
R001931,Student_017,ASM005,Q0055,varies,True,,2025-10-28T00:00:00
R001932,Student_017,ASM005,Q0116,varies,True,,2025-10-28T00:00:00
R001933,Student_017,ASM005,Q0029,varies,True,,2025-10-28T00:00:00
R001934,Student_017,ASM005,Q0040,varies,True,,2025-10-28T00:00:00
R001935,Student_017,ASM005,Q0178,varies,True,,2025-10-28T00:00:00
R001936,Student_017,ASM005,Q0056,varies,True,,2025-10-28T00:00:00
R001937,Student_017,ASM005,Q0112,varies,True,,2025-10-28T00:00:00
R001938,Student_017,ASM005,Q0027,varies,True,,2025-10-28T00:00:00
R001939,Student_017,ASM005,Q0022,varies,True,,2025-10-28T00:00:00
R001940,Student_017,ASM005,Q0018,varies,True,,2025-10-28T00:00:00
R001941,Student_018,ASM005,Q0026,incorrect_denominator_handling,False,denominator_handling,2025-10-28T00:00:00
R001942,Student_018,ASM005,Q0007,incorrect_denominator_handling,False,denominator_handling,2025-10-28T00:00:00
R001943,Student_018,ASM005,Q0094,varies,True,,2025-10-28T00:00:00
R001944,Student_018,ASM005,Q0121,incorrect_careless,False,careless,2025-10-28T00:00:00
R001945,Student_018,ASM005,Q0174,varies,True,,2025-10-28T00:00:00
R001946,Student_018,ASM005,Q0172,varies,True,,2025-10-28T00:00:00
R001947,Student_018,ASM005,Q0120,varies,True,,2025-10-28T00:00:00
R001948,Student_018,ASM005,Q0090,varies,True,,2025-10-28T00:00:00
R001949,Student_018,ASM005,Q0180,varies,True,,2025-10-28T00:00:00
R001950,Student_018,ASM005,Q0004,varies,True,,2025-10-28T00:00:00
R001951,Student_018,ASM005,Q0055,varies,True,,2025-10-28T00:00:00
R001952,Student_018,ASM005,Q0116,varies,True,,2025-10-28T00:00:00
R001953,Student_018,ASM005,Q0029,incorrect_simplification,False,simplification,2025-10-28T00:00:00
R001954,Student_018,ASM005,Q0040,varies,True,,2025-10-28T00:00:00
R001955,Student_018,ASM005,Q0178,varies,True,,2025-10-28T00:00:00
R001956,Student_018,ASM005,Q0056,varies,True,,2025-10-28T00:00:00
R001957,Student_018,ASM005,Q0112,incorrect_conceptual,False,conceptual,2025-10-28T00:00:00
R001958,Student_018,ASM005,Q0027,varies,True,,2025-10-28T00:00:00
R001959,Student_018,ASM005,Q0022,incorrect_simplification,False,simplification,2025-10-28T00:00:00
R001960,Student_018,ASM005,Q0018,varies,True,,2025-10-28T00:00:00
R001961,Student_019,ASM005,Q0026,varies,True,,2025-10-28T00:00:00
R001962,Student_019,ASM005,Q0007,varies,True,,2025-10-28T00:00:00
R001963,Student_019,ASM005,Q0094,varies,True,,2025-10-28T00:00:00
R001964,Student_019,ASM005,Q0121,varies,True,,2025-10-28T00:00:00
R001965,Student_019,ASM005,Q0174,varies,True,,2025-10-28T00:00:00
R001966,Student_019,ASM005,Q0172,varies,True,,2025-10-28T00:00:00
R001967,Student_019,ASM005,Q0120,varies,True,,2025-10-28T00:00:00
R001968,Student_019,ASM005,Q0090,varies,True,,2025-10-28T00:00:00
R001969,Student_019,ASM005,Q0180,varies,True,,2025-10-28T00:00:00
R001970,Student_019,ASM005,Q0004,varies,True,,2025-10-28T00:00:00
R001971,Student_019,ASM005,Q0055,varies,True,,2025-10-28T00:00:00
R001972,Student_019,ASM005,Q0116,varies,True,,2025-10-28T00:00:00
R001973,Student_019,ASM005,Q0029,varies,True,,2025-10-28T00:00:00
R001974,Student_019,ASM005,Q0040,varies,True,,2025-10-28T00:00:00
R001975,Student_019,ASM005,Q0178,varies,True,,2025-10-28T00:00:00
R001976,Student_019,ASM005,Q0056,varies,True,,2025-10-28T00:00:00
R001977,Student_019,ASM005,Q0112,varies,True,,2025-10-28T00:00:00
R001978,Student_019,ASM005,Q0027,varies,True,,2025-10-28T00:00:00
R001979,Student_019,ASM005,Q0022,varies,True,,2025-10-28T00:00:00
R001980,Student_019,ASM005,Q0018,varies,True,,2025-10-28T00:00:00
R001981,Student_020,ASM005,Q0026,varies,True,,2025-10-28T00:00:00
R001982,Student_020,ASM005,Q0007,varies,True,,2025-10-28T00:00:00
R001983,Student_020,ASM005,Q0094,varies,True,,2025-10-28T00:00:00
R001984,Student_020,ASM005,Q0121,varies,True,,2025-10-28T00:00:00
R001985,Student_020,ASM005,Q0174,incorrect_careless,False,careless,2025-10-28T00:00:00
R001986,Student_020,ASM005,Q0172,varies,True,,2025-10-28T00:00:00
R001987,Student_020,ASM005,Q0120,varies,True,,2025-10-28T00:00:00
R001988,Student_020,ASM005,Q0090,varies,True,,2025-10-28T00:00:00
R001989,Student_020,ASM005,Q0180,varies,True,,2025-10-28T00:00:00
R001990,Student_020,ASM005,Q0004,varies,True,,2025-10-28T00:00:00
R001991,Student_020,ASM005,Q0055,varies,True,,2025-10-28T00:00:00
R001992,Student_020,ASM005,Q0116,incorrect_careless,False,careless,2025-10-28T00:00:00
R001993,Student_020,ASM005,Q0029,varies,True,,2025-10-28T00:00:00
R001994,Student_020,ASM005,Q0040,varies,True,,2025-10-28T00:00:00
R001995,Student_020,ASM005,Q0178,varies,True,,2025-10-28T00:00:00
R001996,Student_020,ASM005,Q0056,varies,True,,2025-10-28T00:00:00
R001997,Student_020,ASM005,Q0112,varies,True,,2025-10-28T00:00:00
R001998,Student_020,ASM005,Q0027,varies,True,,2025-10-28T00:00:00
R001999,Student_020,ASM005,Q0022,varies,True,,2025-10-28T00:00:00
R002000,Student_020,ASM005,Q0018,varies,True,,2025-10-28T00:00:00
R002001,Student_001,ASM006,Q0020,varies,True,,2025-11-18T00:00:00
R002002,Student_001,ASM006,Q0144,varies,True,,2025-11-18T00:00:00
R002003,Student_001,ASM006,Q0098,incorrect_formula_selection,False,formula_selection,2025-11-18T00:00:00
R002004,Student_001,ASM006,Q0039,varies,True,,2025-11-18T00:00:00
R002005,Student_001,ASM006,Q0166,varies,True,,2025-11-18T00:00:00
R002006,Student_001,ASM006,Q0062,varies,True,,2025-11-18T00:00:00
R002007,Student_001,ASM006,Q0012,varies,True,,2025-11-18T00:00:00
R002008,Student_001,ASM006,Q0005,varies,True,,2025-11-18T00:00:00
R002009,Student_001,ASM006,Q0085,varies,True,,2025-11-18T00:00:00
R002010,Student_001,ASM006,Q0014,incorrect_denominator_handling,False,denominator_handling,2025-11-18T00:00:00
R002011,Student_001,ASM006,Q0089,varies,True,,2025-11-18T00:00:00
R002012,Student_001,ASM006,Q0093,incorrect_sign_error,False,sign_error,2025-11-18T00:00:00
R002013,Student_001,ASM006,Q0013,varies,True,,2025-11-18T00:00:00
R002014,Student_001,ASM006,Q0060,varies,True,,2025-11-18T00:00:00
R002015,Student_001,ASM006,Q0132,varies,True,,2025-11-18T00:00:00
R002016,Student_001,ASM006,Q0088,varies,True,,2025-11-18T00:00:00
R002017,Student_001,ASM006,Q0109,varies,True,,2025-11-18T00:00:00
R002018,Student_001,ASM006,Q0100,incorrect_formula_selection,False,formula_selection,2025-11-18T00:00:00
R002019,Student_001,ASM006,Q0055,varies,True,,2025-11-18T00:00:00
R002020,Student_001,ASM006,Q0072,varies,True,,2025-11-18T00:00:00
R002021,Student_002,ASM006,Q0020,varies,True,,2025-11-18T00:00:00
R002022,Student_002,ASM006,Q0144,varies,True,,2025-11-18T00:00:00
R002023,Student_002,ASM006,Q0098,varies,True,,2025-11-18T00:00:00
R002024,Student_002,ASM006,Q0039,varies,True,,2025-11-18T00:00:00
R002025,Student_002,ASM006,Q0166,varies,True,,2025-11-18T00:00:00
R002026,Student_002,ASM006,Q0062,varies,True,,2025-11-18T00:00:00
R002027,Student_002,ASM006,Q0012,varies,True,,2025-11-18T00:00:00
R002028,Student_002,ASM006,Q0005,varies,True,,2025-11-18T00:00:00
R002029,Student_002,ASM006,Q0085,varies,True,,2025-11-18T00:00:00
R002030,Student_002,ASM006,Q0014,varies,True,,2025-11-18T00:00:00
R002031,Student_002,ASM006,Q0089,varies,True,,2025-11-18T00:00:00
R002032,Student_002,ASM006,Q0093,varies,True,,2025-11-18T00:00:00
R002033,Student_002,ASM006,Q0013,varies,True,,2025-11-18T00:00:00
R002034,Student_002,ASM006,Q0060,incorrect_decimal_placement,False,decimal_placement,2025-11-18T00:00:00
R002035,Student_002,ASM006,Q0132,varies,True,,2025-11-18T00:00:00
R002036,Student_002,ASM006,Q0088,varies,True,,2025-11-18T00:00:00
R002037,Student_002,ASM006,Q0109,varies,True,,2025-11-18T00:00:00
R002038,Student_002,ASM006,Q0100,varies,True,,2025-11-18T00:00:00
R002039,Student_002,ASM006,Q0055,incorrect_careless,False,careless,2025-11-18T00:00:00
R002040,Student_002,ASM006,Q0072,varies,True,,2025-11-18T00:00:00
R002041,Student_003,ASM006,Q0020,varies,True,,2025-11-18T00:00:00
R002042,Student_003,ASM006,Q0144,varies,True,,2025-11-18T00:00:00
R002043,Student_003,ASM006,Q0098,varies,True,,2025-11-18T00:00:00
R002044,Student_003,ASM006,Q0039,incorrect_arithmetic,False,arithmetic,2025-11-18T00:00:00
R002045,Student_003,ASM006,Q0166,varies,True,,2025-11-18T00:00:00
R002046,Student_003,ASM006,Q0062,varies,True,,2025-11-18T00:00:00
R002047,Student_003,ASM006,Q0012,varies,True,,2025-11-18T00:00:00
R002048,Student_003,ASM006,Q0005,varies,True,,2025-11-18T00:00:00
R002049,Student_003,ASM006,Q0085,varies,True,,2025-11-18T00:00:00
R002050,Student_003,ASM006,Q0014,varies,True,,2025-11-18T00:00:00
R002051,Student_003,ASM006,Q0089,varies,True,,2025-11-18T00:00:00
R002052,Student_003,ASM006,Q0093,varies,True,,2025-11-18T00:00:00
R002053,Student_003,ASM006,Q0013,varies,True,,2025-11-18T00:00:00
R002054,Student_003,ASM006,Q0060,varies,True,,2025-11-18T00:00:00
R002055,Student_003,ASM006,Q0132,incorrect_arithmetic,False,arithmetic,2025-11-18T00:00:00
R002056,Student_003,ASM006,Q0088,varies,True,,2025-11-18T00:00:00
R002057,Student_003,ASM006,Q0109,varies,True,,2025-11-18T00:00:00
R002058,Student_003,ASM006,Q0100,varies,True,,2025-11-18T00:00:00
R002059,Student_003,ASM006,Q0055,incorrect_arithmetic,False,arithmetic,2025-11-18T00:00:00
R002060,Student_003,ASM006,Q0072,varies,True,,2025-11-18T00:00:00
R002061,Student_004,ASM006,Q0020,varies,True,,2025-11-18T00:00:00
R002062,Student_004,ASM006,Q0144,incorrect_arithmetic,False,arithmetic,2025-11-18T00:00:00
R002063,Student_004,ASM006,Q0098,varies,True,,2025-11-18T00:00:00
R002064,Student_004,ASM006,Q0039,varies,True,,2025-11-18T00:00:00
R002065,Student_004,ASM006,Q0166,varies,True,,2025-11-18T00:00:00
R002066,Student_004,ASM006,Q0062,varies,True,,2025-11-18T00:00:00
R002067,Student_004,ASM006,Q0012,varies,True,,2025-11-18T00:00:00
R002068,Student_004,ASM006,Q0005,incorrect_denominator_handling,False,denominator_handling,2025-11-18T00:00:00
R002069,Student_004,ASM006,Q0085,incorrect_conceptual,False,conceptual,2025-11-18T00:00:00
R002070,Student_004,ASM006,Q0014,varies,True,,2025-11-18T00:00:00
R002071,Student_004,ASM006,Q0089,incorrect_conceptual,False,conceptual,2025-11-18T00:00:00
R002072,Student_004,ASM006,Q0093,incorrect_arithmetic,False,arithmetic,2025-11-18T00:00:00
R002073,Student_004,ASM006,Q0013,varies,True,,2025-11-18T00:00:00
R002074,Student_004,ASM006,Q0060,incorrect_careless,False,careless,2025-11-18T00:00:00
R002075,Student_004,ASM006,Q0132,varies,True,,2025-11-18T00:00:00
R002076,Student_004,ASM006,Q0088,incorrect_conceptual,False,conceptual,2025-11-18T00:00:00
R002077,Student_004,ASM006,Q0109,varies,True,,2025-11-18T00:00:00
R002078,Student_004,ASM006,Q0100,varies,True,,2025-11-18T00:00:00
R002079,Student_004,ASM006,Q0055,varies,True,,2025-11-18T00:00:00
R002080,Student_004,ASM006,Q0072,incorrect_decimal_placement,False,decimal_placement,2025-11-18T00:00:00
R002081,Student_005,ASM006,Q0020,varies,True,,2025-11-18T00:00:00
R002082,Student_005,ASM006,Q0144,varies,True,,2025-11-18T00:00:00
R002083,Student_005,ASM006,Q0098,varies,True,,2025-11-18T00:00:00
R002084,Student_005,ASM006,Q0039,varies,True,,2025-11-18T00:00:00
R002085,Student_005,ASM006,Q0166,varies,True,,2025-11-18T00:00:00
R002086,Student_005,ASM006,Q0062,varies,True,,2025-11-18T00:00:00
R002087,Student_005,ASM006,Q0012,varies,True,,2025-11-18T00:00:00
R002088,Student_005,ASM006,Q0005,varies,True,,2025-11-18T00:00:00
R002089,Student_005,ASM006,Q0085,varies,True,,2025-11-18T00:00:00
R002090,Student_005,ASM006,Q0014,varies,True,,2025-11-18T00:00:00
R002091,Student_005,ASM006,Q0089,varies,True,,2025-11-18T00:00:00
R002092,Student_005,ASM006,Q0093,varies,True,,2025-11-18T00:00:00
R002093,Student_005,ASM006,Q0013,varies,True,,2025-11-18T00:00:00
R002094,Student_005,ASM006,Q0060,varies,True,,2025-11-18T00:00:00
R002095,Student_005,ASM006,Q0132,varies,True,,2025-11-18T00:00:00
R002096,Student_005,ASM006,Q0088,varies,True,,2025-11-18T00:00:00
R002097,Student_005,ASM006,Q0109,varies,True,,2025-11-18T00:00:00
R002098,Student_005,ASM006,Q0100,varies,True,,2025-11-18T00:00:00
R002099,Student_005,ASM006,Q0055,varies,True,,2025-11-18T00:00:00
R002100,Student_005,ASM006,Q0072,varies,True,,2025-11-18T00:00:00
R002101,Student_006,ASM006,Q0020,varies,True,,2025-11-18T00:00:00
R002102,Student_006,ASM006,Q0144,varies,True,,2025-11-18T00:00:00
R002103,Student_006,ASM006,Q0098,incorrect_formula_selection,False,formula_selection,2025-11-18T00:00:00
R002104,Student_006,ASM006,Q0039,incorrect_conceptual,False,conceptual,2025-11-18T00:00:00
R002105,Student_006,ASM006,Q0166,varies,True,,2025-11-18T00:00:00
R002106,Student_006,ASM006,Q0062,varies,True,,2025-11-18T00:00:00
R002107,Student_006,ASM006,Q0012,varies,True,,2025-11-18T00:00:00
R002108,Student_006,ASM006,Q0005,incorrect_denominator_handling,False,denominator_handling,2025-11-18T00:00:00
R002109,Student_006,ASM006,Q0085,varies,True,,2025-11-18T00:00:00
R002110,Student_006,ASM006,Q0014,incorrect_simplification,False,simplification,2025-11-18T00:00:00
R002111,Student_006,ASM006,Q0089,varies,True,,2025-11-18T00:00:00
R002112,Student_006,ASM006,Q0093,varies,True,,2025-11-18T00:00:00
R002113,Student_006,ASM006,Q0013,incorrect_denominator_handling,False,denominator_handling,2025-11-18T00:00:00
R002114,Student_006,ASM006,Q0060,varies,True,,2025-11-18T00:00:00
R002115,Student_006,ASM006,Q0132,incorrect_area_perimeter_confusion,False,area_perimeter_confusion,2025-11-18T00:00:00
R002116,Student_006,ASM006,Q0088,varies,True,,2025-11-18T00:00:00
R002117,Student_006,ASM006,Q0109,incorrect_arithmetic,False,arithmetic,2025-11-18T00:00:00
R002118,Student_006,ASM006,Q0100,incorrect_sign_error,False,sign_error,2025-11-18T00:00:00
R002119,Student_006,ASM006,Q0055,varies,True,,2025-11-18T00:00:00
R002120,Student_006,ASM006,Q0072,varies,True,,2025-11-18T00:00:00
R002121,Student_007,ASM006,Q0020,varies,True,,2025-11-18T00:00:00
R002122,Student_007,ASM006,Q0144,varies,True,,2025-11-18T00:00:00
R002123,Student_007,ASM006,Q0098,incorrect_sign_error,False,sign_error,2025-11-18T00:00:00
R002124,Student_007,ASM006,Q0039,varies,True,,2025-11-18T00:00:00
R002125,Student_007,ASM006,Q0166,varies,True,,2025-11-18T00:00:00
R002126,Student_007,ASM006,Q0062,varies,True,,2025-11-18T00:00:00
R002127,Student_007,ASM006,Q0012,varies,True,,2025-11-18T00:00:00
R002128,Student_007,ASM006,Q0005,varies,True,,2025-11-18T00:00:00
R002129,Student_007,ASM006,Q0085,varies,True,,2025-11-18T00:00:00
R002130,Student_007,ASM006,Q0014,incorrect_denominator_handling,False,denominator_handling,2025-11-18T00:00:00
R002131,Student_007,ASM006,Q0089,varies,True,,2025-11-18T00:00:00
R002132,Student_007,ASM006,Q0093,incorrect_formula_selection,False,formula_selection,2025-11-18T00:00:00
R002133,Student_007,ASM006,Q0013,varies,True,,2025-11-18T00:00:00
R002134,Student_007,ASM006,Q0060,varies,True,,2025-11-18T00:00:00
R002135,Student_007,ASM006,Q0132,varies,True,,2025-11-18T00:00:00
R002136,Student_007,ASM006,Q0088,varies,True,,2025-11-18T00:00:00
R002137,Student_007,ASM006,Q0109,varies,True,,2025-11-18T00:00:00
R002138,Student_007,ASM006,Q0100,incorrect_formula_selection,False,formula_selection,2025-11-18T00:00:00
R002139,Student_007,ASM006,Q0055,varies,True,,2025-11-18T00:00:00
R002140,Student_007,ASM006,Q0072,varies,True,,2025-11-18T00:00:00
R002141,Student_008,ASM006,Q0020,incorrect_arithmetic,False,arithmetic,2025-11-18T00:00:00
R002142,Student_008,ASM006,Q0144,varies,True,,2025-11-18T00:00:00
R002143,Student_008,ASM006,Q0098,incorrect_sign_error,False,sign_error,2025-11-18T00:00:00
R002144,Student_008,ASM006,Q0039,varies,True,,2025-11-18T00:00:00
R002145,Student_008,ASM006,Q0166,varies,True,,2025-11-18T00:00:00
R002146,Student_008,ASM006,Q0062,varies,True,,2025-11-18T00:00:00
R002147,Student_008,ASM006,Q0012,varies,True,,2025-11-18T00:00:00
R002148,Student_008,ASM006,Q0005,incorrect_denominator_handling,False,denominator_handling,2025-11-18T00:00:00
R002149,Student_008,ASM006,Q0085,varies,True,,2025-11-18T00:00:00
R002150,Student_008,ASM006,Q0014,incorrect_denominator_handling,False,denominator_handling,2025-11-18T00:00:00
R002151,Student_008,ASM006,Q0089,varies,True,,2025-11-18T00:00:00
R002152,Student_008,ASM006,Q0093,varies,True,,2025-11-18T00:00:00
R002153,Student_008,ASM006,Q0013,varies,True,,2025-11-18T00:00:00
R002154,Student_008,ASM006,Q0060,incorrect_arithmetic,False,arithmetic,2025-11-18T00:00:00
R002155,Student_008,ASM006,Q0132,varies,True,,2025-11-18T00:00:00
R002156,Student_008,ASM006,Q0088,varies,True,,2025-11-18T00:00:00
R002157,Student_008,ASM006,Q0109,varies,True,,2025-11-18T00:00:00
R002158,Student_008,ASM006,Q0100,varies,True,,2025-11-18T00:00:00
R002159,Student_008,ASM006,Q0055,varies,True,,2025-11-18T00:00:00
R002160,Student_008,ASM006,Q0072,varies,True,,2025-11-18T00:00:00
R002161,Student_009,ASM006,Q0020,varies,True,,2025-11-18T00:00:00
R002162,Student_009,ASM006,Q0144,varies,True,,2025-11-18T00:00:00
R002163,Student_009,ASM006,Q0098,varies,True,,2025-11-18T00:00:00
R002164,Student_009,ASM006,Q0039,varies,True,,2025-11-18T00:00:00
R002165,Student_009,ASM006,Q0166,varies,True,,2025-11-18T00:00:00
R002166,Student_009,ASM006,Q0062,varies,True,,2025-11-18T00:00:00
R002167,Student_009,ASM006,Q0012,varies,True,,2025-11-18T00:00:00
R002168,Student_009,ASM006,Q0005,varies,True,,2025-11-18T00:00:00
R002169,Student_009,ASM006,Q0085,varies,True,,2025-11-18T00:00:00
R002170,Student_009,ASM006,Q0014,varies,True,,2025-11-18T00:00:00
R002171,Student_009,ASM006,Q0089,varies,True,,2025-11-18T00:00:00
R002172,Student_009,ASM006,Q0093,incorrect_conceptual,False,conceptual,2025-11-18T00:00:00
R002173,Student_009,ASM006,Q0013,varies,True,,2025-11-18T00:00:00
R002174,Student_009,ASM006,Q0060,varies,True,,2025-11-18T00:00:00
R002175,Student_009,ASM006,Q0132,varies,True,,2025-11-18T00:00:00
R002176,Student_009,ASM006,Q0088,incorrect_conceptual,False,conceptual,2025-11-18T00:00:00
R002177,Student_009,ASM006,Q0109,varies,True,,2025-11-18T00:00:00
R002178,Student_009,ASM006,Q0100,incorrect_sign_error,False,sign_error,2025-11-18T00:00:00
R002179,Student_009,ASM006,Q0055,varies,True,,2025-11-18T00:00:00
R002180,Student_009,ASM006,Q0072,varies,True,,2025-11-18T00:00:00
R002181,Student_010,ASM006,Q0020,varies,True,,2025-11-18T00:00:00
R002182,Student_010,ASM006,Q0144,varies,True,,2025-11-18T00:00:00
R002183,Student_010,ASM006,Q0098,varies,True,,2025-11-18T00:00:00
R002184,Student_010,ASM006,Q0039,incorrect_arithmetic,False,arithmetic,2025-11-18T00:00:00
R002185,Student_010,ASM006,Q0166,varies,True,,2025-11-18T00:00:00
R002186,Student_010,ASM006,Q0062,incorrect_arithmetic,False,arithmetic,2025-11-18T00:00:00
R002187,Student_010,ASM006,Q0012,varies,True,,2025-11-18T00:00:00
R002188,Student_010,ASM006,Q0005,varies,True,,2025-11-18T00:00:00
R002189,Student_010,ASM006,Q0085,varies,True,,2025-11-18T00:00:00
R002190,Student_010,ASM006,Q0014,varies,True,,2025-11-18T00:00:00
R002191,Student_010,ASM006,Q0089,varies,True,,2025-11-18T00:00:00
R002192,Student_010,ASM006,Q0093,incorrect_conceptual,False,conceptual,2025-11-18T00:00:00
R002193,Student_010,ASM006,Q0013,varies,True,,2025-11-18T00:00:00
R002194,Student_010,ASM006,Q0060,varies,True,,2025-11-18T00:00:00
R002195,Student_010,ASM006,Q0132,incorrect_area_perimeter_confusion,False,area_perimeter_confusion,2025-11-18T00:00:00
R002196,Student_010,ASM006,Q0088,incorrect_conceptual,False,conceptual,2025-11-18T00:00:00
R002197,Student_010,ASM006,Q0109,varies,True,,2025-11-18T00:00:00
R002198,Student_010,ASM006,Q0100,incorrect_sign_error,False,sign_error,2025-11-18T00:00:00
R002199,Student_010,ASM006,Q0055,varies,True,,2025-11-18T00:00:00
R002200,Student_010,ASM006,Q0072,incorrect_decimal_placement,False,decimal_placement,2025-11-18T00:00:00
R002201,Student_011,ASM006,Q0020,varies,True,,2025-11-18T00:00:00
R002202,Student_011,ASM006,Q0144,varies,True,,2025-11-18T00:00:00
R002203,Student_011,ASM006,Q0098,varies,True,,2025-11-18T00:00:00
R002204,Student_011,ASM006,Q0039,incorrect_conceptual,False,conceptual,2025-11-18T00:00:00
R002205,Student_011,ASM006,Q0166,varies,True,,2025-11-18T00:00:00
R002206,Student_011,ASM006,Q0062,varies,True,,2025-11-18T00:00:00
R002207,Student_011,ASM006,Q0012,varies,True,,2025-11-18T00:00:00
R002208,Student_011,ASM006,Q0005,varies,True,,2025-11-18T00:00:00
R002209,Student_011,ASM006,Q0085,varies,True,,2025-11-18T00:00:00
R002210,Student_011,ASM006,Q0014,varies,True,,2025-11-18T00:00:00
R002211,Student_011,ASM006,Q0089,varies,True,,2025-11-18T00:00:00
R002212,Student_011,ASM006,Q0093,varies,True,,2025-11-18T00:00:00
R002213,Student_011,ASM006,Q0013,varies,True,,2025-11-18T00:00:00
R002214,Student_011,ASM006,Q0060,varies,True,,2025-11-18T00:00:00
R002215,Student_011,ASM006,Q0132,varies,True,,2025-11-18T00:00:00
R002216,Student_011,ASM006,Q0088,varies,True,,2025-11-18T00:00:00
R002217,Student_011,ASM006,Q0109,varies,True,,2025-11-18T00:00:00
R002218,Student_011,ASM006,Q0100,varies,True,,2025-11-18T00:00:00
R002219,Student_011,ASM006,Q0055,varies,True,,2025-11-18T00:00:00
R002220,Student_011,ASM006,Q0072,varies,True,,2025-11-18T00:00:00
R002221,Student_012,ASM006,Q0020,varies,True,,2025-11-18T00:00:00
R002222,Student_012,ASM006,Q0144,varies,True,,2025-11-18T00:00:00
R002223,Student_012,ASM006,Q0098,incorrect_sign_error,False,sign_error,2025-11-18T00:00:00
R002224,Student_012,ASM006,Q0039,incorrect_simplification,False,simplification,2025-11-18T00:00:00
R002225,Student_012,ASM006,Q0166,varies,True,,2025-11-18T00:00:00
R002226,Student_012,ASM006,Q0062,varies,True,,2025-11-18T00:00:00
R002227,Student_012,ASM006,Q0012,varies,True,,2025-11-18T00:00:00
R002228,Student_012,ASM006,Q0005,incorrect_denominator_handling,False,denominator_handling,2025-11-18T00:00:00
R002229,Student_012,ASM006,Q0085,varies,True,,2025-11-18T00:00:00
R002230,Student_012,ASM006,Q0014,incorrect_denominator_handling,False,denominator_handling,2025-11-18T00:00:00
R002231,Student_012,ASM006,Q0089,varies,True,,2025-11-18T00:00:00
R002232,Student_012,ASM006,Q0093,varies,True,,2025-11-18T00:00:00
R002233,Student_012,ASM006,Q0013,incorrect_denominator_handling,False,denominator_handling,2025-11-18T00:00:00
R002234,Student_012,ASM006,Q0060,incorrect_arithmetic,False,arithmetic,2025-11-18T00:00:00
R002235,Student_012,ASM006,Q0132,varies,True,,2025-11-18T00:00:00
R002236,Student_012,ASM006,Q0088,varies,True,,2025-11-18T00:00:00
R002237,Student_012,ASM006,Q0109,varies,True,,2025-11-18T00:00:00
R002238,Student_012,ASM006,Q0100,varies,True,,2025-11-18T00:00:00
R002239,Student_012,ASM006,Q0055,incorrect_decimal_placement,False,decimal_placement,2025-11-18T00:00:00
R002240,Student_012,ASM006,Q0072,varies,True,,2025-11-18T00:00:00
R002241,Student_013,ASM006,Q0020,varies,True,,2025-11-18T00:00:00
R002242,Student_013,ASM006,Q0144,varies,True,,2025-11-18T00:00:00
R002243,Student_013,ASM006,Q0098,varies,True,,2025-11-18T00:00:00
R002244,Student_013,ASM006,Q0039,varies,True,,2025-11-18T00:00:00
R002245,Student_013,ASM006,Q0166,varies,True,,2025-11-18T00:00:00
R002246,Student_013,ASM006,Q0062,varies,True,,2025-11-18T00:00:00
R002247,Student_013,ASM006,Q0012,varies,True,,2025-11-18T00:00:00
R002248,Student_013,ASM006,Q0005,varies,True,,2025-11-18T00:00:00
R002249,Student_013,ASM006,Q0085,incorrect_sign_error,False,sign_error,2025-11-18T00:00:00
R002250,Student_013,ASM006,Q0014,varies,True,,2025-11-18T00:00:00
R002251,Student_013,ASM006,Q0089,incorrect_sign_error,False,sign_error,2025-11-18T00:00:00
R002252,Student_013,ASM006,Q0093,varies,True,,2025-11-18T00:00:00
R002253,Student_013,ASM006,Q0013,varies,True,,2025-11-18T00:00:00
R002254,Student_013,ASM006,Q0060,varies,True,,2025-11-18T00:00:00
R002255,Student_013,ASM006,Q0132,varies,True,,2025-11-18T00:00:00
R002256,Student_013,ASM006,Q0088,incorrect_sign_error,False,sign_error,2025-11-18T00:00:00
R002257,Student_013,ASM006,Q0109,varies,True,,2025-11-18T00:00:00
R002258,Student_013,ASM006,Q0100,varies,True,,2025-11-18T00:00:00
R002259,Student_013,ASM006,Q0055,varies,True,,2025-11-18T00:00:00
R002260,Student_013,ASM006,Q0072,varies,True,,2025-11-18T00:00:00
R002261,Student_014,ASM006,Q0020,varies,True,,2025-11-18T00:00:00
R002262,Student_014,ASM006,Q0144,varies,True,,2025-11-18T00:00:00
R002263,Student_014,ASM006,Q0098,varies,True,,2025-11-18T00:00:00
R002264,Student_014,ASM006,Q0039,varies,True,,2025-11-18T00:00:00
R002265,Student_014,ASM006,Q0166,varies,True,,2025-11-18T00:00:00
R002266,Student_014,ASM006,Q0062,incorrect_arithmetic,False,arithmetic,2025-11-18T00:00:00
R002267,Student_014,ASM006,Q0012,varies,True,,2025-11-18T00:00:00
R002268,Student_014,ASM006,Q0005,incorrect_simplification,False,simplification,2025-11-18T00:00:00
R002269,Student_014,ASM006,Q0085,varies,True,,2025-11-18T00:00:00
R002270,Student_014,ASM006,Q0014,varies,True,,2025-11-18T00:00:00
R002271,Student_014,ASM006,Q0089,varies,True,,2025-11-18T00:00:00
R002272,Student_014,ASM006,Q0093,varies,True,,2025-11-18T00:00:00
R002273,Student_014,ASM006,Q0013,varies,True,,2025-11-18T00:00:00
R002274,Student_014,ASM006,Q0060,varies,True,,2025-11-18T00:00:00
R002275,Student_014,ASM006,Q0132,incorrect_area_perimeter_confusion,False,area_perimeter_confusion,2025-11-18T00:00:00
R002276,Student_014,ASM006,Q0088,varies,True,,2025-11-18T00:00:00
R002277,Student_014,ASM006,Q0109,varies,True,,2025-11-18T00:00:00
R002278,Student_014,ASM006,Q0100,varies,True,,2025-11-18T00:00:00
R002279,Student_014,ASM006,Q0055,varies,True,,2025-11-18T00:00:00
R002280,Student_014,ASM006,Q0072,incorrect_arithmetic,False,arithmetic,2025-11-18T00:00:00
R002281,Student_015,ASM006,Q0020,varies,True,,2025-11-18T00:00:00
R002282,Student_015,ASM006,Q0144,varies,True,,2025-11-18T00:00:00
R002283,Student_015,ASM006,Q0098,incorrect_sign_error,False,sign_error,2025-11-18T00:00:00
R002284,Student_015,ASM006,Q0039,varies,True,,2025-11-18T00:00:00
R002285,Student_015,ASM006,Q0166,varies,True,,2025-11-18T00:00:00
R002286,Student_015,ASM006,Q0062,varies,True,,2025-11-18T00:00:00
R002287,Student_015,ASM006,Q0012,varies,True,,2025-11-18T00:00:00
R002288,Student_015,ASM006,Q0005,varies,True,,2025-11-18T00:00:00
R002289,Student_015,ASM006,Q0085,varies,True,,2025-11-18T00:00:00
R002290,Student_015,ASM006,Q0014,varies,True,,2025-11-18T00:00:00
R002291,Student_015,ASM006,Q0089,varies,True,,2025-11-18T00:00:00
R002292,Student_015,ASM006,Q0093,incorrect_conceptual,False,conceptual,2025-11-18T00:00:00
R002293,Student_015,ASM006,Q0013,incorrect_simplification,False,simplification,2025-11-18T00:00:00
R002294,Student_015,ASM006,Q0060,varies,True,,2025-11-18T00:00:00
R002295,Student_015,ASM006,Q0132,varies,True,,2025-11-18T00:00:00
R002296,Student_015,ASM006,Q0088,varies,True,,2025-11-18T00:00:00
R002297,Student_015,ASM006,Q0109,varies,True,,2025-11-18T00:00:00
R002298,Student_015,ASM006,Q0100,varies,True,,2025-11-18T00:00:00
R002299,Student_015,ASM006,Q0055,varies,True,,2025-11-18T00:00:00
R002300,Student_015,ASM006,Q0072,incorrect_arithmetic,False,arithmetic,2025-11-18T00:00:00
R002301,Student_016,ASM006,Q0020,varies,True,,2025-11-18T00:00:00
R002302,Student_016,ASM006,Q0144,incorrect_arithmetic,False,arithmetic,2025-11-18T00:00:00
R002303,Student_016,ASM006,Q0098,varies,True,,2025-11-18T00:00:00
R002304,Student_016,ASM006,Q0039,varies,True,,2025-11-18T00:00:00
R002305,Student_016,ASM006,Q0166,varies,True,,2025-11-18T00:00:00
R002306,Student_016,ASM006,Q0062,incorrect_arithmetic,False,arithmetic,2025-11-18T00:00:00
R002307,Student_016,ASM006,Q0012,incorrect_denominator_handling,False,denominator_handling,2025-11-18T00:00:00
R002308,Student_016,ASM006,Q0005,incorrect_simplification,False,simplification,2025-11-18T00:00:00
R002309,Student_016,ASM006,Q0085,incorrect_conceptual,False,conceptual,2025-11-18T00:00:00
R002310,Student_016,ASM006,Q0014,varies,True,,2025-11-18T00:00:00
R002311,Student_016,ASM006,Q0089,incorrect_formula_selection,False,formula_selection,2025-11-18T00:00:00
R002312,Student_016,ASM006,Q0093,incorrect_conceptual,False,conceptual,2025-11-18T00:00:00
R002313,Student_016,ASM006,Q0013,incorrect_simplification,False,simplification,2025-11-18T00:00:00
R002314,Student_016,ASM006,Q0060,varies,True,,2025-11-18T00:00:00
R002315,Student_016,ASM006,Q0132,incorrect_arithmetic,False,arithmetic,2025-11-18T00:00:00
R002316,Student_016,ASM006,Q0088,varies,True,,2025-11-18T00:00:00
R002317,Student_016,ASM006,Q0109,varies,True,,2025-11-18T00:00:00
R002318,Student_016,ASM006,Q0100,varies,True,,2025-11-18T00:00:00
R002319,Student_016,ASM006,Q0055,varies,True,,2025-11-18T00:00:00
R002320,Student_016,ASM006,Q0072,varies,True,,2025-11-18T00:00:00
R002321,Student_017,ASM006,Q0020,varies,True,,2025-11-18T00:00:00
R002322,Student_017,ASM006,Q0144,varies,True,,2025-11-18T00:00:00
R002323,Student_017,ASM006,Q0098,varies,True,,2025-11-18T00:00:00
R002324,Student_017,ASM006,Q0039,varies,True,,2025-11-18T00:00:00
R002325,Student_017,ASM006,Q0166,varies,True,,2025-11-18T00:00:00
R002326,Student_017,ASM006,Q0062,varies,True,,2025-11-18T00:00:00
R002327,Student_017,ASM006,Q0012,varies,True,,2025-11-18T00:00:00
R002328,Student_017,ASM006,Q0005,varies,True,,2025-11-18T00:00:00
R002329,Student_017,ASM006,Q0085,varies,True,,2025-11-18T00:00:00
R002330,Student_017,ASM006,Q0014,varies,True,,2025-11-18T00:00:00
R002331,Student_017,ASM006,Q0089,varies,True,,2025-11-18T00:00:00
R002332,Student_017,ASM006,Q0093,varies,True,,2025-11-18T00:00:00
R002333,Student_017,ASM006,Q0013,varies,True,,2025-11-18T00:00:00
R002334,Student_017,ASM006,Q0060,varies,True,,2025-11-18T00:00:00
R002335,Student_017,ASM006,Q0132,varies,True,,2025-11-18T00:00:00
R002336,Student_017,ASM006,Q0088,varies,True,,2025-11-18T00:00:00
R002337,Student_017,ASM006,Q0109,varies,True,,2025-11-18T00:00:00
R002338,Student_017,ASM006,Q0100,varies,True,,2025-11-18T00:00:00
R002339,Student_017,ASM006,Q0055,varies,True,,2025-11-18T00:00:00
R002340,Student_017,ASM006,Q0072,varies,True,,2025-11-18T00:00:00
R002341,Student_018,ASM006,Q0020,varies,True,,2025-11-18T00:00:00
R002342,Student_018,ASM006,Q0144,varies,True,,2025-11-18T00:00:00
R002343,Student_018,ASM006,Q0098,varies,True,,2025-11-18T00:00:00
R002344,Student_018,ASM006,Q0039,varies,True,,2025-11-18T00:00:00
R002345,Student_018,ASM006,Q0166,varies,True,,2025-11-18T00:00:00
R002346,Student_018,ASM006,Q0062,varies,True,,2025-11-18T00:00:00
R002347,Student_018,ASM006,Q0012,incorrect_denominator_handling,False,denominator_handling,2025-11-18T00:00:00
R002348,Student_018,ASM006,Q0005,incorrect_denominator_handling,False,denominator_handling,2025-11-18T00:00:00
R002349,Student_018,ASM006,Q0085,varies,True,,2025-11-18T00:00:00
R002350,Student_018,ASM006,Q0014,varies,True,,2025-11-18T00:00:00
R002351,Student_018,ASM006,Q0089,varies,True,,2025-11-18T00:00:00
R002352,Student_018,ASM006,Q0093,varies,True,,2025-11-18T00:00:00
R002353,Student_018,ASM006,Q0013,incorrect_denominator_handling,False,denominator_handling,2025-11-18T00:00:00
R002354,Student_018,ASM006,Q0060,varies,True,,2025-11-18T00:00:00
R002355,Student_018,ASM006,Q0132,varies,True,,2025-11-18T00:00:00
R002356,Student_018,ASM006,Q0088,varies,True,,2025-11-18T00:00:00
R002357,Student_018,ASM006,Q0109,varies,True,,2025-11-18T00:00:00
R002358,Student_018,ASM006,Q0100,varies,True,,2025-11-18T00:00:00
R002359,Student_018,ASM006,Q0055,incorrect_arithmetic,False,arithmetic,2025-11-18T00:00:00
R002360,Student_018,ASM006,Q0072,varies,True,,2025-11-18T00:00:00
R002361,Student_019,ASM006,Q0020,varies,True,,2025-11-18T00:00:00
R002362,Student_019,ASM006,Q0144,varies,True,,2025-11-18T00:00:00
R002363,Student_019,ASM006,Q0098,varies,True,,2025-11-18T00:00:00
R002364,Student_019,ASM006,Q0039,varies,True,,2025-11-18T00:00:00
R002365,Student_019,ASM006,Q0166,varies,True,,2025-11-18T00:00:00
R002366,Student_019,ASM006,Q0062,varies,True,,2025-11-18T00:00:00
R002367,Student_019,ASM006,Q0012,varies,True,,2025-11-18T00:00:00
R002368,Student_019,ASM006,Q0005,varies,True,,2025-11-18T00:00:00
R002369,Student_019,ASM006,Q0085,varies,True,,2025-11-18T00:00:00
R002370,Student_019,ASM006,Q0014,varies,True,,2025-11-18T00:00:00
R002371,Student_019,ASM006,Q0089,incorrect_arithmetic,False,arithmetic,2025-11-18T00:00:00
R002372,Student_019,ASM006,Q0093,varies,True,,2025-11-18T00:00:00
R002373,Student_019,ASM006,Q0013,varies,True,,2025-11-18T00:00:00
R002374,Student_019,ASM006,Q0060,varies,True,,2025-11-18T00:00:00
R002375,Student_019,ASM006,Q0132,varies,True,,2025-11-18T00:00:00
R002376,Student_019,ASM006,Q0088,varies,True,,2025-11-18T00:00:00
R002377,Student_019,ASM006,Q0109,varies,True,,2025-11-18T00:00:00
R002378,Student_019,ASM006,Q0100,incorrect_sign_error,False,sign_error,2025-11-18T00:00:00
R002379,Student_019,ASM006,Q0055,varies,True,,2025-11-18T00:00:00
R002380,Student_019,ASM006,Q0072,varies,True,,2025-11-18T00:00:00
R002381,Student_020,ASM006,Q0020,varies,True,,2025-11-18T00:00:00
R002382,Student_020,ASM006,Q0144,incorrect_conceptual,False,conceptual,2025-11-18T00:00:00
R002383,Student_020,ASM006,Q0098,varies,True,,2025-11-18T00:00:00
R002384,Student_020,ASM006,Q0039,incorrect_conceptual,False,conceptual,2025-11-18T00:00:00
R002385,Student_020,ASM006,Q0166,varies,True,,2025-11-18T00:00:00
R002386,Student_020,ASM006,Q0062,incorrect_arithmetic,False,arithmetic,2025-11-18T00:00:00
R002387,Student_020,ASM006,Q0012,varies,True,,2025-11-18T00:00:00
R002388,Student_020,ASM006,Q0005,varies,True,,2025-11-18T00:00:00
R002389,Student_020,ASM006,Q0085,varies,True,,2025-11-18T00:00:00
R002390,Student_020,ASM006,Q0014,varies,True,,2025-11-18T00:00:00
R002391,Student_020,ASM006,Q0089,varies,True,,2025-11-18T00:00:00
R002392,Student_020,ASM006,Q0093,varies,True,,2025-11-18T00:00:00
R002393,Student_020,ASM006,Q0013,varies,True,,2025-11-18T00:00:00
R002394,Student_020,ASM006,Q0060,varies,True,,2025-11-18T00:00:00
R002395,Student_020,ASM006,Q0132,varies,True,,2025-11-18T00:00:00
R002396,Student_020,ASM006,Q0088,varies,True,,2025-11-18T00:00:00
R002397,Student_020,ASM006,Q0109,varies,True,,2025-11-18T00:00:00
R002398,Student_020,ASM006,Q0100,incorrect_arithmetic,False,arithmetic,2025-11-18T00:00:00
R002399,Student_020,ASM006,Q0055,varies,True,,2025-11-18T00:00:00
R002400,Student_020,ASM006,Q0072,varies,True,,2025-11-18T00:00:00
